ID,dataset,source_file,source_version,data_row,spreadsheet_row,bridge_group,fragility_notation,notes_raw,reference_raw,source_token,thesis_class,correction
CRCB.E1.S2.C1.D.AbAct.BoxGirder.Circ.M17,component,Sa_1_Fragility Database.csv,"PRJ-5910 v1, 2025-04-29",56,58,E1-S2-C1-D,AbAct,"Box-girder,  circular column",Mangalathu (2017),M17,S-E1-S22-C-D,
CRCB.E1.S2.C1.D.AbAct.BoxGirder.Rect.M17,component,Sa_1_Fragility Database.csv,"PRJ-5910 v1, 2025-04-29",57,59,E1-S2-C1-D,AbAct,"Box-girder,  rectangular column",Mangalathu (2017),M17,S-E1-S22-R-D,
CRCB.E1.S2.C1.D.AbPass.BoxGirder.Circ.M17,component,Sa_1_Fragility Database.csv,"PRJ-5910 v1, 2025-04-29",54,56,E1-S2-C1-D,AbPass,"Box-girder,  circular column",Mangalathu (2017),M17,S-E1-S22-C-D,
CRCB.E1.S2.C1.D.AbPass.BoxGirder.Rect.M17,component,Sa_1_Fragility Database.csv,"PRJ-5910 v1, 2025-04-29",55,57,E1-S2-C1-D,AbPass,"Box-girder,  rectangular column",Mangalathu (2017),M17,S-E1-S22-R-D,
CRCB.E1.S2.C1.D.AbTran.BoxGirder.Circ.M17,component,Sa_1_Fragility Database.csv,"PRJ-5910 v1, 2025-04-29",52,54,E1-S2-C1-D,AbTran,"Box-girder,  circular column",Mangalathu (2017),M17,S-E1-S22-C-D,
CRCB.E1.S2.C1.D.AbTran.BoxGirder.Rect.M17,component,Sa_1_Fragility Database.csv,"PRJ-5910 v1, 2025-04-29",53,55,E1-S2-C1-D,AbTran,"Box-girder,  rectangular column",Mangalathu (2017),M17,S-E1-S22-R-D,
CRCB.E1.S2.C1.D.Approach.Cant.Slope10.SXR22,component,Sa_1_Fragility Database.csv,"PRJ-5910 v1, 2025-04-29",62,64,E1-S2-C1-D,Approach,Cantilever abutment on spread footing with approach slab (length 10 ft) damage through slope offset,Shao et al. (2022),SXR22,,
CRCB.E1.S2.C1.D.Approach.Cant.Step.SXR22,component,Sa_1_Fragility Database.csv,"PRJ-5910 v1, 2025-04-29",59,61,E1-S2-C1-D,Approach,Cantilever abutment on spread footing with approach slab damage through step offset,Shao et al. (2022),SXR22,,
CRCB.E1.S2.C1.D.Approach.Pile.Slope10.SXR22,component,Sa_1_Fragility Database.csv,"PRJ-5910 v1, 2025-04-29",63,65,E1-S2-C1-D,Approach,Abutment on piles with approach slab (length 10 ft) damage through slope offset,Shao et al. (2022),SXR22,,dispersion
CRCB.E1.S2.C1.D.Approach.Pile.Step.SXR22,component,Sa_1_Fragility Database.csv,"PRJ-5910 v1, 2025-04-29",60,62,E1-S2-C1-D,Approach,Abutment on piles with approach slab damage through step offset,Shao et al. (2022),SXR22,,
CRCB.E1.S2.C1.D.Approach.Reg.Slope10.SXR22,component,Sa_1_Fragility Database.csv,"PRJ-5910 v1, 2025-04-29",61,63,E1-S2-C1-D,Approach,Regular-height abutment on spread footing with approach slab (length 10 ft) damage through slope offset,Shao et al. (2022),SXR22,,
CRCB.E1.S2.C1.D.Approach.Reg.Step.SXR22,component,Sa_1_Fragility Database.csv,"PRJ-5910 v1, 2025-04-29",58,60,E1-S2-C1-D,Approach,Regular-height abutment on spread footing with approach slab damage through step offset,Shao et al. (2022),SXR22,,
CRCB.E1.S2.C1.D.Column.BoxGirder.Circ.M17,component,Sa_1_Fragility Database.csv,"PRJ-5910 v1, 2025-04-29",44,46,E1-S2-C1-D,Column,"Box-girder,  circular column",Mangalathu (2017),M17,S-E1-S22-C-D,
CRCB.E1.S2.C1.D.Column.BoxGirder.Rect.M17,component,Sa_1_Fragility Database.csv,"PRJ-5910 v1, 2025-04-29",45,47,E1-S2-C1-D,Column,"Box-girder,  rectangular column",Mangalathu (2017),M17,S-E1-S22-R-D,
CRCB.E1.S2.C1.D.DeckMax.BoxGirder.Circ.M17,component,Sa_1_Fragility Database.csv,"PRJ-5910 v1, 2025-04-29",50,52,E1-S2-C1-D,DeckMax,"Box-girder,  circular column",Mangalathu (2017),M17,S-E1-S22-C-D,
CRCB.E1.S2.C1.D.DeckMax.BoxGirder.Rect.M17,component,Sa_1_Fragility Database.csv,"PRJ-5910 v1, 2025-04-29",51,53,E1-S2-C1-D,DeckMax,"Box-girder,  rectangular column",Mangalathu (2017),M17,S-E1-S22-R-D,
CRCB.E1.S2.C1.D.FndTran.BoxGirder.Circ.M17,component,Sa_1_Fragility Database.csv,"PRJ-5910 v1, 2025-04-29",46,48,E1-S2-C1-D,FndTran,"Box-girder,  circular column",Mangalathu (2017),M17,S-E1-S22-C-D,
CRCB.E1.S2.C1.D.FndTran.BoxGirder.Rect.M17,component,Sa_1_Fragility Database.csv,"PRJ-5910 v1, 2025-04-29",47,49,E1-S2-C1-D,FndTran,"Box-girder,  rectangular column",Mangalathu (2017),M17,S-E1-S22-R-D,
CRCB.E1.S2.C1.D.System.BoxGirder.Circ.M17,portfolio,Sa_1_Fragility Database.csv,"PRJ-5910 v1, 2025-04-29",64,66,E1-S2-C1-D,System,"Box-girder,  circular column",Mangalathu (2017),M17,S-E1-S22-C-D,
CRCB.E1.S2.C1.D.System.BoxGirder.Circ.SMD17,portfolio,Sa_1_Fragility Database.csv,"PRJ-5910 v1, 2025-04-29",66,68,E1-S2-C1-D,System,"Box-girder,  circular column",Soleimani et al. (2017),SMD17,,
CRCB.E1.S2.C1.D.System.BoxGirder.Flr1T.SMD17,portfolio,Sa_1_Fragility Database.csv,"PRJ-5910 v1, 2025-04-29",69,71,E1-S2-C1-D,System,"Box-girder,  one-way flared column along the transverse direction ",Soleimani et al. (2017),SMD17,,
CRCB.E1.S2.C1.D.System.BoxGirder.Obl.SMD17,portfolio,Sa_1_Fragility Database.csv,"PRJ-5910 v1, 2025-04-29",68,70,E1-S2-C1-D,System,"Box-girder,  oblong column ",Soleimani et al. (2017),SMD17,,
CRCB.E1.S2.C1.D.System.BoxGirder.Rect.M17,portfolio,Sa_1_Fragility Database.csv,"PRJ-5910 v1, 2025-04-29",65,67,E1-S2-C1-D,System,"Box-girder,  rectangular column",Mangalathu (2017),M17,S-E1-S22-R-D,
CRCB.E1.S2.C1.D.System.BoxGirder.Rect.SMD17,portfolio,Sa_1_Fragility Database.csv,"PRJ-5910 v1, 2025-04-29",67,69,E1-S2-C1-D,System,"Box-girder,  rectangular column",Soleimani et al. (2017),SMD17,,
CRCB.E1.S2.C1.S.AbAct.BoxGirder.Circ.M17,component,Sa_1_Fragility Database.csv,"PRJ-5910 v1, 2025-04-29",443,445,E1-S2-C1-S,AbAct,"Box-girder,  circular column",Mangalathu (2017),M17,S-E1-S22-C-S,
CRCB.E1.S2.C1.S.AbAct.BoxGirder.Rect.M17,component,Sa_1_Fragility Database.csv,"PRJ-5910 v1, 2025-04-29",444,446,E1-S2-C1-S,AbAct,"Box-girder,  rectangular column",Mangalathu (2017),M17,S-E1-S22-R-S,
CRCB.E1.S2.C1.S.AbPass.BoxGirder.Circ.M17,component,Sa_1_Fragility Database.csv,"PRJ-5910 v1, 2025-04-29",445,447,E1-S2-C1-S,AbPass,"Box-girder,  circular column",Mangalathu (2017),M17,S-E1-S22-C-S,
CRCB.E1.S2.C1.S.AbPass.BoxGirder.Rect.M17,component,Sa_1_Fragility Database.csv,"PRJ-5910 v1, 2025-04-29",446,448,E1-S2-C1-S,AbPass,"Box-girder,  rectangular column",Mangalathu (2017),M17,S-E1-S22-R-S,
CRCB.E1.S2.C1.S.AbTran.BoxGirder.Circ.M17,component,Sa_1_Fragility Database.csv,"PRJ-5910 v1, 2025-04-29",447,449,E1-S2-C1-S,AbTran,"Box-girder,  circular column",Mangalathu (2017),M17,S-E1-S22-C-S,
CRCB.E1.S2.C1.S.AbTran.BoxGirder.Rect.M17,component,Sa_1_Fragility Database.csv,"PRJ-5910 v1, 2025-04-29",448,450,E1-S2-C1-S,AbTran,"Box-girder,  rectangular column",Mangalathu (2017),M17,S-E1-S22-R-S,
CRCB.E1.S2.C1.S.Approach.Cant.Slope10.SXR22,component,Sa_1_Fragility Database.csv,"PRJ-5910 v1, 2025-04-29",465,467,E1-S2-C1-S,Approach,Cantilever abutment on spread footing with approach slab (length 10 ft) damage through slope offset,Shao et al. (2022),SXR22,,
CRCB.E1.S2.C1.S.Approach.Cant.Step.SXR22,component,Sa_1_Fragility Database.csv,"PRJ-5910 v1, 2025-04-29",462,464,E1-S2-C1-S,Approach,Cantilever abutment on spread footing with approach slab damage through step offset.,Shao et al. (2022),SXR22,,
CRCB.E1.S2.C1.S.Approach.Pile.Slope10.SXR22,component,Sa_1_Fragility Database.csv,"PRJ-5910 v1, 2025-04-29",466,468,E1-S2-C1-S,Approach,Abutment on piles with approach slab (length 10 ft) damage through slope offset,Shao et al. (2022),SXR22,,dispersion
CRCB.E1.S2.C1.S.Approach.Pile.Step.SXR22,component,Sa_1_Fragility Database.csv,"PRJ-5910 v1, 2025-04-29",463,465,E1-S2-C1-S,Approach,Abutment on piles with approach slab damage through step offset.,Shao et al. (2022),SXR22,,
CRCB.E1.S2.C1.S.Approach.Reg.Slope10.SXR22,component,Sa_1_Fragility Database.csv,"PRJ-5910 v1, 2025-04-29",464,466,E1-S2-C1-S,Approach,Regular-height abutment on spread footing with approach slab (length 10 ft) damage through slope offset,Shao et al. (2022),SXR22,,
CRCB.E1.S2.C1.S.Approach.Reg.Step.SXR22,component,Sa_1_Fragility Database.csv,"PRJ-5910 v1, 2025-04-29",461,463,E1-S2-C1-S,Approach,Regular-height abutment on spread footing with approach slab damage through step offset.,Shao et al. (2022),SXR22,,
CRCB.E1.S2.C1.S.Bearing.BoxGirder.Circ.M17,component,Sa_1_Fragility Database.csv,"PRJ-5910 v1, 2025-04-29",449,451,E1-S2-C1-S,Bearing,"Box-girder,  circular column",Mangalathu (2017),M17,S-E1-S22-C-S,
CRCB.E1.S2.C1.S.Bearing.BoxGirder.Rect.M17,component,Sa_1_Fragility Database.csv,"PRJ-5910 v1, 2025-04-29",450,452,E1-S2-C1-S,Bearing,"Box-girder,  rectangular column",Mangalathu (2017),M17,S-E1-S22-R-S,
CRCB.E1.S2.C1.S.Column.BoxGirder.Circ.M17,component,Sa_1_Fragility Database.csv,"PRJ-5910 v1, 2025-04-29",439,441,E1-S2-C1-S,Column,"Box-girder,  circular column",Mangalathu (2017),M17,S-E1-S22-C-S,
CRCB.E1.S2.C1.S.Column.BoxGirder.Rect.M17,component,Sa_1_Fragility Database.csv,"PRJ-5910 v1, 2025-04-29",440,442,E1-S2-C1-S,Column,"Box-girder,  rectangular column",Mangalathu (2017),M17,S-E1-S22-R-S,
CRCB.E1.S2.C1.S.DeckMax.BoxGirder.Circ.M17,component,Sa_1_Fragility Database.csv,"PRJ-5910 v1, 2025-04-29",451,453,E1-S2-C1-S,DeckMax,"Box-girder,  circular column",Mangalathu (2017),M17,S-E1-S22-C-S,
CRCB.E1.S2.C1.S.DeckMax.BoxGirder.Rect.M17,component,Sa_1_Fragility Database.csv,"PRJ-5910 v1, 2025-04-29",452,454,E1-S2-C1-S,DeckMax,"Box-girder,  rectangular column",Mangalathu (2017),M17,S-E1-S22-R-S,
CRCB.E1.S2.C1.S.FndTran.BoxGirder.Circ.M17,component,Sa_1_Fragility Database.csv,"PRJ-5910 v1, 2025-04-29",455,457,E1-S2-C1-S,FndTran,"Box-girder,  circular column",Mangalathu (2017),M17,S-E1-S22-C-S,
CRCB.E1.S2.C1.S.FndTran.BoxGirder.Rect.M17,component,Sa_1_Fragility Database.csv,"PRJ-5910 v1, 2025-04-29",456,458,E1-S2-C1-S,FndTran,"Box-girder,  rectangular column",Mangalathu (2017),M17,S-E1-S22-R-S,
CRCB.E1.S2.C1.S.Key.BoxGirder.Circ.M17,component,Sa_1_Fragility Database.csv,"PRJ-5910 v1, 2025-04-29",457,459,E1-S2-C1-S,Key,"Box-girder,  circular column",Mangalathu (2017),M17,S-E1-S22-C-S,
CRCB.E1.S2.C1.S.Key.BoxGirder.Rect.M17,component,Sa_1_Fragility Database.csv,"PRJ-5910 v1, 2025-04-29",458,460,E1-S2-C1-S,Key,"Box-girder,  rectangular column",Mangalathu (2017),M17,S-E1-S22-R-S,
CRCB.E1.S2.C1.S.Seal.BoxGirder.Circ.M17,component,Sa_1_Fragility Database.csv,"PRJ-5910 v1, 2025-04-29",459,461,E1-S2-C1-S,Seal,"Box-girder,  circular column",Mangalathu (2017),M17,S-E1-S22-C-S,
CRCB.E1.S2.C1.S.Seal.BoxGirder.Rect.M17,component,Sa_1_Fragility Database.csv,"PRJ-5910 v1, 2025-04-29",460,462,E1-S2-C1-S,Seal,"Box-girder,  rectangular column",Mangalathu (2017),M17,S-E1-S22-R-S,
CRCB.E1.S2.C1.S.System.BoxGirder.Circ.M17,portfolio,Sa_1_Fragility Database.csv,"PRJ-5910 v1, 2025-04-29",467,469,E1-S2-C1-S,System,"Box-girder,  circular column",Mangalathu (2017),M17,S-E1-S22-C-S,
CRCB.E1.S2.C1.S.System.BoxGirder.Circ.SMD17,portfolio,Sa_1_Fragility Database.csv,"PRJ-5910 v1, 2025-04-29",469,471,E1-S2-C1-S,System,"Box-girder,  circular column",Soleimani et al. (2017),SMD17,,
CRCB.E1.S2.C1.S.System.BoxGirder.Flr1T.SMD17,portfolio,Sa_1_Fragility Database.csv,"PRJ-5910 v1, 2025-04-29",472,474,E1-S2-C1-S,System,"Box-girder,  one-way flared column along the transverse direction",Soleimani et al. (2017),SMD17,,
CRCB.E1.S2.C1.S.System.BoxGirder.Obl.SMD17,portfolio,Sa_1_Fragility Database.csv,"PRJ-5910 v1, 2025-04-29",471,473,E1-S2-C1-S,System,"Box-girder,  oblong column ",Soleimani et al. (2017),SMD17,,
CRCB.E1.S2.C1.S.System.BoxGirder.Rect.M17,portfolio,Sa_1_Fragility Database.csv,"PRJ-5910 v1, 2025-04-29",468,470,E1-S2-C1-S,System,"Box-girder,  rectangular column",Mangalathu (2017),M17,S-E1-S22-R-S,
CRCB.E1.S2.C1.S.System.BoxGirder.Rect.SMD17,portfolio,Sa_1_Fragility Database.csv,"PRJ-5910 v1, 2025-04-29",470,472,E1-S2-C1-S,System,"Box-girder,  rectangular column",Soleimani et al. (2017),SMD17,,
CRCB.E1.S2.C1.S.Unseating.BoxGirder.Circ.M17,component,Sa_1_Fragility Database.csv,"PRJ-5910 v1, 2025-04-29",441,443,E1-S2-C1-S,Unseating,"Box-girder,  circular column",Mangalathu (2017),M17,S-E1-S22-C-S,
CRCB.E1.S2.C1.S.Unseating.BoxGirder.Rect.M17,component,Sa_1_Fragility Database.csv,"PRJ-5910 v1, 2025-04-29",442,444,E1-S2-C1-S,Unseating,"Box-girder,  rectangular column",Mangalathu (2017),M17,S-E1-S22-R-S,
CRCB.E1.S2.C2P.D.AbAct.BoxGirder.MCB.Circ.M17,component,Sa_1_Fragility Database.csv,"PRJ-5910 v1, 2025-04-29",76,78,E1-S2-C2P-D,AbAct,"Box-girder,  circular column",Mangalathu (2017),M17,M-E1-S22-C-D,
CRCB.E1.S2.C2P.D.AbAct.BoxGirder.MCB.Rect.M17,component,Sa_1_Fragility Database.csv,"PRJ-5910 v1, 2025-04-29",77,79,E1-S2-C2P-D,AbAct,"Box-girder,  rectangular column",Mangalathu (2017),M17,M-E1-S22-R-D,
CRCB.E1.S2.C2P.D.AbAct.BoxGirder.TCB.Circ.M17,component,Sa_1_Fragility Database.csv,"PRJ-5910 v1, 2025-04-29",74,76,E1-S2-C2P-D,AbAct,"Box-girder,  circular column",Mangalathu (2017),M17,T-E1-S22-C-D,
CRCB.E1.S2.C2P.D.AbAct.BoxGirder.TCB.Rect.M17,component,Sa_1_Fragility Database.csv,"PRJ-5910 v1, 2025-04-29",75,77,E1-S2-C2P-D,AbAct,"Box-girder,  rectangular column",Mangalathu (2017),M17,T-E1-S22-R-D,
CRCB.E1.S2.C2P.D.AbPass.BoxGirder.MCB.Circ.M17,component,Sa_1_Fragility Database.csv,"PRJ-5910 v1, 2025-04-29",80,82,E1-S2-C2P-D,AbPass,"Box-girder,  circular column",Mangalathu (2017),M17,M-E1-S22-C-D,
CRCB.E1.S2.C2P.D.AbPass.BoxGirder.MCB.Rect.M17,component,Sa_1_Fragility Database.csv,"PRJ-5910 v1, 2025-04-29",81,83,E1-S2-C2P-D,AbPass,"Box-girder,  rectangular column",Mangalathu (2017),M17,M-E1-S22-R-D,
CRCB.E1.S2.C2P.D.AbPass.BoxGirder.TCB.Circ.M17,component,Sa_1_Fragility Database.csv,"PRJ-5910 v1, 2025-04-29",78,80,E1-S2-C2P-D,AbPass,"Box-girder,  circular column",Mangalathu (2017),M17,T-E1-S22-C-D,
CRCB.E1.S2.C2P.D.AbPass.BoxGirder.TCB.Rect.M17,component,Sa_1_Fragility Database.csv,"PRJ-5910 v1, 2025-04-29",79,81,E1-S2-C2P-D,AbPass,"Box-girder,  rectangular column",Mangalathu (2017),M17,T-E1-S22-R-D,
CRCB.E1.S2.C2P.D.AbTran.BoxGirder.MCB.Circ.M17,component,Sa_1_Fragility Database.csv,"PRJ-5910 v1, 2025-04-29",84,86,E1-S2-C2P-D,AbTran,"Box-girder,  circular column",Mangalathu (2017),M17,M-E1-S22-C-D,
CRCB.E1.S2.C2P.D.AbTran.BoxGirder.MCB.Rect.M17,component,Sa_1_Fragility Database.csv,"PRJ-5910 v1, 2025-04-29",85,87,E1-S2-C2P-D,AbTran,"Box-girder,  rectangular column",Mangalathu (2017),M17,M-E1-S22-R-D,
CRCB.E1.S2.C2P.D.AbTran.BoxGirder.TCB.Circ.M17,component,Sa_1_Fragility Database.csv,"PRJ-5910 v1, 2025-04-29",82,84,E1-S2-C2P-D,AbTran,"Box-girder,  circular column",Mangalathu (2017),M17,T-E1-S22-C-D,
CRCB.E1.S2.C2P.D.AbTran.BoxGirder.TCB.Rect.M17,component,Sa_1_Fragility Database.csv,"PRJ-5910 v1, 2025-04-29",83,85,E1-S2-C2P-D,AbTran,"Box-girder,  rectangular column",Mangalathu (2017),M17,T-E1-S22-R-D,
CRCB.E1.S2.C2P.D.Approach.Cant.Slope10.SXR22,component,Sa_1_Fragility Database.csv,"PRJ-5910 v1, 2025-04-29",102,104,E1-S2-C2P-D,Approach,Cantilever abutment on spread footing with approach slab (length 10 ft) damage through slope offset,Shao et al. (2022),SXR22,,
CRCB.E1.S2.C2P.D.Approach.Cant.Step.SXR22,component,Sa_1_Fragility Database.csv,"PRJ-5910 v1, 2025-04-29",99,101,E1-S2-C2P-D,Approach,Cantilever abutment on spread footing with approach slab damage through step offset,Shao et al. (2022),SXR22,,
CRCB.E1.S2.C2P.D.Approach.Pile.Slope10.SXR22,component,Sa_1_Fragility Database.csv,"PRJ-5910 v1, 2025-04-29",103,105,E1-S2-C2P-D,Approach,Abutment on piles with approach slab (length 10 ft) damage through slope offset,Shao et al. (2022),SXR22,,dispersion
CRCB.E1.S2.C2P.D.Approach.Pile.Step.SXR22,component,Sa_1_Fragility Database.csv,"PRJ-5910 v1, 2025-04-29",100,102,E1-S2-C2P-D,Approach,Abutment on piles with approach slab damage through step offset,Shao et al. (2022),SXR22,,
CRCB.E1.S2.C2P.D.Approach.Reg.Slope10.SXR22,component,Sa_1_Fragility Database.csv,"PRJ-5910 v1, 2025-04-29",101,103,E1-S2-C2P-D,Approach,Regular-height abutment on spread footing with approach slab (length 10 ft) damage through slope offset,Shao et al. (2022),SXR22,,
CRCB.E1.S2.C2P.D.Approach.Reg.Step.SXR22,component,Sa_1_Fragility Database.csv,"PRJ-5910 v1, 2025-04-29",98,100,E1-S2-C2P-D,Approach,Regular-height abutment on spread footing with approach slab damage through step offset,Shao et al. (2022),SXR22,,
CRCB.E1.S2.C2P.D.Column.BoxGirder.MCB.Circ.M17,component,Sa_1_Fragility Database.csv,"PRJ-5910 v1, 2025-04-29",72,74,E1-S2-C2P-D,Column,"Box-girder,  circular column",Mangalathu (2017),M17,M-E1-S22-C-D,
CRCB.E1.S2.C2P.D.Column.BoxGirder.MCB.Rect.M17,component,Sa_1_Fragility Database.csv,"PRJ-5910 v1, 2025-04-29",73,75,E1-S2-C2P-D,Column,"Box-girder,  rectangular column",Mangalathu (2017),M17,M-E1-S22-R-D,
CRCB.E1.S2.C2P.D.Column.BoxGirder.TCB.Circ.M17,component,Sa_1_Fragility Database.csv,"PRJ-5910 v1, 2025-04-29",70,72,E1-S2-C2P-D,Column,"Box-girder,  circular column",Mangalathu (2017),M17,T-E1-S22-C-D,
CRCB.E1.S2.C2P.D.Column.BoxGirder.TCB.Rect.M17,component,Sa_1_Fragility Database.csv,"PRJ-5910 v1, 2025-04-29",71,73,E1-S2-C2P-D,Column,"Box-girder,  rectangular column",Mangalathu (2017),M17,T-E1-S22-R-D,
CRCB.E1.S2.C2P.D.DeckMax.BoxGirder.MCB.Circ.M17,component,Sa_1_Fragility Database.csv,"PRJ-5910 v1, 2025-04-29",88,90,E1-S2-C2P-D,DeckMax,"Box-girder,  circular column",Mangalathu (2017),M17,M-E1-S22-C-D,
CRCB.E1.S2.C2P.D.DeckMax.BoxGirder.MCB.Rect.M17,component,Sa_1_Fragility Database.csv,"PRJ-5910 v1, 2025-04-29",89,91,E1-S2-C2P-D,DeckMax,"Box-girder,  rectangular column",Mangalathu (2017),M17,M-E1-S22-R-D,
CRCB.E1.S2.C2P.D.DeckMax.BoxGirder.TCB.Circ.M17,component,Sa_1_Fragility Database.csv,"PRJ-5910 v1, 2025-04-29",86,88,E1-S2-C2P-D,DeckMax,"Box-girder,  circular column",Mangalathu (2017),M17,T-E1-S22-C-D,
CRCB.E1.S2.C2P.D.DeckMax.BoxGirder.TCB.Rect.M17,component,Sa_1_Fragility Database.csv,"PRJ-5910 v1, 2025-04-29",87,89,E1-S2-C2P-D,DeckMax,"Box-girder,  rectangular column",Mangalathu (2017),M17,T-E1-S22-R-D,
CRCB.E1.S2.C2P.D.FndTran.BoxGirder.MCB.Circ.M17,component,Sa_1_Fragility Database.csv,"PRJ-5910 v1, 2025-04-29",96,98,E1-S2-C2P-D,FndTran,"Box-girder,  circular column",Mangalathu (2017),M17,M-E1-S22-C-D,
CRCB.E1.S2.C2P.D.FndTran.BoxGirder.MCB.Rect.M17,component,Sa_1_Fragility Database.csv,"PRJ-5910 v1, 2025-04-29",97,99,E1-S2-C2P-D,FndTran,"Box-girder,  rectangular column",Mangalathu (2017),M17,M-E1-S22-R-D,
CRCB.E1.S2.C2P.D.FndTran.BoxGirder.TCB.Circ.M17,component,Sa_1_Fragility Database.csv,"PRJ-5910 v1, 2025-04-29",94,96,E1-S2-C2P-D,FndTran,"Box-girder,  circular column",Mangalathu (2017),M17,T-E1-S22-C-D,
CRCB.E1.S2.C2P.D.FndTran.BoxGirder.TCB.Rect.M17,component,Sa_1_Fragility Database.csv,"PRJ-5910 v1, 2025-04-29",95,97,E1-S2-C2P-D,FndTran,"Box-girder,  rectangular column",Mangalathu (2017),M17,T-E1-S22-R-D,
CRCB.E1.S2.C2P.D.System.BoxGirder.Circ.SMD17,portfolio,Sa_1_Fragility Database.csv,"PRJ-5910 v1, 2025-04-29",108,110,E1-S2-C2P-D,System,"Box-girder,  circular column",Soleimani et al. (2017),SMD17,,
CRCB.E1.S2.C2P.D.System.BoxGirder.Flr1T.SMD17,portfolio,Sa_1_Fragility Database.csv,"PRJ-5910 v1, 2025-04-29",111,113,E1-S2-C2P-D,System,"Box-girder,  one-way flared column along the transverse direction ",Soleimani et al. (2017),SMD17,,
CRCB.E1.S2.C2P.D.System.BoxGirder.MCB.Circ.M17,portfolio,Sa_1_Fragility Database.csv,"PRJ-5910 v1, 2025-04-29",106,108,E1-S2-C2P-D,System,"Box-girder,  circular column",Mangalathu (2017),M17,M-E1-S22-C-D,
CRCB.E1.S2.C2P.D.System.BoxGirder.MCB.Rect.M17,portfolio,Sa_1_Fragility Database.csv,"PRJ-5910 v1, 2025-04-29",107,109,E1-S2-C2P-D,System,"Box-girder,  rectangular column",Mangalathu (2017),M17,M-E1-S22-R-D,
CRCB.E1.S2.C2P.D.System.BoxGirder.Obl.SMD17,portfolio,Sa_1_Fragility Database.csv,"PRJ-5910 v1, 2025-04-29",110,112,E1-S2-C2P-D,System,"Box-girder,  oblong column ",Soleimani et al. (2017),SMD17,,
CRCB.E1.S2.C2P.D.System.BoxGirder.Rect.SMD17,portfolio,Sa_1_Fragility Database.csv,"PRJ-5910 v1, 2025-04-29",109,111,E1-S2-C2P-D,System,"Box-girder,  rectangular column",Soleimani et al. (2017),SMD17,,
CRCB.E1.S2.C2P.D.System.BoxGirder.TCB.Circ.M17,portfolio,Sa_1_Fragility Database.csv,"PRJ-5910 v1, 2025-04-29",104,106,E1-S2-C2P-D,System,"Box-girder,  circular column",Mangalathu (2017),M17,T-E1-S22-C-D,
CRCB.E1.S2.C2P.D.System.BoxGirder.TCB.Rect.M17,portfolio,Sa_1_Fragility Database.csv,"PRJ-5910 v1, 2025-04-29",105,107,E1-S2-C2P-D,System,"Box-girder,  rectangular column",Mangalathu (2017),M17,T-E1-S22-R-D,
CRCB.E1.S2.C2P.S.AbAct.BoxGirder.MCB.Circ.M17,component,Sa_1_Fragility Database.csv,"PRJ-5910 v1, 2025-04-29",483,485,E1-S2-C2P-S,AbAct,"Box-girder,  circular column",Mangalathu (2017),M17,M-E1-S22-C-S,
CRCB.E1.S2.C2P.S.AbAct.BoxGirder.MCB.Rect.M17,component,Sa_1_Fragility Database.csv,"PRJ-5910 v1, 2025-04-29",484,486,E1-S2-C2P-S,AbAct,"Box-girder,  rectangular column",Mangalathu (2017),M17,M-E1-S22-R-S,
CRCB.E1.S2.C2P.S.AbAct.BoxGirder.TCB.Circ.M17,component,Sa_1_Fragility Database.csv,"PRJ-5910 v1, 2025-04-29",481,483,E1-S2-C2P-S,AbAct,"Box-girder,  circular column",Mangalathu (2017),M17,T-E1-S22-C-S,
CRCB.E1.S2.C2P.S.AbAct.BoxGirder.TCB.Rect.M17,component,Sa_1_Fragility Database.csv,"PRJ-5910 v1, 2025-04-29",482,484,E1-S2-C2P-S,AbAct,"Box-girder,  rectangular column",Mangalathu (2017),M17,T-E1-S22-R-S,
CRCB.E1.S2.C2P.S.AbPass.BoxGirder.MCB.Circ.M17,component,Sa_1_Fragility Database.csv,"PRJ-5910 v1, 2025-04-29",487,489,E1-S2-C2P-S,AbPass,"Box-girder,  circular column",Mangalathu (2017),M17,M-E1-S22-C-S,
CRCB.E1.S2.C2P.S.AbPass.BoxGirder.MCB.Rect.M17,component,Sa_1_Fragility Database.csv,"PRJ-5910 v1, 2025-04-29",488,490,E1-S2-C2P-S,AbPass,"Box-girder,  rectangular column",Mangalathu (2017),M17,M-E1-S22-R-S,
CRCB.E1.S2.C2P.S.AbPass.BoxGirder.TCB.Circ.M17,component,Sa_1_Fragility Database.csv,"PRJ-5910 v1, 2025-04-29",485,487,E1-S2-C2P-S,AbPass,"Box-girder,  circular column",Mangalathu (2017),M17,T-E1-S22-C-S,
CRCB.E1.S2.C2P.S.AbPass.BoxGirder.TCB.Rect.M17,component,Sa_1_Fragility Database.csv,"PRJ-5910 v1, 2025-04-29",486,488,E1-S2-C2P-S,AbPass,"Box-girder,  rectangular column",Mangalathu (2017),M17,T-E1-S22-R-S,
CRCB.E1.S2.C2P.S.AbTran.BoxGirder.MCB.Circ.M17,component,Sa_1_Fragility Database.csv,"PRJ-5910 v1, 2025-04-29",491,493,E1-S2-C2P-S,AbTran,"Box-girder,  circular column",Mangalathu (2017),M17,M-E1-S22-C-S,
CRCB.E1.S2.C2P.S.AbTran.BoxGirder.MCB.Rect.M17,component,Sa_1_Fragility Database.csv,"PRJ-5910 v1, 2025-04-29",492,494,E1-S2-C2P-S,AbTran,"Box-girder,  rectangular column",Mangalathu (2017),M17,M-E1-S22-R-S,
CRCB.E1.S2.C2P.S.AbTran.BoxGirder.TCB.Circ.M17,component,Sa_1_Fragility Database.csv,"PRJ-5910 v1, 2025-04-29",489,491,E1-S2-C2P-S,AbTran,"Box-girder,  circular column",Mangalathu (2017),M17,T-E1-S22-C-S,
CRCB.E1.S2.C2P.S.AbTran.BoxGirder.TCB.Rect.M17,component,Sa_1_Fragility Database.csv,"PRJ-5910 v1, 2025-04-29",490,492,E1-S2-C2P-S,AbTran,"Box-girder,  rectangular column",Mangalathu (2017),M17,T-E1-S22-R-S,
CRCB.E1.S2.C2P.S.Approach.Cant.Slope10.SXR22,component,Sa_1_Fragility Database.csv,"PRJ-5910 v1, 2025-04-29",521,523,E1-S2-C2P-S,Approach,Cantilever abutment on spread footing with approach slab (length 10 ft) damage through slope offset,Shao et al. (2022),SXR22,,
CRCB.E1.S2.C2P.S.Approach.Cant.Step.SXR22,component,Sa_1_Fragility Database.csv,"PRJ-5910 v1, 2025-04-29",518,520,E1-S2-C2P-S,Approach,Cantilever abutment on spread footing with approach slab damage through step offset.,Shao et al. (2022),SXR22,,
CRCB.E1.S2.C2P.S.Approach.Pile.Slope10.SXR22,component,Sa_1_Fragility Database.csv,"PRJ-5910 v1, 2025-04-29",522,524,E1-S2-C2P-S,Approach,Abutment on piles with approach slab (length 10 ft) damage through slope offset,Shao et al. (2022),SXR22,,dispersion
CRCB.E1.S2.C2P.S.Approach.Pile.Step.SXR22,component,Sa_1_Fragility Database.csv,"PRJ-5910 v1, 2025-04-29",519,521,E1-S2-C2P-S,Approach,Abutment on piles with approach slab damage through step offset.,Shao et al. (2022),SXR22,,
CRCB.E1.S2.C2P.S.Approach.Reg.Slope10.SXR22,component,Sa_1_Fragility Database.csv,"PRJ-5910 v1, 2025-04-29",520,522,E1-S2-C2P-S,Approach,Regular-height abutment on spread footing with approach slab (length 10 ft) damage through slope offset,Shao et al. (2022),SXR22,,
CRCB.E1.S2.C2P.S.Approach.Reg.Step.SXR22,component,Sa_1_Fragility Database.csv,"PRJ-5910 v1, 2025-04-29",517,519,E1-S2-C2P-S,Approach,Regular-height abutment on spread footing with approach slab damage through step offset.,Shao et al. (2022),SXR22,,
CRCB.E1.S2.C2P.S.Bearing.BoxGirder.MCB.Circ.M17,component,Sa_1_Fragility Database.csv,"PRJ-5910 v1, 2025-04-29",495,497,E1-S2-C2P-S,Bearing,"Box-girder,  circular column",Mangalathu (2017),M17,M-E1-S22-C-S,
CRCB.E1.S2.C2P.S.Bearing.BoxGirder.MCB.Rect.M17,component,Sa_1_Fragility Database.csv,"PRJ-5910 v1, 2025-04-29",496,498,E1-S2-C2P-S,Bearing,"Box-girder,  rectangular column",Mangalathu (2017),M17,M-E1-S22-R-S,
CRCB.E1.S2.C2P.S.Bearing.BoxGirder.TCB.Circ.M17,component,Sa_1_Fragility Database.csv,"PRJ-5910 v1, 2025-04-29",493,495,E1-S2-C2P-S,Bearing,"Box-girder,  circular column",Mangalathu (2017),M17,T-E1-S22-C-S,
CRCB.E1.S2.C2P.S.Bearing.BoxGirder.TCB.Rect.M17,component,Sa_1_Fragility Database.csv,"PRJ-5910 v1, 2025-04-29",494,496,E1-S2-C2P-S,Bearing,"Box-girder,  rectangular column",Mangalathu (2017),M17,T-E1-S22-R-S,
CRCB.E1.S2.C2P.S.Column.BoxGirder.MCB.Circ.M17,component,Sa_1_Fragility Database.csv,"PRJ-5910 v1, 2025-04-29",475,477,E1-S2-C2P-S,Column,"Box-girder,  circular column",Mangalathu (2017),M17,M-E1-S22-C-S,
CRCB.E1.S2.C2P.S.Column.BoxGirder.MCB.Rect.M17,component,Sa_1_Fragility Database.csv,"PRJ-5910 v1, 2025-04-29",476,478,E1-S2-C2P-S,Column,"Box-girder,  rectangular column",Mangalathu (2017),M17,M-E1-S22-R-S,
CRCB.E1.S2.C2P.S.Column.BoxGirder.TCB.Circ.M17,component,Sa_1_Fragility Database.csv,"PRJ-5910 v1, 2025-04-29",473,475,E1-S2-C2P-S,Column,"Box-girder,  circular column",Mangalathu (2017),M17,T-E1-S22-C-S,
CRCB.E1.S2.C2P.S.Column.BoxGirder.TCB.Rect.M17,component,Sa_1_Fragility Database.csv,"PRJ-5910 v1, 2025-04-29",474,476,E1-S2-C2P-S,Column,"Box-girder,  rectangular column",Mangalathu (2017),M17,T-E1-S22-R-S,
CRCB.E1.S2.C2P.S.DeckMax.BoxGirder.MCB.Circ.M17,component,Sa_1_Fragility Database.csv,"PRJ-5910 v1, 2025-04-29",499,501,E1-S2-C2P-S,DeckMax,"Box-girder,  circular column",Mangalathu (2017),M17,M-E1-S22-C-S,
CRCB.E1.S2.C2P.S.DeckMax.BoxGirder.MCB.Rect.M17,component,Sa_1_Fragility Database.csv,"PRJ-5910 v1, 2025-04-29",500,502,E1-S2-C2P-S,DeckMax,"Box-girder,  rectangular column",Mangalathu (2017),M17,M-E1-S22-R-S,
CRCB.E1.S2.C2P.S.DeckMax.BoxGirder.TCB.Circ.M17,component,Sa_1_Fragility Database.csv,"PRJ-5910 v1, 2025-04-29",497,499,E1-S2-C2P-S,DeckMax,"Box-girder,  circular column",Mangalathu (2017),M17,T-E1-S22-C-S,
CRCB.E1.S2.C2P.S.DeckMax.BoxGirder.TCB.Rect.M17,component,Sa_1_Fragility Database.csv,"PRJ-5910 v1, 2025-04-29",498,500,E1-S2-C2P-S,DeckMax,"Box-girder,  rectangular column",Mangalathu (2017),M17,T-E1-S22-R-S,
CRCB.E1.S2.C2P.S.FndRot.BoxGirder.MCB.Rect.M17,component,Sa_1_Fragility Database.csv,"PRJ-5910 v1, 2025-04-29",504,506,E1-S2-C2P-S,FndRot,"Box-girder,  rectangular column",Mangalathu (2017),M17,M-E1-S22-R-S,
CRCB.E1.S2.C2P.S.FndTran.BoxGirder.MCB.Circ.M17,component,Sa_1_Fragility Database.csv,"PRJ-5910 v1, 2025-04-29",507,509,E1-S2-C2P-S,FndTran,"Box-girder,  circular column",Mangalathu (2017),M17,M-E1-S22-C-S,
CRCB.E1.S2.C2P.S.FndTran.BoxGirder.MCB.Rect.M17,component,Sa_1_Fragility Database.csv,"PRJ-5910 v1, 2025-04-29",508,510,E1-S2-C2P-S,FndTran,"Box-girder,  rectangular column",Mangalathu (2017),M17,M-E1-S22-R-S,
CRCB.E1.S2.C2P.S.FndTran.BoxGirder.TCB.Circ.M17,component,Sa_1_Fragility Database.csv,"PRJ-5910 v1, 2025-04-29",505,507,E1-S2-C2P-S,FndTran,"Box-girder,  circular column",Mangalathu (2017),M17,T-E1-S22-C-S,
CRCB.E1.S2.C2P.S.FndTran.BoxGirder.TCB.Rect.M17,component,Sa_1_Fragility Database.csv,"PRJ-5910 v1, 2025-04-29",506,508,E1-S2-C2P-S,FndTran,"Box-girder,  rectangular column",Mangalathu (2017),M17,T-E1-S22-R-S,
CRCB.E1.S2.C2P.S.Key.BoxGirder.MCB.Circ.M17,component,Sa_1_Fragility Database.csv,"PRJ-5910 v1, 2025-04-29",511,513,E1-S2-C2P-S,Key,"Box-girder,  circular column",Mangalathu (2017),M17,M-E1-S22-C-S,
CRCB.E1.S2.C2P.S.Key.BoxGirder.MCB.Rect.M17,component,Sa_1_Fragility Database.csv,"PRJ-5910 v1, 2025-04-29",512,514,E1-S2-C2P-S,Key,"Box-girder,  rectangular column",Mangalathu (2017),M17,M-E1-S22-R-S,
CRCB.E1.S2.C2P.S.Key.BoxGirder.TCB.Circ.M17,component,Sa_1_Fragility Database.csv,"PRJ-5910 v1, 2025-04-29",509,511,E1-S2-C2P-S,Key,"Box-girder,  circular column",Mangalathu (2017),M17,T-E1-S22-C-S,
CRCB.E1.S2.C2P.S.Key.BoxGirder.TCB.Rect.M17,component,Sa_1_Fragility Database.csv,"PRJ-5910 v1, 2025-04-29",510,512,E1-S2-C2P-S,Key,"Box-girder,  rectangular column",Mangalathu (2017),M17,T-E1-S22-R-S,
CRCB.E1.S2.C2P.S.Seal.BoxGirder.MCB.Circ.M17,component,Sa_1_Fragility Database.csv,"PRJ-5910 v1, 2025-04-29",515,517,E1-S2-C2P-S,Seal,"Box-girder,  circular column",Mangalathu (2017),M17,M-E1-S22-C-S,
CRCB.E1.S2.C2P.S.Seal.BoxGirder.MCB.Rect.M17,component,Sa_1_Fragility Database.csv,"PRJ-5910 v1, 2025-04-29",516,518,E1-S2-C2P-S,Seal,"Box-girder,  rectangular column",Mangalathu (2017),M17,M-E1-S22-R-S,
CRCB.E1.S2.C2P.S.Seal.BoxGirder.TCB.Circ.M17,component,Sa_1_Fragility Database.csv,"PRJ-5910 v1, 2025-04-29",513,515,E1-S2-C2P-S,Seal,"Box-girder,  circular column",Mangalathu (2017),M17,T-E1-S22-C-S,
CRCB.E1.S2.C2P.S.Seal.BoxGirder.TCB.Rect.M17,component,Sa_1_Fragility Database.csv,"PRJ-5910 v1, 2025-04-29",514,516,E1-S2-C2P-S,Seal,"Box-girder,  rectangular column",Mangalathu (2017),M17,T-E1-S22-R-S,
CRCB.E1.S2.C2P.S.System.BoxGirder.Circ.SMD17,portfolio,Sa_1_Fragility Database.csv,"PRJ-5910 v1, 2025-04-29",527,529,E1-S2-C2P-S,System,"Box-girder,  circular column",Soleimani et al. (2017),SMD17,,
CRCB.E1.S2.C2P.S.System.BoxGirder.Flr1T.SMD17,portfolio,Sa_1_Fragility Database.csv,"PRJ-5910 v1, 2025-04-29",530,532,E1-S2-C2P-S,System,"Box-girder,  one-way flared column along the transverse direction",Soleimani et al. (2017),SMD17,,
CRCB.E1.S2.C2P.S.System.BoxGirder.MCB.Circ.M17,portfolio,Sa_1_Fragility Database.csv,"PRJ-5910 v1, 2025-04-29",525,527,E1-S2-C2P-S,System,"Box-girder,  circular column",Mangalathu (2017),M17,M-E1-S22-C-S,
CRCB.E1.S2.C2P.S.System.BoxGirder.MCB.Rect.M17,portfolio,Sa_1_Fragility Database.csv,"PRJ-5910 v1, 2025-04-29",526,528,E1-S2-C2P-S,System,"Box-girder,  rectangular column",Mangalathu (2017),M17,M-E1-S22-R-S,
CRCB.E1.S2.C2P.S.System.BoxGirder.Obl.SMD17,portfolio,Sa_1_Fragility Database.csv,"PRJ-5910 v1, 2025-04-29",529,531,E1-S2-C2P-S,System,"Box-girder,  oblong column ",Soleimani et al. (2017),SMD17,,
CRCB.E1.S2.C2P.S.System.BoxGirder.Rect.SMD17,portfolio,Sa_1_Fragility Database.csv,"PRJ-5910 v1, 2025-04-29",528,530,E1-S2-C2P-S,System,"Box-girder,  rectangular column",Soleimani et al. (2017),SMD17,,
CRCB.E1.S2.C2P.S.System.BoxGirder.TCB.Circ.M17,portfolio,Sa_1_Fragility Database.csv,"PRJ-5910 v1, 2025-04-29",523,525,E1-S2-C2P-S,System,"Box-girder,  circular column",Mangalathu (2017),M17,T-E1-S22-C-S,
CRCB.E1.S2.C2P.S.System.BoxGirder.TCB.Circ.MSJ17,portfolio,Sa_1_Fragility Database.csv,"PRJ-5910 v1, 2025-04-29",531,533,E1-S2-C2P-S,System,"Box-girder,  circular column","Mangalathu, Soleimani, et al. (2017)",MSJ17,,
CRCB.E1.S2.C2P.S.System.BoxGirder.TCB.Rect.M17,portfolio,Sa_1_Fragility Database.csv,"PRJ-5910 v1, 2025-04-29",524,526,E1-S2-C2P-S,System,"Box-girder,  rectangular column",Mangalathu (2017),M17,T-E1-S22-R-S,
CRCB.E1.S2.C2P.S.Unseating.BoxGirder.MCB.Circ.M17,component,Sa_1_Fragility Database.csv,"PRJ-5910 v1, 2025-04-29",479,481,E1-S2-C2P-S,Unseating,"Box-girder,  circular column",Mangalathu (2017),M17,M-E1-S22-C-S,
CRCB.E1.S2.C2P.S.Unseating.BoxGirder.MCB.Rect.M17,component,Sa_1_Fragility Database.csv,"PRJ-5910 v1, 2025-04-29",480,482,E1-S2-C2P-S,Unseating,"Box-girder,  rectangular column",Mangalathu (2017),M17,M-E1-S22-R-S,
CRCB.E1.S2.C2P.S.Unseating.BoxGirder.TCB.Circ.M17,component,Sa_1_Fragility Database.csv,"PRJ-5910 v1, 2025-04-29",477,479,E1-S2-C2P-S,Unseating,"Box-girder,  circular column",Mangalathu (2017),M17,T-E1-S22-C-S,
CRCB.E1.S2.C2P.S.Unseating.BoxGirder.TCB.Rect.M17,component,Sa_1_Fragility Database.csv,"PRJ-5910 v1, 2025-04-29",478,480,E1-S2-C2P-S,Unseating,"Box-girder,  rectangular column",Mangalathu (2017),M17,T-E1-S22-R-S,
CRCB.E1.S3P.C1.D.AbAct.BoxGirder.Circ.M17,component,Sa_1_Fragility Database.csv,"PRJ-5910 v1, 2025-04-29",227,229,E1-S3P-C1-D,AbAct,"Box-girder,  circular column",Mangalathu (2017),M17,S-E1-S34-C-D,
CRCB.E1.S3P.C1.D.AbAct.BoxGirder.Rect.M17,component,Sa_1_Fragility Database.csv,"PRJ-5910 v1, 2025-04-29",228,230,E1-S3P-C1-D,AbAct,"Box-girder,  rectangular column",Mangalathu (2017),M17,S-E1-S34-R-D,
CRCB.E1.S3P.C1.D.AbAct.BoxGirder.Span5.MF.Circ.MCP18,component,Sa_1_Fragility Database.csv,"PRJ-5910 v1, 2025-04-29",229,231,E1-S3P-C1-D,AbAct,"Box-girder, multiple frames,  circular column",Mangalathu et al. (2018),MCP18,,
CRCB.E1.S3P.C1.D.AbPass.BoxGirder.Circ.M17,component,Sa_1_Fragility Database.csv,"PRJ-5910 v1, 2025-04-29",230,232,E1-S3P-C1-D,AbPass,"Box-girder,  circular column",Mangalathu (2017),M17,S-E1-S34-C-D,
CRCB.E1.S3P.C1.D.AbPass.BoxGirder.Rect.M17,component,Sa_1_Fragility Database.csv,"PRJ-5910 v1, 2025-04-29",231,233,E1-S3P-C1-D,AbPass,"Box-girder,  rectangular column",Mangalathu (2017),M17,S-E1-S34-R-D,
CRCB.E1.S3P.C1.D.AbPass.BoxGirder.Span5.MF.Circ.MCP18,component,Sa_1_Fragility Database.csv,"PRJ-5910 v1, 2025-04-29",232,234,E1-S3P-C1-D,AbPass,"Box-girder, multiple frames,  circular column",Mangalathu et al. (2018),MCP18,,
CRCB.E1.S3P.C1.D.AbTran.BoxGirder.Circ.M17,component,Sa_1_Fragility Database.csv,"PRJ-5910 v1, 2025-04-29",233,235,E1-S3P-C1-D,AbTran,"Box-girder,  circular column",Mangalathu (2017),M17,S-E1-S34-C-D,
CRCB.E1.S3P.C1.D.AbTran.BoxGirder.Rect.M17,component,Sa_1_Fragility Database.csv,"PRJ-5910 v1, 2025-04-29",234,236,E1-S3P-C1-D,AbTran,"Box-girder,  rectangular column",Mangalathu (2017),M17,S-E1-S34-R-D,
CRCB.E1.S3P.C1.D.AbTran.BoxGirder.Span5.MF.Circ.MCP18,component,Sa_1_Fragility Database.csv,"PRJ-5910 v1, 2025-04-29",235,237,E1-S3P-C1-D,AbTran,"Box-girder, multiple frames,  circular column",Mangalathu et al. (2018),MCP18,,
CRCB.E1.S3P.C1.D.Approach.Cant.Slope10.SXR22,component,Sa_1_Fragility Database.csv,"PRJ-5910 v1, 2025-04-29",246,248,E1-S3P-C1-D,Approach,Cantilever abutment on spread footing with approach slab (length 10 ft) damage through slope offset,Shao et al. (2022),SXR22,,
CRCB.E1.S3P.C1.D.Approach.Cant.Step.SXR22,component,Sa_1_Fragility Database.csv,"PRJ-5910 v1, 2025-04-29",243,245,E1-S3P-C1-D,Approach,Cantilever abutment on spread footing with approach slab damage through step offset,Shao et al. (2022),SXR22,,
CRCB.E1.S3P.C1.D.Approach.Pile.Slope10.SXR22,component,Sa_1_Fragility Database.csv,"PRJ-5910 v1, 2025-04-29",247,249,E1-S3P-C1-D,Approach,Abutment on piles with approach slab (length 10 ft) damage through slope offset,Shao et al. (2022),SXR22,,dispersion
CRCB.E1.S3P.C1.D.Approach.Pile.Step.SXR22,component,Sa_1_Fragility Database.csv,"PRJ-5910 v1, 2025-04-29",244,246,E1-S3P-C1-D,Approach,Abutment on piles with approach slab damage through step offset,Shao et al. (2022),SXR22,,
CRCB.E1.S3P.C1.D.Approach.Reg.Slope10.SXR22,component,Sa_1_Fragility Database.csv,"PRJ-5910 v1, 2025-04-29",245,247,E1-S3P-C1-D,Approach,Regular-height abutment on spread footing with approach slab (length 10 ft) damage through slope offset,Shao et al. (2022),SXR22,,
CRCB.E1.S3P.C1.D.Approach.Reg.Step.SXR22,component,Sa_1_Fragility Database.csv,"PRJ-5910 v1, 2025-04-29",242,244,E1-S3P-C1-D,Approach,Regular-height abutment on spread footing with approach slab damage through step offset,Shao et al. (2022),SXR22,,
CRCB.E1.S3P.C1.D.Bearing.BoxGirder.Span5.MF.Disc.Circ.MCP18,component,Sa_1_Fragility Database.csv,"PRJ-5910 v1, 2025-04-29",248,250,E1-S3P-C1-D,Bearing,"Box-girder, multiple frames,  circular column, discontinuous spans",Mangalathu et al. (2018),MCP18,,
CRCB.E1.S3P.C1.D.Column.BoxGirder.Circ.M17,component,Sa_1_Fragility Database.csv,"PRJ-5910 v1, 2025-04-29",224,226,E1-S3P-C1-D,Column,"Box-girder,  circular column",Mangalathu (2017),M17,S-E1-S34-C-D,
CRCB.E1.S3P.C1.D.Column.BoxGirder.Rect.M17,component,Sa_1_Fragility Database.csv,"PRJ-5910 v1, 2025-04-29",225,227,E1-S3P-C1-D,Column,"Box-girder,  rectangular column",Mangalathu (2017),M17,S-E1-S34-R-D,
CRCB.E1.S3P.C1.D.Column.BoxGirder.Span5.MF.Circ.MCP18,component,Sa_1_Fragility Database.csv,"PRJ-5910 v1, 2025-04-29",226,228,E1-S3P-C1-D,Column,"Box-girder, multiple frames,  circular column",Mangalathu et al. (2018),MCP18,,
CRCB.E1.S3P.C1.D.DeckMax.BoxGirder.Circ.M17,component,Sa_1_Fragility Database.csv,"PRJ-5910 v1, 2025-04-29",236,238,E1-S3P-C1-D,DeckMax,"Box-girder,  circular column",Mangalathu (2017),M17,S-E1-S34-C-D,
CRCB.E1.S3P.C1.D.DeckMax.BoxGirder.Rect.M17,component,Sa_1_Fragility Database.csv,"PRJ-5910 v1, 2025-04-29",237,239,E1-S3P-C1-D,DeckMax,"Box-girder,  rectangular column",Mangalathu (2017),M17,S-E1-S34-R-D,
CRCB.E1.S3P.C1.D.FndTran.BoxGirder.Circ.M17,component,Sa_1_Fragility Database.csv,"PRJ-5910 v1, 2025-04-29",240,242,E1-S3P-C1-D,FndTran,"Box-girder,  circular column",Mangalathu (2017),M17,S-E1-S34-C-D,
CRCB.E1.S3P.C1.D.FndTran.BoxGirder.Rect.M17,component,Sa_1_Fragility Database.csv,"PRJ-5910 v1, 2025-04-29",241,243,E1-S3P-C1-D,FndTran,"Box-girder,  rectangular column",Mangalathu (2017),M17,S-E1-S34-R-D,
CRCB.E1.S3P.C1.D.System.BoxGirder.Circ.M17,portfolio,Sa_1_Fragility Database.csv,"PRJ-5910 v1, 2025-04-29",250,252,E1-S3P-C1-D,System,"Box-girder,  circular column",Mangalathu (2017),M17,S-E1-S34-C-D,
CRCB.E1.S3P.C1.D.System.BoxGirder.Rect.M17,portfolio,Sa_1_Fragility Database.csv,"PRJ-5910 v1, 2025-04-29",251,253,E1-S3P-C1-D,System,"Box-girder,  rectangular column",Mangalathu (2017),M17,S-E1-S34-R-D,
CRCB.E1.S3P.C1.D.System.BoxGirder.Span5.MF.Circ.MCP18,portfolio,Sa_1_Fragility Database.csv,"PRJ-5910 v1, 2025-04-29",252,254,E1-S3P-C1-D,System,"Box-girder, multiple frames,  circular column",Mangalathu et al. (2018),MCP18,,
CRCB.E1.S3P.C1.D.Unseating.BoxGirder.Span5.MF.Disc.Circ.MCP18,component,Sa_1_Fragility Database.csv,"PRJ-5910 v1, 2025-04-29",249,251,E1-S3P-C1-D,Unseating,"Box-girder, multiple frames,  circular column, discontinuous spans",Mangalathu et al. (2018),MCP18,,filled_lower_states
CRCB.E1.S3P.C1.S.AbAct.BoxGirder.Circ.M17,component,Sa_1_Fragility Database.csv,"PRJ-5910 v1, 2025-04-29",716,718,E1-S3P-C1-S,AbAct,"Box-girder,  circular column",Mangalathu (2017),M17,S-E1-S34-C-S,
CRCB.E1.S3P.C1.S.AbAct.BoxGirder.Rect.M17,component,Sa_1_Fragility Database.csv,"PRJ-5910 v1, 2025-04-29",717,719,E1-S3P-C1-S,AbAct,"Box-girder,  rectangular column",Mangalathu (2017),M17,S-E1-S34-R-S,
CRCB.E1.S3P.C1.S.AbPass.BoxGirder.Circ.M17,component,Sa_1_Fragility Database.csv,"PRJ-5910 v1, 2025-04-29",718,720,E1-S3P-C1-S,AbPass,"Box-girder,  circular column",Mangalathu (2017),M17,S-E1-S34-C-S,
CRCB.E1.S3P.C1.S.AbPass.BoxGirder.Rect.M17,component,Sa_1_Fragility Database.csv,"PRJ-5910 v1, 2025-04-29",719,721,E1-S3P-C1-S,AbPass,"Box-girder,  rectangular column",Mangalathu (2017),M17,S-E1-S34-R-S,
CRCB.E1.S3P.C1.S.AbTran.BoxGirder.Circ.M17,component,Sa_1_Fragility Database.csv,"PRJ-5910 v1, 2025-04-29",720,722,E1-S3P-C1-S,AbTran,"Box-girder,  circular column",Mangalathu (2017),M17,S-E1-S34-C-S,
CRCB.E1.S3P.C1.S.AbTran.BoxGirder.Rect.M17,component,Sa_1_Fragility Database.csv,"PRJ-5910 v1, 2025-04-29",721,723,E1-S3P-C1-S,AbTran,"Box-girder,  rectangular column",Mangalathu (2017),M17,S-E1-S34-R-S,
CRCB.E1.S3P.C1.S.Approach.Cant.Slope10.SXR22,component,Sa_1_Fragility Database.csv,"PRJ-5910 v1, 2025-04-29",738,740,E1-S3P-C1-S,Approach,Cantilever abutment on spread footing with approach slab (length 10 ft) damage through slope offset,Shao et al. (2022),SXR22,,
CRCB.E1.S3P.C1.S.Approach.Cant.Step.SXR22,component,Sa_1_Fragility Database.csv,"PRJ-5910 v1, 2025-04-29",735,737,E1-S3P-C1-S,Approach,Cantilever abutment on spread footing with approach slab damage through step offset.,Shao et al. (2022),SXR22,,
CRCB.E1.S3P.C1.S.Approach.Pile.Slope10.SXR22,component,Sa_1_Fragility Database.csv,"PRJ-5910 v1, 2025-04-29",739,741,E1-S3P-C1-S,Approach,Abutment on piles with approach slab (length 10 ft) damage through slope offset,Shao et al. (2022),SXR22,,dispersion
CRCB.E1.S3P.C1.S.Approach.Pile.Step.SXR22,component,Sa_1_Fragility Database.csv,"PRJ-5910 v1, 2025-04-29",736,738,E1-S3P-C1-S,Approach,Abutment on piles with approach slab damage through step offset.,Shao et al. (2022),SXR22,,
CRCB.E1.S3P.C1.S.Approach.Reg.Slope10.SXR22,component,Sa_1_Fragility Database.csv,"PRJ-5910 v1, 2025-04-29",737,739,E1-S3P-C1-S,Approach,Regular-height abutment on spread footing with approach slab (length 10 ft) damage through slope offset,Shao et al. (2022),SXR22,,
CRCB.E1.S3P.C1.S.Approach.Reg.Step.SXR22,component,Sa_1_Fragility Database.csv,"PRJ-5910 v1, 2025-04-29",734,736,E1-S3P-C1-S,Approach,Regular-height abutment on spread footing with approach slab damage through step offset.,Shao et al. (2022),SXR22,,
CRCB.E1.S3P.C1.S.Bearing.BoxGirder.Circ.M17,component,Sa_1_Fragility Database.csv,"PRJ-5910 v1, 2025-04-29",722,724,E1-S3P-C1-S,Bearing,"Box-girder,  circular column",Mangalathu (2017),M17,S-E1-S34-C-S,
CRCB.E1.S3P.C1.S.Bearing.BoxGirder.Rect.M17,component,Sa_1_Fragility Database.csv,"PRJ-5910 v1, 2025-04-29",723,725,E1-S3P-C1-S,Bearing,"Box-girder,  rectangular column",Mangalathu (2017),M17,S-E1-S34-R-S,
CRCB.E1.S3P.C1.S.Column.BoxGirder.Circ.M17,component,Sa_1_Fragility Database.csv,"PRJ-5910 v1, 2025-04-29",712,714,E1-S3P-C1-S,Column,"Box-girder,  circular column",Mangalathu (2017),M17,S-E1-S34-C-S,
CRCB.E1.S3P.C1.S.Column.BoxGirder.Rect.M17,component,Sa_1_Fragility Database.csv,"PRJ-5910 v1, 2025-04-29",713,715,E1-S3P-C1-S,Column,"Box-girder,  rectangular column",Mangalathu (2017),M17,S-E1-S34-R-S,
CRCB.E1.S3P.C1.S.DeckMax.BoxGirder.Circ.M17,component,Sa_1_Fragility Database.csv,"PRJ-5910 v1, 2025-04-29",724,726,E1-S3P-C1-S,DeckMax,"Box-girder,  circular column",Mangalathu (2017),M17,S-E1-S34-C-S,
CRCB.E1.S3P.C1.S.DeckMax.BoxGirder.Rect.M17,component,Sa_1_Fragility Database.csv,"PRJ-5910 v1, 2025-04-29",725,727,E1-S3P-C1-S,DeckMax,"Box-girder,  rectangular column",Mangalathu (2017),M17,S-E1-S34-R-S,
CRCB.E1.S3P.C1.S.FndTran.BoxGirder.Circ.M17,component,Sa_1_Fragility Database.csv,"PRJ-5910 v1, 2025-04-29",728,730,E1-S3P-C1-S,FndTran,"Box-girder,  circular column",Mangalathu (2017),M17,S-E1-S34-C-S,
CRCB.E1.S3P.C1.S.FndTran.BoxGirder.Rect.M17,component,Sa_1_Fragility Database.csv,"PRJ-5910 v1, 2025-04-29",729,731,E1-S3P-C1-S,FndTran,"Box-girder,  rectangular column",Mangalathu (2017),M17,S-E1-S34-R-S,
CRCB.E1.S3P.C1.S.Key.BoxGirder.Circ.M17,component,Sa_1_Fragility Database.csv,"PRJ-5910 v1, 2025-04-29",730,732,E1-S3P-C1-S,Key,"Box-girder,  circular column",Mangalathu (2017),M17,S-E1-S34-C-S,
CRCB.E1.S3P.C1.S.Key.BoxGirder.Rect.M17,component,Sa_1_Fragility Database.csv,"PRJ-5910 v1, 2025-04-29",731,733,E1-S3P-C1-S,Key,"Box-girder,  rectangular column",Mangalathu (2017),M17,S-E1-S34-R-S,
CRCB.E1.S3P.C1.S.Seal.BoxGirder.Circ.M17,component,Sa_1_Fragility Database.csv,"PRJ-5910 v1, 2025-04-29",732,734,E1-S3P-C1-S,Seal,"Box-girder,  circular column",Mangalathu (2017),M17,S-E1-S34-C-S,
CRCB.E1.S3P.C1.S.Seal.BoxGirder.Rect.M17,component,Sa_1_Fragility Database.csv,"PRJ-5910 v1, 2025-04-29",733,735,E1-S3P-C1-S,Seal,"Box-girder,  rectangular column",Mangalathu (2017),M17,S-E1-S34-R-S,
CRCB.E1.S3P.C1.S.System.BoxGirder.Circ.M17,portfolio,Sa_1_Fragility Database.csv,"PRJ-5910 v1, 2025-04-29",740,742,E1-S3P-C1-S,System,"Box-girder,  circular column",Mangalathu (2017),M17,S-E1-S34-C-S,
CRCB.E1.S3P.C1.S.System.BoxGirder.Circ.S17,portfolio,Sa_1_Fragility Database.csv,"PRJ-5910 v1, 2025-04-29",743,745,E1-S3P-C1-S,System,"Box-girder,  circular column",Soleimani (2017),S17,,
CRCB.E1.S3P.C1.S.System.BoxGirder.Rect.M17,portfolio,Sa_1_Fragility Database.csv,"PRJ-5910 v1, 2025-04-29",741,743,E1-S3P-C1-S,System,"Box-girder,  circular column",Mangalathu (2017),M17,S-E1-S34-R-S,label
CRCB.E1.S3P.C1.S.System.BoxGirder.Rect.S17,portfolio,Sa_1_Fragility Database.csv,"PRJ-5910 v1, 2025-04-29",745,747,E1-S3P-C1-S,System,"Box-girder,  rectangular column",Soleimani (2017),S17,,
CRCB.E1.S3P.C1.S.Unseating.BoxGirder.Circ.M17,component,Sa_1_Fragility Database.csv,"PRJ-5910 v1, 2025-04-29",714,716,E1-S3P-C1-S,Unseating,"Box-girder,  circular column",Mangalathu (2017),M17,S-E1-S34-C-S,
CRCB.E1.S3P.C1.S.Unseating.BoxGirder.Rect.M17,component,Sa_1_Fragility Database.csv,"PRJ-5910 v1, 2025-04-29",715,717,E1-S3P-C1-S,Unseating,"Box-girder,  rectangular column",Mangalathu (2017),M17,S-E1-S34-R-S,
CRCB.E1.S3P.C2P.D.AbAct.BoxGirder.MCB.Circ.M17,component,Sa_1_Fragility Database.csv,"PRJ-5910 v1, 2025-04-29",259,261,E1-S3P-C2P-D,AbAct,"Box-girder,  circular column",Mangalathu (2017),M17,M-E1-S34-C-D,
CRCB.E1.S3P.C2P.D.AbAct.BoxGirder.MCB.Rect.M17,component,Sa_1_Fragility Database.csv,"PRJ-5910 v1, 2025-04-29",260,262,E1-S3P-C2P-D,AbAct,"Box-girder,  rectangular column",Mangalathu (2017),M17,M-E1-S34-R-D,
CRCB.E1.S3P.C2P.D.AbAct.BoxGirder.TCB.Circ.M17,component,Sa_1_Fragility Database.csv,"PRJ-5910 v1, 2025-04-29",257,259,E1-S3P-C2P-D,AbAct,"Box-girder,  circular column",Mangalathu (2017),M17,T-E1-S34-C-D,
CRCB.E1.S3P.C2P.D.AbAct.BoxGirder.TCB.Rect.M17,component,Sa_1_Fragility Database.csv,"PRJ-5910 v1, 2025-04-29",258,260,E1-S3P-C2P-D,AbAct,"Box-girder,  rectangular column",Mangalathu (2017),M17,T-E1-S34-R-D,
CRCB.E1.S3P.C2P.D.AbPass.BoxGirder.MCB.Circ.M17,component,Sa_1_Fragility Database.csv,"PRJ-5910 v1, 2025-04-29",263,265,E1-S3P-C2P-D,AbPass,"Box-girder,  circular column",Mangalathu (2017),M17,M-E1-S34-C-D,
CRCB.E1.S3P.C2P.D.AbPass.BoxGirder.MCB.Rect.M17,component,Sa_1_Fragility Database.csv,"PRJ-5910 v1, 2025-04-29",264,266,E1-S3P-C2P-D,AbPass,"Box-girder,  rectangular column",Mangalathu (2017),M17,M-E1-S34-R-D,
CRCB.E1.S3P.C2P.D.AbPass.BoxGirder.TCB.Circ.M17,component,Sa_1_Fragility Database.csv,"PRJ-5910 v1, 2025-04-29",261,263,E1-S3P-C2P-D,AbPass,"Box-girder,  circular column",Mangalathu (2017),M17,T-E1-S34-C-D,
CRCB.E1.S3P.C2P.D.AbPass.BoxGirder.TCB.Rect.M17,component,Sa_1_Fragility Database.csv,"PRJ-5910 v1, 2025-04-29",262,264,E1-S3P-C2P-D,AbPass,"Box-girder,  rectangular column",Mangalathu (2017),M17,T-E1-S34-R-D,
CRCB.E1.S3P.C2P.D.AbTran.BoxGirder.MCB.Circ.M17,component,Sa_1_Fragility Database.csv,"PRJ-5910 v1, 2025-04-29",267,269,E1-S3P-C2P-D,AbTran,"Box-girder,  circular column",Mangalathu (2017),M17,M-E1-S34-C-D,
CRCB.E1.S3P.C2P.D.AbTran.BoxGirder.MCB.Rect.M17,component,Sa_1_Fragility Database.csv,"PRJ-5910 v1, 2025-04-29",268,270,E1-S3P-C2P-D,AbTran,"Box-girder,  rectangular column",Mangalathu (2017),M17,M-E1-S34-R-D,
CRCB.E1.S3P.C2P.D.AbTran.BoxGirder.TCB.Circ.M17,component,Sa_1_Fragility Database.csv,"PRJ-5910 v1, 2025-04-29",265,267,E1-S3P-C2P-D,AbTran,"Box-girder,  circular column",Mangalathu (2017),M17,T-E1-S34-C-D,
CRCB.E1.S3P.C2P.D.AbTran.BoxGirder.TCB.Rect.M17,component,Sa_1_Fragility Database.csv,"PRJ-5910 v1, 2025-04-29",266,268,E1-S3P-C2P-D,AbTran,"Box-girder,  rectangular column",Mangalathu (2017),M17,T-E1-S34-R-D,
CRCB.E1.S3P.C2P.D.Approach.Cant.Slope10.SXR22,component,Sa_1_Fragility Database.csv,"PRJ-5910 v1, 2025-04-29",285,287,E1-S3P-C2P-D,Approach,Cantilever abutment on spread footing with approach slab (length 10 ft) damage through slope offset,Shao et al. (2022),SXR22,,
CRCB.E1.S3P.C2P.D.Approach.Cant.Step.SXR22,component,Sa_1_Fragility Database.csv,"PRJ-5910 v1, 2025-04-29",282,284,E1-S3P-C2P-D,Approach,Cantilever abutment on spread footing with approach slab damage through step offset,Shao et al. (2022),SXR22,,
CRCB.E1.S3P.C2P.D.Approach.Pile.Slope10.SXR22,component,Sa_1_Fragility Database.csv,"PRJ-5910 v1, 2025-04-29",286,288,E1-S3P-C2P-D,Approach,Abutment on piles with approach slab (length 10 ft) damage through slope offset,Shao et al. (2022),SXR22,,dispersion
CRCB.E1.S3P.C2P.D.Approach.Pile.Step.SXR22,component,Sa_1_Fragility Database.csv,"PRJ-5910 v1, 2025-04-29",283,285,E1-S3P-C2P-D,Approach,Abutment on piles with approach slab damage through step offset,Shao et al. (2022),SXR22,,
CRCB.E1.S3P.C2P.D.Approach.Reg.Slope10.SXR22,component,Sa_1_Fragility Database.csv,"PRJ-5910 v1, 2025-04-29",284,286,E1-S3P-C2P-D,Approach,Regular-height abutment on spread footing with approach slab (length 10 ft) damage through slope offset,Shao et al. (2022),SXR22,,
CRCB.E1.S3P.C2P.D.Approach.Reg.Step.SXR22,component,Sa_1_Fragility Database.csv,"PRJ-5910 v1, 2025-04-29",281,283,E1-S3P-C2P-D,Approach,Regular-height abutment on spread footing with approach slab damage through step offset,Shao et al. (2022),SXR22,,
CRCB.E1.S3P.C2P.D.Column.BoxGirder.MCB.Circ.M17,component,Sa_1_Fragility Database.csv,"PRJ-5910 v1, 2025-04-29",255,257,E1-S3P-C2P-D,Column,"Box-girder,  circular column",Mangalathu (2017),M17,M-E1-S34-C-D,
CRCB.E1.S3P.C2P.D.Column.BoxGirder.MCB.Rect.M17,component,Sa_1_Fragility Database.csv,"PRJ-5910 v1, 2025-04-29",256,258,E1-S3P-C2P-D,Column,"Box-girder,  rectangular column",Mangalathu (2017),M17,M-E1-S34-R-D,
CRCB.E1.S3P.C2P.D.Column.BoxGirder.TCB.Circ.M17,component,Sa_1_Fragility Database.csv,"PRJ-5910 v1, 2025-04-29",253,255,E1-S3P-C2P-D,Column,"Box-girder,  circular column",Mangalathu (2017),M17,T-E1-S34-C-D,
CRCB.E1.S3P.C2P.D.Column.BoxGirder.TCB.Rect.M17,component,Sa_1_Fragility Database.csv,"PRJ-5910 v1, 2025-04-29",254,256,E1-S3P-C2P-D,Column,"Box-girder,  rectangular column",Mangalathu (2017),M17,T-E1-S34-R-D,
CRCB.E1.S3P.C2P.D.DeckMax.BoxGirder.MCB.Circ.M17,component,Sa_1_Fragility Database.csv,"PRJ-5910 v1, 2025-04-29",271,273,E1-S3P-C2P-D,DeckMax,"Box-girder,  circular column",Mangalathu (2017),M17,M-E1-S34-C-D,
CRCB.E1.S3P.C2P.D.DeckMax.BoxGirder.MCB.Rect.M17,component,Sa_1_Fragility Database.csv,"PRJ-5910 v1, 2025-04-29",272,274,E1-S3P-C2P-D,DeckMax,"Box-girder,  rectangular column",Mangalathu (2017),M17,M-E1-S34-R-D,
CRCB.E1.S3P.C2P.D.DeckMax.BoxGirder.TCB.Circ.M17,component,Sa_1_Fragility Database.csv,"PRJ-5910 v1, 2025-04-29",269,271,E1-S3P-C2P-D,DeckMax,"Box-girder,  circular column",Mangalathu (2017),M17,T-E1-S34-C-D,
CRCB.E1.S3P.C2P.D.DeckMax.BoxGirder.TCB.Rect.M17,component,Sa_1_Fragility Database.csv,"PRJ-5910 v1, 2025-04-29",270,272,E1-S3P-C2P-D,DeckMax,"Box-girder,  rectangular column",Mangalathu (2017),M17,T-E1-S34-R-D,
CRCB.E1.S3P.C2P.D.FndTran.BoxGirder.MCB.Circ.M17,component,Sa_1_Fragility Database.csv,"PRJ-5910 v1, 2025-04-29",279,281,E1-S3P-C2P-D,FndTran,"Box-girder,  circular column",Mangalathu (2017),M17,M-E1-S34-C-D,
CRCB.E1.S3P.C2P.D.FndTran.BoxGirder.MCB.Rect.M17,component,Sa_1_Fragility Database.csv,"PRJ-5910 v1, 2025-04-29",280,282,E1-S3P-C2P-D,FndTran,"Box-girder,  rectangular column",Mangalathu (2017),M17,M-E1-S34-R-D,
CRCB.E1.S3P.C2P.D.FndTran.BoxGirder.TCB.Circ.M17,component,Sa_1_Fragility Database.csv,"PRJ-5910 v1, 2025-04-29",277,279,E1-S3P-C2P-D,FndTran,"Box-girder,  circular column",Mangalathu (2017),M17,T-E1-S34-C-D,
CRCB.E1.S3P.C2P.D.FndTran.BoxGirder.TCB.Rect.M17,component,Sa_1_Fragility Database.csv,"PRJ-5910 v1, 2025-04-29",278,280,E1-S3P-C2P-D,FndTran,"Box-girder,  rectangular column",Mangalathu (2017),M17,T-E1-S34-R-D,
CRCB.E1.S3P.C2P.D.System.BoxGirder.MCB.Circ.M17,portfolio,Sa_1_Fragility Database.csv,"PRJ-5910 v1, 2025-04-29",289,291,E1-S3P-C2P-D,System,"Box-girder,  circular column",Mangalathu (2017),M17,M-E1-S34-C-D,
CRCB.E1.S3P.C2P.D.System.BoxGirder.MCB.Rect.M17,portfolio,Sa_1_Fragility Database.csv,"PRJ-5910 v1, 2025-04-29",290,292,E1-S3P-C2P-D,System,"Box-girder,  rectangular column",Mangalathu (2017),M17,M-E1-S34-R-D,
CRCB.E1.S3P.C2P.D.System.BoxGirder.TCB.Circ.M17,portfolio,Sa_1_Fragility Database.csv,"PRJ-5910 v1, 2025-04-29",287,289,E1-S3P-C2P-D,System,"Box-girder,  circular column",Mangalathu (2017),M17,T-E1-S34-C-D,
CRCB.E1.S3P.C2P.D.System.BoxGirder.TCB.Rect.M17,portfolio,Sa_1_Fragility Database.csv,"PRJ-5910 v1, 2025-04-29",288,290,E1-S3P-C2P-D,System,"Box-girder,  rectangular column",Mangalathu (2017),M17,T-E1-S34-R-D,
CRCB.E1.S3P.C2P.S.AbAct.BoxGirder.MCB.Circ.M17,component,Sa_1_Fragility Database.csv,"PRJ-5910 v1, 2025-04-29",756,758,E1-S3P-C2P-S,AbAct,"Box-girder,  circular column",Mangalathu (2017),M17,M-E1-S34-C-S,
CRCB.E1.S3P.C2P.S.AbAct.BoxGirder.MCB.Rect.M17,component,Sa_1_Fragility Database.csv,"PRJ-5910 v1, 2025-04-29",757,759,E1-S3P-C2P-S,AbAct,"Box-girder,  rectangular column",Mangalathu (2017),M17,M-E1-S34-R-S,
CRCB.E1.S3P.C2P.S.AbAct.BoxGirder.TCB.Circ.M17,component,Sa_1_Fragility Database.csv,"PRJ-5910 v1, 2025-04-29",754,756,E1-S3P-C2P-S,AbAct,"Box-girder,  circular column",Mangalathu (2017),M17,T-E1-S34-C-S,
CRCB.E1.S3P.C2P.S.AbAct.BoxGirder.TCB.Rect.M17,component,Sa_1_Fragility Database.csv,"PRJ-5910 v1, 2025-04-29",755,757,E1-S3P-C2P-S,AbAct,"Box-girder,  rectangular column",Mangalathu (2017),M17,T-E1-S34-R-S,
CRCB.E1.S3P.C2P.S.AbPass.BoxGirder.MCB.Circ.M17,component,Sa_1_Fragility Database.csv,"PRJ-5910 v1, 2025-04-29",760,762,E1-S3P-C2P-S,AbPass,"Box-girder,  circular column",Mangalathu (2017),M17,M-E1-S34-C-S,
CRCB.E1.S3P.C2P.S.AbPass.BoxGirder.MCB.Rect.M17,component,Sa_1_Fragility Database.csv,"PRJ-5910 v1, 2025-04-29",761,763,E1-S3P-C2P-S,AbPass,"Box-girder,  rectangular column",Mangalathu (2017),M17,M-E1-S34-R-S,
CRCB.E1.S3P.C2P.S.AbPass.BoxGirder.TCB.Circ.M17,component,Sa_1_Fragility Database.csv,"PRJ-5910 v1, 2025-04-29",758,760,E1-S3P-C2P-S,AbPass,"Box-girder,  circular column",Mangalathu (2017),M17,T-E1-S34-C-S,
CRCB.E1.S3P.C2P.S.AbPass.BoxGirder.TCB.Rect.M17,component,Sa_1_Fragility Database.csv,"PRJ-5910 v1, 2025-04-29",759,761,E1-S3P-C2P-S,AbPass,"Box-girder,  rectangular column",Mangalathu (2017),M17,T-E1-S34-R-S,
CRCB.E1.S3P.C2P.S.AbTran.BoxGirder.MCB.Circ.M17,component,Sa_1_Fragility Database.csv,"PRJ-5910 v1, 2025-04-29",764,766,E1-S3P-C2P-S,AbTran,"Box-girder,  circular column",Mangalathu (2017),M17,M-E1-S34-C-S,
CRCB.E1.S3P.C2P.S.AbTran.BoxGirder.MCB.Rect.M17,component,Sa_1_Fragility Database.csv,"PRJ-5910 v1, 2025-04-29",765,767,E1-S3P-C2P-S,AbTran,"Box-girder,  rectangular column",Mangalathu (2017),M17,M-E1-S34-R-S,
CRCB.E1.S3P.C2P.S.AbTran.BoxGirder.TCB.Circ.M17,component,Sa_1_Fragility Database.csv,"PRJ-5910 v1, 2025-04-29",762,764,E1-S3P-C2P-S,AbTran,"Box-girder,  circular column",Mangalathu (2017),M17,T-E1-S34-C-S,
CRCB.E1.S3P.C2P.S.AbTran.BoxGirder.TCB.Rect.M17,component,Sa_1_Fragility Database.csv,"PRJ-5910 v1, 2025-04-29",763,765,E1-S3P-C2P-S,AbTran,"Box-girder,  rectangular column",Mangalathu (2017),M17,T-E1-S34-R-S,
CRCB.E1.S3P.C2P.S.Approach.Cant.Slope10.SXR22,component,Sa_1_Fragility Database.csv,"PRJ-5910 v1, 2025-04-29",794,796,E1-S3P-C2P-S,Approach,Cantilever abutment on spread footing with approach slab (length 10 ft) damage through slope offset,Shao et al. (2022),SXR22,,
CRCB.E1.S3P.C2P.S.Approach.Cant.Step.SXR22,component,Sa_1_Fragility Database.csv,"PRJ-5910 v1, 2025-04-29",791,793,E1-S3P-C2P-S,Approach,Cantilever abutment on spread footing with approach slab damage through step offset.,Shao et al. (2022),SXR22,,
CRCB.E1.S3P.C2P.S.Approach.Pile.Slope10.SXR22,component,Sa_1_Fragility Database.csv,"PRJ-5910 v1, 2025-04-29",795,797,E1-S3P-C2P-S,Approach,Abutment on piles with approach slab (length 10 ft) damage through slope offset,Shao et al. (2022),SXR22,,dispersion
CRCB.E1.S3P.C2P.S.Approach.Pile.Step.SXR22,component,Sa_1_Fragility Database.csv,"PRJ-5910 v1, 2025-04-29",792,794,E1-S3P-C2P-S,Approach,Abutment on piles with approach slab damage through step offset.,Shao et al. (2022),SXR22,,
CRCB.E1.S3P.C2P.S.Approach.Reg.Slope10.SXR22,component,Sa_1_Fragility Database.csv,"PRJ-5910 v1, 2025-04-29",793,795,E1-S3P-C2P-S,Approach,Regular-height abutment on spread footing with approach slab (length 10 ft) damage through slope offset,Shao et al. (2022),SXR22,,
CRCB.E1.S3P.C2P.S.Approach.Reg.Step.SXR22,component,Sa_1_Fragility Database.csv,"PRJ-5910 v1, 2025-04-29",790,792,E1-S3P-C2P-S,Approach,Regular-height abutment on spread footing with approach slab damage through step offset.,Shao et al. (2022),SXR22,,
CRCB.E1.S3P.C2P.S.Bearing.BoxGirder.MCB.Circ.M17,component,Sa_1_Fragility Database.csv,"PRJ-5910 v1, 2025-04-29",768,770,E1-S3P-C2P-S,Bearing,"Box-girder,  circular column",Mangalathu (2017),M17,M-E1-S34-C-S,
CRCB.E1.S3P.C2P.S.Bearing.BoxGirder.MCB.Rect.M17,component,Sa_1_Fragility Database.csv,"PRJ-5910 v1, 2025-04-29",769,771,E1-S3P-C2P-S,Bearing,"Box-girder,  rectangular column",Mangalathu (2017),M17,M-E1-S34-R-S,
CRCB.E1.S3P.C2P.S.Bearing.BoxGirder.TCB.Circ.M17,component,Sa_1_Fragility Database.csv,"PRJ-5910 v1, 2025-04-29",766,768,E1-S3P-C2P-S,Bearing,"Box-girder,  circular column",Mangalathu (2017),M17,T-E1-S34-C-S,
CRCB.E1.S3P.C2P.S.Bearing.BoxGirder.TCB.Rect.M17,component,Sa_1_Fragility Database.csv,"PRJ-5910 v1, 2025-04-29",767,769,E1-S3P-C2P-S,Bearing,"Box-girder,  rectangular column",Mangalathu (2017),M17,T-E1-S34-R-S,
CRCB.E1.S3P.C2P.S.Column.BoxGirder.MCB.Circ.M17,component,Sa_1_Fragility Database.csv,"PRJ-5910 v1, 2025-04-29",748,750,E1-S3P-C2P-S,Column,"Box-girder,  circular column",Mangalathu (2017),M17,M-E1-S34-C-S,
CRCB.E1.S3P.C2P.S.Column.BoxGirder.MCB.Rect.M17,component,Sa_1_Fragility Database.csv,"PRJ-5910 v1, 2025-04-29",749,751,E1-S3P-C2P-S,Column,"Box-girder,  rectangular column",Mangalathu (2017),M17,M-E1-S34-R-S,
CRCB.E1.S3P.C2P.S.Column.BoxGirder.TCB.Circ.M17,component,Sa_1_Fragility Database.csv,"PRJ-5910 v1, 2025-04-29",746,748,E1-S3P-C2P-S,Column,"Box-girder,  circular column",Mangalathu (2017),M17,T-E1-S34-C-S,
CRCB.E1.S3P.C2P.S.Column.BoxGirder.TCB.Rect.M17,component,Sa_1_Fragility Database.csv,"PRJ-5910 v1, 2025-04-29",747,749,E1-S3P-C2P-S,Column,"Box-girder,  rectangular column",Mangalathu (2017),M17,T-E1-S34-R-S,
CRCB.E1.S3P.C2P.S.DeckMax.BoxGirder.MCB.Circ.M17,component,Sa_1_Fragility Database.csv,"PRJ-5910 v1, 2025-04-29",772,774,E1-S3P-C2P-S,DeckMax,"Box-girder,  circular column",Mangalathu (2017),M17,M-E1-S34-C-S,
CRCB.E1.S3P.C2P.S.DeckMax.BoxGirder.MCB.Rect.M17,component,Sa_1_Fragility Database.csv,"PRJ-5910 v1, 2025-04-29",773,775,E1-S3P-C2P-S,DeckMax,"Box-girder,  rectangular column",Mangalathu (2017),M17,M-E1-S34-R-S,
CRCB.E1.S3P.C2P.S.DeckMax.BoxGirder.TCB.Circ.M17,component,Sa_1_Fragility Database.csv,"PRJ-5910 v1, 2025-04-29",770,772,E1-S3P-C2P-S,DeckMax,"Box-girder,  circular column",Mangalathu (2017),M17,T-E1-S34-C-S,
CRCB.E1.S3P.C2P.S.DeckMax.BoxGirder.TCB.Rect.M17,component,Sa_1_Fragility Database.csv,"PRJ-5910 v1, 2025-04-29",771,773,E1-S3P-C2P-S,DeckMax,"Box-girder,  rectangular column",Mangalathu (2017),M17,T-E1-S34-R-S,
CRCB.E1.S3P.C2P.S.FndTran.BoxGirder.MCB.Circ.M17,component,Sa_1_Fragility Database.csv,"PRJ-5910 v1, 2025-04-29",780,782,E1-S3P-C2P-S,FndTran,"Box-girder,  circular column",Mangalathu (2017),M17,M-E1-S34-C-S,
CRCB.E1.S3P.C2P.S.FndTran.BoxGirder.MCB.Rect.M17,component,Sa_1_Fragility Database.csv,"PRJ-5910 v1, 2025-04-29",781,783,E1-S3P-C2P-S,FndTran,"Box-girder,  rectangular column",Mangalathu (2017),M17,M-E1-S34-R-S,
CRCB.E1.S3P.C2P.S.FndTran.BoxGirder.TCB.Circ.M17,component,Sa_1_Fragility Database.csv,"PRJ-5910 v1, 2025-04-29",778,780,E1-S3P-C2P-S,FndTran,"Box-girder,  circular column",Mangalathu (2017),M17,T-E1-S34-C-S,
CRCB.E1.S3P.C2P.S.FndTran.BoxGirder.TCB.Rect.M17,component,Sa_1_Fragility Database.csv,"PRJ-5910 v1, 2025-04-29",779,781,E1-S3P-C2P-S,FndTran,"Box-girder,  rectangular column",Mangalathu (2017),M17,T-E1-S34-R-S,
CRCB.E1.S3P.C2P.S.Key.BoxGirder.MCB.Circ.M17,component,Sa_1_Fragility Database.csv,"PRJ-5910 v1, 2025-04-29",784,786,E1-S3P-C2P-S,Key,"Box-girder,  circular column",Mangalathu (2017),M17,M-E1-S34-C-S,
CRCB.E1.S3P.C2P.S.Key.BoxGirder.MCB.Rect.M17,component,Sa_1_Fragility Database.csv,"PRJ-5910 v1, 2025-04-29",785,787,E1-S3P-C2P-S,Key,"Box-girder,  rectangular column",Mangalathu (2017),M17,M-E1-S34-R-S,
CRCB.E1.S3P.C2P.S.Key.BoxGirder.TCB.Circ.M17,component,Sa_1_Fragility Database.csv,"PRJ-5910 v1, 2025-04-29",782,784,E1-S3P-C2P-S,Key,"Box-girder,  circular column",Mangalathu (2017),M17,T-E1-S34-C-S,
CRCB.E1.S3P.C2P.S.Key.BoxGirder.TCB.Rect.M17,component,Sa_1_Fragility Database.csv,"PRJ-5910 v1, 2025-04-29",783,785,E1-S3P-C2P-S,Key,"Box-girder,  rectangular column",Mangalathu (2017),M17,T-E1-S34-R-S,
CRCB.E1.S3P.C2P.S.Seal.BoxGirder.MCB.Circ.M17,component,Sa_1_Fragility Database.csv,"PRJ-5910 v1, 2025-04-29",788,790,E1-S3P-C2P-S,Seal,"Box-girder,  circular column",Mangalathu (2017),M17,M-E1-S34-C-S,
CRCB.E1.S3P.C2P.S.Seal.BoxGirder.MCB.Rect.M17,component,Sa_1_Fragility Database.csv,"PRJ-5910 v1, 2025-04-29",789,791,E1-S3P-C2P-S,Seal,"Box-girder,  rectangular column",Mangalathu (2017),M17,M-E1-S34-R-S,
CRCB.E1.S3P.C2P.S.Seal.BoxGirder.TCB.Circ.M17,component,Sa_1_Fragility Database.csv,"PRJ-5910 v1, 2025-04-29",786,788,E1-S3P-C2P-S,Seal,"Box-girder,  circular column",Mangalathu (2017),M17,T-E1-S34-C-S,
CRCB.E1.S3P.C2P.S.Seal.BoxGirder.TCB.Rect.M17,component,Sa_1_Fragility Database.csv,"PRJ-5910 v1, 2025-04-29",787,789,E1-S3P-C2P-S,Seal,"Box-girder,  rectangular column",Mangalathu (2017),M17,T-E1-S34-R-S,
CRCB.E1.S3P.C2P.S.System.BoxGirder.MCB.Circ.M17,portfolio,Sa_1_Fragility Database.csv,"PRJ-5910 v1, 2025-04-29",798,800,E1-S3P-C2P-S,System,"Box-girder,  circular column",Mangalathu (2017),M17,M-E1-S34-C-S,
CRCB.E1.S3P.C2P.S.System.BoxGirder.MCB.Rect.M17,portfolio,Sa_1_Fragility Database.csv,"PRJ-5910 v1, 2025-04-29",799,801,E1-S3P-C2P-S,System,"Box-girder,  rectangular column",Mangalathu (2017),M17,M-E1-S34-R-S,
CRCB.E1.S3P.C2P.S.System.BoxGirder.TCB.Circ.M17,portfolio,Sa_1_Fragility Database.csv,"PRJ-5910 v1, 2025-04-29",796,798,E1-S3P-C2P-S,System,"Box-girder,  circular column",Mangalathu (2017),M17,T-E1-S34-C-S,
CRCB.E1.S3P.C2P.S.System.BoxGirder.TCB.Rect.M17,portfolio,Sa_1_Fragility Database.csv,"PRJ-5910 v1, 2025-04-29",797,799,E1-S3P-C2P-S,System,"Box-girder,  rectangular column",Mangalathu (2017),M17,T-E1-S34-R-S,
CRCB.E1.S3P.C2P.S.System.BoxGirder.TCB.Span3.Circ.MSJ17,portfolio,Sa_1_Fragility Database.csv,"PRJ-5910 v1, 2025-04-29",800,802,E1-S3P-C2P-S,System,"Box-girder,  circular column","Mangalathu, Soleimani, et al. (2017)",MSJ17,,
CRCB.E1.S3P.C2P.S.System.BoxGirder.TCB.Span4.Circ.MSJ17,portfolio,Sa_1_Fragility Database.csv,"PRJ-5910 v1, 2025-04-29",801,803,E1-S3P-C2P-S,System,"Box-girder,  circular column","Mangalathu, Soleimani, et al. (2017)",MSJ17,,
CRCB.E1.S3P.C2P.S.Unseating.BoxGirder.MCB.Circ.M17,component,Sa_1_Fragility Database.csv,"PRJ-5910 v1, 2025-04-29",752,754,E1-S3P-C2P-S,Unseating,"Box-girder,  circular column",Mangalathu (2017),M17,M-E1-S34-C-S,
CRCB.E1.S3P.C2P.S.Unseating.BoxGirder.MCB.Rect.M17,component,Sa_1_Fragility Database.csv,"PRJ-5910 v1, 2025-04-29",753,755,E1-S3P-C2P-S,Unseating,"Box-girder,  rectangular column",Mangalathu (2017),M17,M-E1-S34-R-S,
CRCB.E1.S3P.C2P.S.Unseating.BoxGirder.TCB.Circ.M17,component,Sa_1_Fragility Database.csv,"PRJ-5910 v1, 2025-04-29",750,752,E1-S3P-C2P-S,Unseating,"Box-girder,  circular column",Mangalathu (2017),M17,T-E1-S34-C-S,
CRCB.E1.S3P.C2P.S.Unseating.BoxGirder.TCB.Rect.M17,component,Sa_1_Fragility Database.csv,"PRJ-5910 v1, 2025-04-29",751,753,E1-S3P-C2P-S,Unseating,"Box-girder,  rectangular column",Mangalathu (2017),M17,T-E1-S34-R-S,
CRCB.E123.S1.C0.D.AbAct.Slab.Mod1.CPR22,component,Sa_1_Fragility Database.csv,"PRJ-5910 v1, 2025-04-29",0,2,E123-S1-C0-D,AbAct,"Slab deck, modification factors computed using Era 1 bridge fragilities",Cavalcante et al. (2022),CPR22,,recomputed
CRCB.E123.S1.C0.D.AbAct.Slab.Mod23.CPR22,component,Sa_1_Fragility Database.csv,"PRJ-5910 v1, 2025-04-29",1,3,E123-S1-C0-D,AbAct,"Slab deck, modification factors computed using Era 2 and Era 3 bridge fragilities",Cavalcante et al. (2022),CPR22,,recomputed
CRCB.E123.S1.C0.D.AbAct.TBeam.Mod1.CPR22,component,Sa_1_Fragility Database.csv,"PRJ-5910 v1, 2025-04-29",2,4,E123-S1-C0-D,AbAct,"T-beam, modification factors computed by using Era 1 bridge fragilities",Cavalcante et al. (2022),CPR22,,recomputed
CRCB.E123.S1.C0.D.AbAct.TBeam.Mod23.CPR22,component,Sa_1_Fragility Database.csv,"PRJ-5910 v1, 2025-04-29",3,5,E123-S1-C0-D,AbAct,"T-beam, modification factors computed using Era 2 and Era 3 bridge fragilities",Cavalcante et al. (2022),CPR22,,recomputed
CRCB.E123.S1.C0.D.AbPass.Slab.Mod1.CPR22,component,Sa_1_Fragility Database.csv,"PRJ-5910 v1, 2025-04-29",4,6,E123-S1-C0-D,AbPass,"Slab deck, modification factors computed by using Era 1 bridge fragilities",Cavalcante et al. (2022),CPR22,,recomputed
CRCB.E123.S1.C0.D.AbPass.Slab.Mod23.CPR22,component,Sa_1_Fragility Database.csv,"PRJ-5910 v1, 2025-04-29",5,7,E123-S1-C0-D,AbPass,"Slab deck, modification factors computed using Era 2 and Era 3 bridge fragilities",Cavalcante et al. (2022),CPR22,,recomputed
CRCB.E123.S1.C0.D.AbPass.TBeam.Mod1.CPR22,component,Sa_1_Fragility Database.csv,"PRJ-5910 v1, 2025-04-29",6,8,E123-S1-C0-D,AbPass,"T-beam, modification factors computed by using Era 1 bridge fragilities",Cavalcante et al. (2022),CPR22,,recomputed
CRCB.E123.S1.C0.D.AbPass.TBeam.Mod23.CPR22,component,Sa_1_Fragility Database.csv,"PRJ-5910 v1, 2025-04-29",7,9,E123-S1-C0-D,AbPass,"T-beam, modification factors computed using Era 2 and Era 3 bridge fragilities",Cavalcante et al. (2022),CPR22,,recomputed
CRCB.E123.S1.C0.D.AbTran.Slab.Mod1.CPR22,component,Sa_1_Fragility Database.csv,"PRJ-5910 v1, 2025-04-29",8,10,E123-S1-C0-D,AbTran,"Slab deck, modification factors computed by using Era 1 bridge fragilities",Cavalcante et al. (2022),CPR22,,
CRCB.E123.S1.C0.D.AbTran.Slab.Mod23.CPR22,component,Sa_1_Fragility Database.csv,"PRJ-5910 v1, 2025-04-29",9,11,E123-S1-C0-D,AbTran,"Slab deck, modification factors computed using Era 2 and Era 3 bridge fragilities",Cavalcante et al. (2022),CPR22,,
CRCB.E123.S1.C0.D.AbTran.TBeam.Mod1.CPR22,component,Sa_1_Fragility Database.csv,"PRJ-5910 v1, 2025-04-29",10,12,E123-S1-C0-D,AbTran,"T-beam, modification factors computed by using Era 1 bridge fragilities",Cavalcante et al. (2022),CPR22,,
CRCB.E123.S1.C0.D.AbTran.TBeam.Mod23.CPR22,component,Sa_1_Fragility Database.csv,"PRJ-5910 v1, 2025-04-29",11,13,E123-S1-C0-D,AbTran,"T-beam, modification factors computed using Era 2 and Era 3 bridge fragilities",Cavalcante et al. (2022),CPR22,,
CRCB.E123.S1.C0.D.Approach.Cant.Slope10.SXR22,component,Sa_1_Fragility Database.csv,"PRJ-5910 v1, 2025-04-29",16,18,E123-S1-C0-D,Approach,Cantilever abutment on spread footing with approach slab (length 10 ft) damage through slope offset,Shao et al. (2022),SXR22,,
CRCB.E123.S1.C0.D.Approach.Cant.Step.SXR22,component,Sa_1_Fragility Database.csv,"PRJ-5910 v1, 2025-04-29",13,15,E123-S1-C0-D,Approach,Cantilever abutment on spread footing with approach slab damage through step offset,Shao et al. (2022),SXR22,,
CRCB.E123.S1.C0.D.Approach.Pile.Slope10.SXR22,component,Sa_1_Fragility Database.csv,"PRJ-5910 v1, 2025-04-29",17,19,E123-S1-C0-D,Approach,Abutment on piles with approach slab (length 10 ft) damage through slope offset,Shao et al. (2022),SXR22,,dispersion
CRCB.E123.S1.C0.D.Approach.Pile.Step.SXR22,component,Sa_1_Fragility Database.csv,"PRJ-5910 v1, 2025-04-29",14,16,E123-S1-C0-D,Approach,Abutment on piles with approach slab damage through step offset,Shao et al. (2022),SXR22,,
CRCB.E123.S1.C0.D.Approach.Reg.Slope10.SXR22,component,Sa_1_Fragility Database.csv,"PRJ-5910 v1, 2025-04-29",15,17,E123-S1-C0-D,Approach,Regular-height abutment on spread footing with approach slab (length 10 ft) damage through slope offset,Shao et al. (2022),SXR22,,
CRCB.E123.S1.C0.D.Approach.Reg.Step.SXR22,component,Sa_1_Fragility Database.csv,"PRJ-5910 v1, 2025-04-29",12,14,E123-S1-C0-D,Approach,Regular-height abutment on spread footing with approach slab damage through step offset,Shao et al. (2022),SXR22,,
CRCB.E123.S1.C0.D.System.Slab.Mod1.CPR22,portfolio,Sa_1_Fragility Database.csv,"PRJ-5910 v1, 2025-04-29",18,20,E123-S1-C0-D,System,"Slab deck, modification factors computed by using Era 1 bridge fragilities",Cavalcante et al. (2022),CPR22,,
CRCB.E123.S1.C0.D.System.Slab.Mod2.CPR22,portfolio,Sa_1_Fragility Database.csv,"PRJ-5910 v1, 2025-04-29",19,21,E123-S1-C0-D,System,"Slab deck, modification factors computed using Era 2 bridge fragilities",Cavalcante et al. (2022),CPR22,,
CRCB.E123.S1.C0.D.System.Slab.Mod3.CPR22,portfolio,Sa_1_Fragility Database.csv,"PRJ-5910 v1, 2025-04-29",20,22,E123-S1-C0-D,System,"Slab deck, modification factors computed using Era 3 bridge fragilities",Cavalcante et al. (2022),CPR22,,
CRCB.E123.S1.C0.D.System.TBeam.Mod1.CPR22,portfolio,Sa_1_Fragility Database.csv,"PRJ-5910 v1, 2025-04-29",21,23,E123-S1-C0-D,System,"T-beam, modification factors computed by using Era 1 bridge fragilities",Cavalcante et al. (2022),CPR22,,
CRCB.E123.S1.C0.D.System.TBeam.Mod2.CPR22,portfolio,Sa_1_Fragility Database.csv,"PRJ-5910 v1, 2025-04-29",22,24,E123-S1-C0-D,System,"T-beam, modification factors computed using Era 2 bridge fragilities",Cavalcante et al. (2022),CPR22,,
CRCB.E123.S1.C0.D.System.TBeam.Mod3.CPR22,portfolio,Sa_1_Fragility Database.csv,"PRJ-5910 v1, 2025-04-29",23,25,E123-S1-C0-D,System,"T-beam, modification factors computed using Era 3 bridge fragilities",Cavalcante et al. (2022),CPR22,,
CRCB.E123.S1.C0.S.AbAct.Slab.CPR22,component,Sa_1_Fragility Database.csv,"PRJ-5910 v1, 2025-04-29",28,30,E123-S1-C0-S,AbPass,Slab deck,Cavalcante et al. (2022),CPR22,,swap
CRCB.E123.S1.C0.S.AbAct.TBeam.CPR22,component,Sa_1_Fragility Database.csv,"PRJ-5910 v1, 2025-04-29",29,31,E123-S1-C0-S,AbPass,T-beam,Cavalcante et al. (2022),CPR22,,swap
CRCB.E123.S1.C0.S.AbPass.Slab.CPR22,component,Sa_1_Fragility Database.csv,"PRJ-5910 v1, 2025-04-29",26,28,E123-S1-C0-S,AbAct,Slab deck,Cavalcante et al. (2022),CPR22,,swap
CRCB.E123.S1.C0.S.AbPass.TBeam.CPR22,component,Sa_1_Fragility Database.csv,"PRJ-5910 v1, 2025-04-29",27,29,E123-S1-C0-S,AbAct,T-beam,Cavalcante et al. (2022),CPR22,,swap
CRCB.E123.S1.C0.S.AbTran.Slab.CPR22,component,Sa_1_Fragility Database.csv,"PRJ-5910 v1, 2025-04-29",30,32,E123-S1-C0-S,AbTran,Slab deck,Cavalcante et al. (2022),CPR22,,
CRCB.E123.S1.C0.S.AbTran.TBeam.CPR22,component,Sa_1_Fragility Database.csv,"PRJ-5910 v1, 2025-04-29",31,33,E123-S1-C0-S,AbTran,T-beam,Cavalcante et al. (2022),CPR22,,
CRCB.E123.S1.C0.S.Approach.Cant.Slope10.SXR22,component,Sa_1_Fragility Database.csv,"PRJ-5910 v1, 2025-04-29",40,42,E123-S1-C0-S,Approach,Cantilever abutment on spread footing with approach slab (length 10 ft) damage through slope offset,Shao et al. (2022),SXR22,,
CRCB.E123.S1.C0.S.Approach.Cant.Step.SXR22,component,Sa_1_Fragility Database.csv,"PRJ-5910 v1, 2025-04-29",37,39,E123-S1-C0-S,Approach,Cantilever abutment on spread footing with approach slab damage through step offset,Shao et al. (2022),SXR22,,
CRCB.E123.S1.C0.S.Approach.Pile.Slope10.SXR22,component,Sa_1_Fragility Database.csv,"PRJ-5910 v1, 2025-04-29",41,43,E123-S1-C0-S,Approach,Abutment on piles with approach slab (length 10 ft) damage through slope offset,Shao et al. (2022),SXR22,,dispersion
CRCB.E123.S1.C0.S.Approach.Pile.Step.SXR22,component,Sa_1_Fragility Database.csv,"PRJ-5910 v1, 2025-04-29",38,40,E123-S1-C0-S,Approach,Abutment on piles with approach slab damage through step offset,Shao et al. (2022),SXR22,,
CRCB.E123.S1.C0.S.Approach.Reg.Slope10.SXR22,component,Sa_1_Fragility Database.csv,"PRJ-5910 v1, 2025-04-29",39,41,E123-S1-C0-S,Approach,Regular-height abutment on spread footing with approach slab (length 10 ft) damage through slope offset,Shao et al. (2022),SXR22,,
CRCB.E123.S1.C0.S.Approach.Reg.Step.SXR22,component,Sa_1_Fragility Database.csv,"PRJ-5910 v1, 2025-04-29",36,38,E123-S1-C0-S,Approach,Regular-height abutment on spread footing with approach slab damage through step offset,Shao et al. (2022),SXR22,,
CRCB.E123.S1.C0.S.Bearing.Slab.Lng.CPR22,component,Sa_1_Fragility Database.csv,"PRJ-5910 v1, 2025-04-29",32,34,E123-S1-C0-S,Bearing,"Slab deck, longitudinal direction",Cavalcante et al. (2022),CPR22,,
CRCB.E123.S1.C0.S.Bearing.Slab.Trn.CPR22,component,Sa_1_Fragility Database.csv,"PRJ-5910 v1, 2025-04-29",33,35,E123-S1-C0-S,Bearing,"Slab deck, transverse direction",Cavalcante et al. (2022),CPR22,,
CRCB.E123.S1.C0.S.Bearing.TBeam.Lng.CPR22,component,Sa_1_Fragility Database.csv,"PRJ-5910 v1, 2025-04-29",34,36,E123-S1-C0-S,Bearing,"T-beam, longitudinal direction",Cavalcante et al. (2022),CPR22,,
CRCB.E123.S1.C0.S.Bearing.TBeam.Trn.CPR22,component,Sa_1_Fragility Database.csv,"PRJ-5910 v1, 2025-04-29",35,37,E123-S1-C0-S,Bearing,"T-beam, transverse direction",Cavalcante et al. (2022),CPR22,,
CRCB.E123.S1.C0.S.System.Slab.CPR22,portfolio,Sa_1_Fragility Database.csv,"PRJ-5910 v1, 2025-04-29",42,44,E123-S1-C0-S,System,Slab deck,Cavalcante et al. (2022),CPR22,,
CRCB.E123.S1.C0.S.System.TBeam.CPR22,portfolio,Sa_1_Fragility Database.csv,"PRJ-5910 v1, 2025-04-29",43,45,E123-S1-C0-S,System,T-beam,Cavalcante et al. (2022),CPR22,,
CRCB.E123.S1.C0.S.Unseating.Slab.CPR22,component,Sa_1_Fragility Database.csv,"PRJ-5910 v1, 2025-04-29",24,26,E123-S1-C0-S,Unseating,Slab deck,Cavalcante et al. (2022),CPR22,,filled_lower_states
CRCB.E123.S1.C0.S.Unseating.TBeam.CPR22,component,Sa_1_Fragility Database.csv,"PRJ-5910 v1, 2025-04-29",25,27,E123-S1-C0-S,Unseating,T-beam,Cavalcante et al. (2022),CPR22,,filled_lower_states
CRCB.E2.S2.C1.D.AbAct.BoxGirder.Circ.M17,component,Sa_1_Fragility Database.csv,"PRJ-5910 v1, 2025-04-29",114,116,E2-S2-C1-D,AbAct,"Box-girder,  circular column",Mangalathu (2017),M17,S-E2-S22-C-D,
CRCB.E2.S2.C1.D.AbAct.BoxGirder.Obl.M17,component,Sa_1_Fragility Database.csv,"PRJ-5910 v1, 2025-04-29",115,117,E2-S2-C1-D,AbAct,"Box-girder,  oblong column ",Mangalathu (2017),M17,S-E2-S22-O-D,
CRCB.E2.S2.C1.D.AbPass.BoxGirder.Circ.M17,component,Sa_1_Fragility Database.csv,"PRJ-5910 v1, 2025-04-29",116,118,E2-S2-C1-D,AbPass,"Box-girder,  circular column",Mangalathu (2017),M17,S-E2-S22-C-D,
CRCB.E2.S2.C1.D.AbPass.BoxGirder.Obl.M17,component,Sa_1_Fragility Database.csv,"PRJ-5910 v1, 2025-04-29",117,119,E2-S2-C1-D,AbPass,"Box-girder,  oblong column ",Mangalathu (2017),M17,S-E2-S22-O-D,
CRCB.E2.S2.C1.D.AbTran.BoxGirder.Circ.M17,component,Sa_1_Fragility Database.csv,"PRJ-5910 v1, 2025-04-29",118,120,E2-S2-C1-D,AbTran,"Box-girder,  circular column",Mangalathu (2017),M17,S-E2-S22-C-D,
CRCB.E2.S2.C1.D.AbTran.BoxGirder.Obl.M17,component,Sa_1_Fragility Database.csv,"PRJ-5910 v1, 2025-04-29",119,121,E2-S2-C1-D,AbTran,"Box-girder,  oblong column ",Mangalathu (2017),M17,S-E2-S22-O-D,
CRCB.E2.S2.C1.D.Approach.Pile.Slope30.SXR22,component,Sa_1_Fragility Database.csv,"PRJ-5910 v1, 2025-04-29",129,131,E2-S2-C1-D,Approach,Abutment on piles with approach slab (length 30 ft) damage through slope offset,Shao et al. (2022),SXR22,,
CRCB.E2.S2.C1.D.Approach.Pile.Slope45.SXR22,component,Sa_1_Fragility Database.csv,"PRJ-5910 v1, 2025-04-29",131,133,E2-S2-C1-D,Approach,Abutment on piles with approach slab (length 45 ft) damage through slope offset,Shao et al. (2022),SXR22,,
CRCB.E2.S2.C1.D.Approach.Pile.Step.SXR22,component,Sa_1_Fragility Database.csv,"PRJ-5910 v1, 2025-04-29",127,129,E2-S2-C1-D,Approach,Abutment on piles with approach slab damage through step offset,Shao et al. (2022),SXR22,,
CRCB.E2.S2.C1.D.Approach.Reg.Slope30.SXR22,component,Sa_1_Fragility Database.csv,"PRJ-5910 v1, 2025-04-29",128,130,E2-S2-C1-D,Approach,Regular-height abutment on spread footing with approach slab (length 30 ft) damage through slope offset,Shao et al. (2022),SXR22,,
CRCB.E2.S2.C1.D.Approach.Reg.Slope45.SXR22,component,Sa_1_Fragility Database.csv,"PRJ-5910 v1, 2025-04-29",130,132,E2-S2-C1-D,Approach,Regular-height abutment on spread footing with approach slab (length 45 ft) damage through slope offset,Shao et al. (2022),SXR22,,
CRCB.E2.S2.C1.D.Approach.Reg.Step.SXR22,component,Sa_1_Fragility Database.csv,"PRJ-5910 v1, 2025-04-29",126,128,E2-S2-C1-D,Approach,Regular-height abutment on spread footing with approach slab damage through step offset,Shao et al. (2022),SXR22,,
CRCB.E2.S2.C1.D.Column.BoxGirder.Circ.M17,component,Sa_1_Fragility Database.csv,"PRJ-5910 v1, 2025-04-29",112,114,E2-S2-C1-D,Column,"Box-girder,  circular column",Mangalathu (2017),M17,S-E2-S22-C-D,
CRCB.E2.S2.C1.D.Column.BoxGirder.Obl.M17,component,Sa_1_Fragility Database.csv,"PRJ-5910 v1, 2025-04-29",113,115,E2-S2-C1-D,Column,"Box-girder,  oblong column ",Mangalathu (2017),M17,S-E2-S22-O-D,
CRCB.E2.S2.C1.D.DeckMax.BoxGirder.Circ.M17,component,Sa_1_Fragility Database.csv,"PRJ-5910 v1, 2025-04-29",120,122,E2-S2-C1-D,DeckMax,"Box-girder,  circular column",Mangalathu (2017),M17,S-E2-S22-C-D,
CRCB.E2.S2.C1.D.DeckMax.BoxGirder.Obl.M17,component,Sa_1_Fragility Database.csv,"PRJ-5910 v1, 2025-04-29",121,123,E2-S2-C1-D,DeckMax,"Box-girder,  oblong column ",Mangalathu (2017),M17,S-E2-S22-O-D,
CRCB.E2.S2.C1.D.FndTran.BoxGirder.Circ.M17,component,Sa_1_Fragility Database.csv,"PRJ-5910 v1, 2025-04-29",124,126,E2-S2-C1-D,FndTran,"Box-girder,  circular column",Mangalathu (2017),M17,S-E2-S22-C-D,
CRCB.E2.S2.C1.D.FndTran.BoxGirder.Obl.M17,component,Sa_1_Fragility Database.csv,"PRJ-5910 v1, 2025-04-29",125,127,E2-S2-C1-D,FndTran,"Box-girder,  oblong column ",Mangalathu (2017),M17,S-E2-S22-O-D,
CRCB.E2.S2.C1.D.System.BoxGirder.Circ.M17,portfolio,Sa_1_Fragility Database.csv,"PRJ-5910 v1, 2025-04-29",132,134,E2-S2-C1-D,System,"Box-girder,  circular column",Mangalathu (2017),M17,S-E2-S22-C-D,
CRCB.E2.S2.C1.D.System.BoxGirder.Obl.M17,portfolio,Sa_1_Fragility Database.csv,"PRJ-5910 v1, 2025-04-29",133,135,E2-S2-C1-D,System,"Box-girder,  oblong column ",Mangalathu (2017),M17,S-E2-S22-O-D,
CRCB.E2.S2.C1.S.AbAct.BoxGirder.Circ.M17,component,Sa_1_Fragility Database.csv,"PRJ-5910 v1, 2025-04-29",536,538,E2-S2-C1-S,AbAct,"Box-girder,  circular column",Mangalathu (2017),M17,S-E2-S22-C-S,
CRCB.E2.S2.C1.S.AbAct.BoxGirder.Obl.M17,component,Sa_1_Fragility Database.csv,"PRJ-5910 v1, 2025-04-29",537,539,E2-S2-C1-S,AbAct,"Box-girder,  oblong column ",Mangalathu (2017),M17,S-E2-S22-O-S,
CRCB.E2.S2.C1.S.AbPass.BoxGirder.Circ.M17,component,Sa_1_Fragility Database.csv,"PRJ-5910 v1, 2025-04-29",538,540,E2-S2-C1-S,AbPass,"Box-girder,  circular column",Mangalathu (2017),M17,S-E2-S22-C-S,
CRCB.E2.S2.C1.S.AbPass.BoxGirder.Obl.M17,component,Sa_1_Fragility Database.csv,"PRJ-5910 v1, 2025-04-29",539,541,E2-S2-C1-S,AbPass,"Box-girder,  oblong column ",Mangalathu (2017),M17,S-E2-S22-O-S,
CRCB.E2.S2.C1.S.AbTran.BoxGirder.Circ.M17,component,Sa_1_Fragility Database.csv,"PRJ-5910 v1, 2025-04-29",540,542,E2-S2-C1-S,AbTran,"Box-girder,  circular column",Mangalathu (2017),M17,S-E2-S22-C-S,
CRCB.E2.S2.C1.S.AbTran.BoxGirder.Obl.M17,component,Sa_1_Fragility Database.csv,"PRJ-5910 v1, 2025-04-29",541,543,E2-S2-C1-S,AbTran,"Box-girder,  oblong column ",Mangalathu (2017),M17,S-E2-S22-O-S,
CRCB.E2.S2.C1.S.Approach.Cant.Slope30.SXR22,component,Sa_1_Fragility Database.csv,"PRJ-5910 v1, 2025-04-29",558,560,E2-S2-C1-S,Approach,"Cantilever abutment on spread footing with approach slab damage through slope offset, with an approach slab length of 30 ft.",Shao et al. (2022),SXR22,,
CRCB.E2.S2.C1.S.Approach.Cant.Slope45.SXR22,component,Sa_1_Fragility Database.csv,"PRJ-5910 v1, 2025-04-29",561,563,E2-S2-C1-S,Approach,"Cantilever abutment on spread footing with approach slab damage through slope offset, with an approach slab length of 45 ft.",Shao et al. (2022),SXR22,,
CRCB.E2.S2.C1.S.Approach.Cant.Step.SXR22,component,Sa_1_Fragility Database.csv,"PRJ-5910 v1, 2025-04-29",555,557,E2-S2-C1-S,Approach,Cantilever abutment on spread footing with approach slab damage through step offset.,Shao et al. (2022),SXR22,,
CRCB.E2.S2.C1.S.Approach.Pile.Slope30.SXR22,component,Sa_1_Fragility Database.csv,"PRJ-5910 v1, 2025-04-29",559,561,E2-S2-C1-S,Approach,Abutment on piles with approach slab (length 30 ft) damage through slope offset,Shao et al. (2022),SXR22,,
CRCB.E2.S2.C1.S.Approach.Pile.Slope45.SXR22,component,Sa_1_Fragility Database.csv,"PRJ-5910 v1, 2025-04-29",562,564,E2-S2-C1-S,Approach,Abutment on piles with approach slab (length 45 ft) damage through slope offset,Shao et al. (2022),SXR22,,
CRCB.E2.S2.C1.S.Approach.Pile.Step.SXR22,component,Sa_1_Fragility Database.csv,"PRJ-5910 v1, 2025-04-29",556,558,E2-S2-C1-S,Approach,Abutment on piles with approach slab damage through step offset.,Shao et al. (2022),SXR22,,
CRCB.E2.S2.C1.S.Approach.Reg.Slope30.SXR22,component,Sa_1_Fragility Database.csv,"PRJ-5910 v1, 2025-04-29",557,559,E2-S2-C1-S,Approach,Regular-height abutment on spread footing with approach slab (length 30 ft) damage through slope offset,Shao et al. (2022),SXR22,,
CRCB.E2.S2.C1.S.Approach.Reg.Slope45.SXR22,component,Sa_1_Fragility Database.csv,"PRJ-5910 v1, 2025-04-29",560,562,E2-S2-C1-S,Approach,Regular-height abutment on spread footing with approach slab (length 45 ft) damage through slope offset,Shao et al. (2022),SXR22,,
CRCB.E2.S2.C1.S.Approach.Reg.Step.SXR22,component,Sa_1_Fragility Database.csv,"PRJ-5910 v1, 2025-04-29",554,556,E2-S2-C1-S,Approach,Regular-height abutment on spread footing with approach slab damage through step offset.,Shao et al. (2022),SXR22,,
CRCB.E2.S2.C1.S.Bearing.BoxGirder.Circ.M17,component,Sa_1_Fragility Database.csv,"PRJ-5910 v1, 2025-04-29",542,544,E2-S2-C1-S,Bearing,"Box-girder,  circular column",Mangalathu (2017),M17,S-E2-S22-C-S,
CRCB.E2.S2.C1.S.Bearing.BoxGirder.Obl.M17,component,Sa_1_Fragility Database.csv,"PRJ-5910 v1, 2025-04-29",543,545,E2-S2-C1-S,Bearing,"Box-girder,  oblong column ",Mangalathu (2017),M17,S-E2-S22-O-S,
CRCB.E2.S2.C1.S.Column.BoxGirder.Circ.M17,component,Sa_1_Fragility Database.csv,"PRJ-5910 v1, 2025-04-29",532,534,E2-S2-C1-S,Column,"Box-girder,  circular column",Mangalathu (2017),M17,S-E2-S22-C-S,
CRCB.E2.S2.C1.S.Column.BoxGirder.Obl.M17,component,Sa_1_Fragility Database.csv,"PRJ-5910 v1, 2025-04-29",533,535,E2-S2-C1-S,Column,"Box-girder,  oblong column ",Mangalathu (2017),M17,S-E2-S22-O-S,
CRCB.E2.S2.C1.S.DeckMax.BoxGirder.Circ.M17,component,Sa_1_Fragility Database.csv,"PRJ-5910 v1, 2025-04-29",544,546,E2-S2-C1-S,DeckMax,"Box-girder,  circular column",Mangalathu (2017),M17,S-E2-S22-C-S,
CRCB.E2.S2.C1.S.DeckMax.BoxGirder.Obl.M17,component,Sa_1_Fragility Database.csv,"PRJ-5910 v1, 2025-04-29",545,547,E2-S2-C1-S,DeckMax,"Box-girder,  oblong column ",Mangalathu (2017),M17,S-E2-S22-O-S,
CRCB.E2.S2.C1.S.FndTran.BoxGirder.Circ.M17,component,Sa_1_Fragility Database.csv,"PRJ-5910 v1, 2025-04-29",548,550,E2-S2-C1-S,FndTran,"Box-girder,  circular column",Mangalathu (2017),M17,S-E2-S22-C-S,
CRCB.E2.S2.C1.S.FndTran.BoxGirder.Obl.M17,component,Sa_1_Fragility Database.csv,"PRJ-5910 v1, 2025-04-29",549,551,E2-S2-C1-S,FndTran,"Box-girder,  oblong column ",Mangalathu (2017),M17,S-E2-S22-O-S,
CRCB.E2.S2.C1.S.Seal.BoxGirder.Circ.M17,component,Sa_1_Fragility Database.csv,"PRJ-5910 v1, 2025-04-29",552,554,E2-S2-C1-S,Seal,"Box-girder,  circular column",Mangalathu (2017),M17,S-E2-S22-C-S,
CRCB.E2.S2.C1.S.Seal.BoxGirder.Obl.M17,component,Sa_1_Fragility Database.csv,"PRJ-5910 v1, 2025-04-29",553,555,E2-S2-C1-S,Seal,"Box-girder,  oblong column ",Mangalathu (2017),M17,S-E2-S22-O-S,
CRCB.E2.S2.C1.S.System.BoxGirder.Circ.M17,portfolio,Sa_1_Fragility Database.csv,"PRJ-5910 v1, 2025-04-29",563,565,E2-S2-C1-S,System,"Box-girder,  circular column",Mangalathu (2017),M17,S-E2-S22-C-S,
CRCB.E2.S2.C1.S.System.BoxGirder.Obl.M17,portfolio,Sa_1_Fragility Database.csv,"PRJ-5910 v1, 2025-04-29",564,566,E2-S2-C1-S,System,"Box-girder,  oblong column ",Mangalathu (2017),M17,S-E2-S22-O-S,
CRCB.E2.S2.C1.S.Unseating.BoxGirder.Circ.M17,component,Sa_1_Fragility Database.csv,"PRJ-5910 v1, 2025-04-29",534,536,E2-S2-C1-S,Unseating,"Box-girder,  circular column",Mangalathu (2017),M17,S-E2-S22-C-S,
CRCB.E2.S2.C1.S.Unseating.BoxGirder.Obl.M17,component,Sa_1_Fragility Database.csv,"PRJ-5910 v1, 2025-04-29",535,537,E2-S2-C1-S,Unseating,"Box-girder,  oblong column ",Mangalathu (2017),M17,S-E2-S22-O-S,
CRCB.E2.S2.C2P.D.AbAct.BoxGirder.MCB.Circ.M17,component,Sa_1_Fragility Database.csv,"PRJ-5910 v1, 2025-04-29",139,141,E2-S2-C2P-D,AbAct,"Box-girder,  circular column",Mangalathu (2017),M17,M-E2-S22-C-D,
CRCB.E2.S2.C2P.D.AbAct.BoxGirder.MCB.Obl.M17,component,Sa_1_Fragility Database.csv,"PRJ-5910 v1, 2025-04-29",140,142,E2-S2-C2P-D,AbAct,"Box-girder,  oblong column ",Mangalathu (2017),M17,M-E2-S22-O-D,
CRCB.E2.S2.C2P.D.AbAct.BoxGirder.TCB.Circ.M17,component,Sa_1_Fragility Database.csv,"PRJ-5910 v1, 2025-04-29",137,139,E2-S2-C2P-D,AbAct,"Box-girder,  circular column",Mangalathu (2017),M17,T-E2-S22-C-D,
CRCB.E2.S2.C2P.D.AbAct.BoxGirder.TCB.Obl.M17,component,Sa_1_Fragility Database.csv,"PRJ-5910 v1, 2025-04-29",138,140,E2-S2-C2P-D,AbAct,"Box-girder,  oblong column ",Mangalathu (2017),M17,T-E2-S22-O-D,
CRCB.E2.S2.C2P.D.AbPass.BoxGirder.MCB.Circ.M17,component,Sa_1_Fragility Database.csv,"PRJ-5910 v1, 2025-04-29",143,145,E2-S2-C2P-D,AbPass,"Box-girder,  circular column",Mangalathu (2017),M17,M-E2-S22-C-D,
CRCB.E2.S2.C2P.D.AbPass.BoxGirder.MCB.Obl.M17,component,Sa_1_Fragility Database.csv,"PRJ-5910 v1, 2025-04-29",144,146,E2-S2-C2P-D,AbPass,"Box-girder,  oblong column ",Mangalathu (2017),M17,M-E2-S22-O-D,
CRCB.E2.S2.C2P.D.AbPass.BoxGirder.TCB.Circ.M17,component,Sa_1_Fragility Database.csv,"PRJ-5910 v1, 2025-04-29",141,143,E2-S2-C2P-D,AbPass,"Box-girder,  circular column",Mangalathu (2017),M17,T-E2-S22-C-D,
CRCB.E2.S2.C2P.D.AbPass.BoxGirder.TCB.Obl.M17,component,Sa_1_Fragility Database.csv,"PRJ-5910 v1, 2025-04-29",142,144,E2-S2-C2P-D,AbPass,"Box-girder,  oblong column ",Mangalathu (2017),M17,T-E2-S22-O-D,
CRCB.E2.S2.C2P.D.AbTran.BoxGirder.MCB.Circ.M17,component,Sa_1_Fragility Database.csv,"PRJ-5910 v1, 2025-04-29",147,149,E2-S2-C2P-D,AbTran,"Box-girder,  circular column",Mangalathu (2017),M17,M-E2-S22-C-D,
CRCB.E2.S2.C2P.D.AbTran.BoxGirder.MCB.Obl.M17,component,Sa_1_Fragility Database.csv,"PRJ-5910 v1, 2025-04-29",148,150,E2-S2-C2P-D,AbTran,"Box-girder,  oblong column ",Mangalathu (2017),M17,M-E2-S22-O-D,
CRCB.E2.S2.C2P.D.AbTran.BoxGirder.TCB.Circ.M17,component,Sa_1_Fragility Database.csv,"PRJ-5910 v1, 2025-04-29",145,147,E2-S2-C2P-D,AbTran,"Box-girder,  circular column",Mangalathu (2017),M17,T-E2-S22-C-D,
CRCB.E2.S2.C2P.D.AbTran.BoxGirder.TCB.Obl.M17,component,Sa_1_Fragility Database.csv,"PRJ-5910 v1, 2025-04-29",146,148,E2-S2-C2P-D,AbTran,"Box-girder,  oblong column ",Mangalathu (2017),M17,T-E2-S22-O-D,
CRCB.E2.S2.C2P.D.Approach.Pile.Slope30.SXR22,component,Sa_1_Fragility Database.csv,"PRJ-5910 v1, 2025-04-29",164,166,E2-S2-C2P-D,Approach,Abutment on piles with approach slab (length 30 ft) damage through slope offset,Shao et al. (2022),SXR22,,
CRCB.E2.S2.C2P.D.Approach.Pile.Slope45.SXR22,component,Sa_1_Fragility Database.csv,"PRJ-5910 v1, 2025-04-29",166,168,E2-S2-C2P-D,Approach,Abutment on piles with approach slab (length 45 ft) damage through slope offset,Shao et al. (2022),SXR22,,
CRCB.E2.S2.C2P.D.Approach.Pile.Step.SXR22,component,Sa_1_Fragility Database.csv,"PRJ-5910 v1, 2025-04-29",162,164,E2-S2-C2P-D,Approach,Abutment on piles with approach slab damage through step offset,Shao et al. (2022),SXR22,,
CRCB.E2.S2.C2P.D.Approach.Reg.Slope30.SXR22,component,Sa_1_Fragility Database.csv,"PRJ-5910 v1, 2025-04-29",163,165,E2-S2-C2P-D,Approach,Regular-height abutment on spread footing with approach slab (length 30 ft) damage through slope offset,Shao et al. (2022),SXR22,,
CRCB.E2.S2.C2P.D.Approach.Reg.Slope45.SXR22,component,Sa_1_Fragility Database.csv,"PRJ-5910 v1, 2025-04-29",165,167,E2-S2-C2P-D,Approach,Regular-height abutment on spread footing with approach slab (length 45 ft) damage through slope offset,Shao et al. (2022),SXR22,,
CRCB.E2.S2.C2P.D.Approach.Reg.Step.SXR22,component,Sa_1_Fragility Database.csv,"PRJ-5910 v1, 2025-04-29",161,163,E2-S2-C2P-D,Approach,Regular-height abutment on spread footing with approach slab damage through step offset,Shao et al. (2022),SXR22,,
CRCB.E2.S2.C2P.D.Column.BoxGirder.MCB.Circ.M17,component,Sa_1_Fragility Database.csv,"PRJ-5910 v1, 2025-04-29",136,138,E2-S2-C2P-D,Column,"Box-girder,  circular column",Mangalathu (2017),M17,M-E2-S22-C-D,
CRCB.E2.S2.C2P.D.Column.BoxGirder.TCB.Circ.M17,component,Sa_1_Fragility Database.csv,"PRJ-5910 v1, 2025-04-29",134,136,E2-S2-C2P-D,Column,"Box-girder,  circular column",Mangalathu (2017),M17,T-E2-S22-C-D,
CRCB.E2.S2.C2P.D.Column.BoxGirder.TCB.Obl.M17,component,Sa_1_Fragility Database.csv,"PRJ-5910 v1, 2025-04-29",135,137,E2-S2-C2P-D,Column,"Box-girder,  oblong column ",Mangalathu (2017),M17,T-E2-S22-O-D,
CRCB.E2.S2.C2P.D.DeckMax.BoxGirder.MCB.Circ.M17,component,Sa_1_Fragility Database.csv,"PRJ-5910 v1, 2025-04-29",151,153,E2-S2-C2P-D,DeckMax,"Box-girder,  circular column",Mangalathu (2017),M17,M-E2-S22-C-D,
CRCB.E2.S2.C2P.D.DeckMax.BoxGirder.MCB.Obl.M17,component,Sa_1_Fragility Database.csv,"PRJ-5910 v1, 2025-04-29",152,154,E2-S2-C2P-D,DeckMax,"Box-girder,  oblong column ",Mangalathu (2017),M17,M-E2-S22-O-D,
CRCB.E2.S2.C2P.D.DeckMax.BoxGirder.TCB.Circ.M17,component,Sa_1_Fragility Database.csv,"PRJ-5910 v1, 2025-04-29",149,151,E2-S2-C2P-D,DeckMax,"Box-girder,  circular column",Mangalathu (2017),M17,T-E2-S22-C-D,
CRCB.E2.S2.C2P.D.DeckMax.BoxGirder.TCB.Obl.M17,component,Sa_1_Fragility Database.csv,"PRJ-5910 v1, 2025-04-29",150,152,E2-S2-C2P-D,DeckMax,"Box-girder,  oblong column ",Mangalathu (2017),M17,T-E2-S22-O-D,
CRCB.E2.S2.C2P.D.FndTran.BoxGirder.MCB.Circ.M17,component,Sa_1_Fragility Database.csv,"PRJ-5910 v1, 2025-04-29",159,161,E2-S2-C2P-D,FndTran,"Box-girder,  circular column",Mangalathu (2017),M17,M-E2-S22-C-D,
CRCB.E2.S2.C2P.D.FndTran.BoxGirder.MCB.Obl.M17,component,Sa_1_Fragility Database.csv,"PRJ-5910 v1, 2025-04-29",160,162,E2-S2-C2P-D,FndTran,"Box-girder,  oblong column ",Mangalathu (2017),M17,M-E2-S22-O-D,
CRCB.E2.S2.C2P.D.FndTran.BoxGirder.TCB.Circ.M17,component,Sa_1_Fragility Database.csv,"PRJ-5910 v1, 2025-04-29",157,159,E2-S2-C2P-D,FndTran,"Box-girder,  circular column",Mangalathu (2017),M17,T-E2-S22-C-D,
CRCB.E2.S2.C2P.D.FndTran.BoxGirder.TCB.Obl.M17,component,Sa_1_Fragility Database.csv,"PRJ-5910 v1, 2025-04-29",158,160,E2-S2-C2P-D,FndTran,"Box-girder,  oblong column ",Mangalathu (2017),M17,T-E2-S22-O-D,
CRCB.E2.S2.C2P.D.System.BoxGirder.MCB.Circ.M17,portfolio,Sa_1_Fragility Database.csv,"PRJ-5910 v1, 2025-04-29",169,171,E2-S2-C2P-D,System,"Box-girder,  circular column",Mangalathu (2017),M17,M-E2-S22-C-D,
CRCB.E2.S2.C2P.D.System.BoxGirder.MCB.Obl.M17,portfolio,Sa_1_Fragility Database.csv,"PRJ-5910 v1, 2025-04-29",170,172,E2-S2-C2P-D,System,"Box-girder,  oblong column ",Mangalathu (2017),M17,M-E2-S22-O-D,
CRCB.E2.S2.C2P.D.System.BoxGirder.TCB.Circ.M17,portfolio,Sa_1_Fragility Database.csv,"PRJ-5910 v1, 2025-04-29",167,169,E2-S2-C2P-D,System,"Box-girder,  circular column",Mangalathu (2017),M17,T-E2-S22-C-D,
CRCB.E2.S2.C2P.D.System.BoxGirder.TCB.Obl.M17,portfolio,Sa_1_Fragility Database.csv,"PRJ-5910 v1, 2025-04-29",168,170,E2-S2-C2P-D,System,"Box-girder,  oblong column ",Mangalathu (2017),M17,T-E2-S22-O-D,
CRCB.E2.S2.C2P.S.AbAct.BoxGirder.MCB.Circ.M17,component,Sa_1_Fragility Database.csv,"PRJ-5910 v1, 2025-04-29",575,577,E2-S2-C2P-S,AbAct,"Box-girder,  circular column",Mangalathu (2017),M17,M-E2-S22-C-S,
CRCB.E2.S2.C2P.S.AbAct.BoxGirder.MCB.Obl.M17,component,Sa_1_Fragility Database.csv,"PRJ-5910 v1, 2025-04-29",576,578,E2-S2-C2P-S,AbAct,"Box-girder,  oblong column ",Mangalathu (2017),M17,M-E2-S22-O-S,
CRCB.E2.S2.C2P.S.AbAct.BoxGirder.TCB.Circ.M17,component,Sa_1_Fragility Database.csv,"PRJ-5910 v1, 2025-04-29",573,575,E2-S2-C2P-S,AbAct,"Box-girder,  circular column",Mangalathu (2017),M17,T-E2-S22-C-S,
CRCB.E2.S2.C2P.S.AbAct.BoxGirder.TCB.Obl.M17,component,Sa_1_Fragility Database.csv,"PRJ-5910 v1, 2025-04-29",574,576,E2-S2-C2P-S,AbAct,"Box-girder,  oblong column ",Mangalathu (2017),M17,T-E2-S22-O-S,
CRCB.E2.S2.C2P.S.AbPass.BoxGirder.MCB.Circ.M17,component,Sa_1_Fragility Database.csv,"PRJ-5910 v1, 2025-04-29",579,581,E2-S2-C2P-S,AbPass,"Box-girder,  circular column",Mangalathu (2017),M17,M-E2-S22-C-S,
CRCB.E2.S2.C2P.S.AbPass.BoxGirder.MCB.Obl.M17,component,Sa_1_Fragility Database.csv,"PRJ-5910 v1, 2025-04-29",580,582,E2-S2-C2P-S,AbPass,"Box-girder,  oblong column ",Mangalathu (2017),M17,M-E2-S22-O-S,
CRCB.E2.S2.C2P.S.AbPass.BoxGirder.TCB.Circ.M17,component,Sa_1_Fragility Database.csv,"PRJ-5910 v1, 2025-04-29",577,579,E2-S2-C2P-S,AbPass,"Box-girder,  circular column",Mangalathu (2017),M17,T-E2-S22-C-S,
CRCB.E2.S2.C2P.S.AbPass.BoxGirder.TCB.Obl.M17,component,Sa_1_Fragility Database.csv,"PRJ-5910 v1, 2025-04-29",578,580,E2-S2-C2P-S,AbPass,"Box-girder,  oblong column ",Mangalathu (2017),M17,T-E2-S22-O-S,
CRCB.E2.S2.C2P.S.AbTran.BoxGirder.MCB.Circ.M17,component,Sa_1_Fragility Database.csv,"PRJ-5910 v1, 2025-04-29",583,585,E2-S2-C2P-S,AbTran,"Box-girder,  circular column",Mangalathu (2017),M17,M-E2-S22-C-S,
CRCB.E2.S2.C2P.S.AbTran.BoxGirder.MCB.Obl.M17,component,Sa_1_Fragility Database.csv,"PRJ-5910 v1, 2025-04-29",584,586,E2-S2-C2P-S,AbTran,"Box-girder,  oblong column ",Mangalathu (2017),M17,M-E2-S22-O-S,
CRCB.E2.S2.C2P.S.AbTran.BoxGirder.TCB.Circ.M17,component,Sa_1_Fragility Database.csv,"PRJ-5910 v1, 2025-04-29",581,583,E2-S2-C2P-S,AbTran,"Box-girder,  circular column",Mangalathu (2017),M17,T-E2-S22-C-S,
CRCB.E2.S2.C2P.S.AbTran.BoxGirder.TCB.Obl.M17,component,Sa_1_Fragility Database.csv,"PRJ-5910 v1, 2025-04-29",582,584,E2-S2-C2P-S,AbTran,"Box-girder,  oblong column ",Mangalathu (2017),M17,T-E2-S22-O-S,
CRCB.E2.S2.C2P.S.Approach.Cant.Slope30.SXR22,component,Sa_1_Fragility Database.csv,"PRJ-5910 v1, 2025-04-29",613,615,E2-S2-C2P-S,Approach,"Cantilever abutment on spread footing with approach slab damage through slope offset, with an approach slab length of 30 ft.",Shao et al. (2022),SXR22,,
CRCB.E2.S2.C2P.S.Approach.Cant.Slope45.SXR22,component,Sa_1_Fragility Database.csv,"PRJ-5910 v1, 2025-04-29",616,618,E2-S2-C2P-S,Approach,"Cantilever abutment on spread footing with approach slab damage through slope offset, with an approach slab length of 45 ft.",Shao et al. (2022),SXR22,,
CRCB.E2.S2.C2P.S.Approach.Cant.Step.SXR22,component,Sa_1_Fragility Database.csv,"PRJ-5910 v1, 2025-04-29",610,612,E2-S2-C2P-S,Approach,Cantilever abutment on spread footing with approach slab damage through step offset.,Shao et al. (2022),SXR22,,
CRCB.E2.S2.C2P.S.Approach.Pile.Slope30.SXR22,component,Sa_1_Fragility Database.csv,"PRJ-5910 v1, 2025-04-29",614,616,E2-S2-C2P-S,Approach,Abutment on piles with approach slab (length 30 ft) damage through slope offset,Shao et al. (2022),SXR22,,
CRCB.E2.S2.C2P.S.Approach.Pile.Slope45.SXR22,component,Sa_1_Fragility Database.csv,"PRJ-5910 v1, 2025-04-29",617,619,E2-S2-C2P-S,Approach,Abutment on piles with approach slab (length 45 ft) damage through slope offset,Shao et al. (2022),SXR22,,
CRCB.E2.S2.C2P.S.Approach.Pile.Step.SXR22,component,Sa_1_Fragility Database.csv,"PRJ-5910 v1, 2025-04-29",611,613,E2-S2-C2P-S,Approach,Abutment on piles with approach slab damage through step offset.,Shao et al. (2022),SXR22,,
CRCB.E2.S2.C2P.S.Approach.Reg.Slope30.SXR22,component,Sa_1_Fragility Database.csv,"PRJ-5910 v1, 2025-04-29",612,614,E2-S2-C2P-S,Approach,Regular-height abutment on spread footing with approach slab (length 30 ft) damage through slope offset,Shao et al. (2022),SXR22,,
CRCB.E2.S2.C2P.S.Approach.Reg.Slope45.SXR22,component,Sa_1_Fragility Database.csv,"PRJ-5910 v1, 2025-04-29",615,617,E2-S2-C2P-S,Approach,Regular-height abutment on spread footing with approach slab (length 45 ft) damage through slope offset,Shao et al. (2022),SXR22,,
CRCB.E2.S2.C2P.S.Approach.Reg.Step.SXR22,component,Sa_1_Fragility Database.csv,"PRJ-5910 v1, 2025-04-29",609,611,E2-S2-C2P-S,Approach,Regular-height abutment on spread footing with approach slab damage through step offset.,Shao et al. (2022),SXR22,,
CRCB.E2.S2.C2P.S.Bearing.BoxGirder.MCB.Circ.M17,component,Sa_1_Fragility Database.csv,"PRJ-5910 v1, 2025-04-29",587,589,E2-S2-C2P-S,Bearing,"Box-girder,  circular column",Mangalathu (2017),M17,M-E2-S22-C-S,
CRCB.E2.S2.C2P.S.Bearing.BoxGirder.MCB.Obl.M17,component,Sa_1_Fragility Database.csv,"PRJ-5910 v1, 2025-04-29",588,590,E2-S2-C2P-S,Bearing,"Box-girder,  oblong column ",Mangalathu (2017),M17,M-E2-S22-O-S,
CRCB.E2.S2.C2P.S.Bearing.BoxGirder.TCB.Circ.M17,component,Sa_1_Fragility Database.csv,"PRJ-5910 v1, 2025-04-29",585,587,E2-S2-C2P-S,Bearing,"Box-girder,  circular column",Mangalathu (2017),M17,T-E2-S22-C-S,
CRCB.E2.S2.C2P.S.Bearing.BoxGirder.TCB.Obl.M17,component,Sa_1_Fragility Database.csv,"PRJ-5910 v1, 2025-04-29",586,588,E2-S2-C2P-S,Bearing,"Box-girder,  oblong column ",Mangalathu (2017),M17,T-E2-S22-O-S,
CRCB.E2.S2.C2P.S.Column.BoxGirder.MCB.Circ.M17,component,Sa_1_Fragility Database.csv,"PRJ-5910 v1, 2025-04-29",567,569,E2-S2-C2P-S,Column,"Box-girder,  circular column",Mangalathu (2017),M17,M-E2-S22-C-S,
CRCB.E2.S2.C2P.S.Column.BoxGirder.MCB.Obl.M17,component,Sa_1_Fragility Database.csv,"PRJ-5910 v1, 2025-04-29",568,570,E2-S2-C2P-S,Column,"Box-girder,  oblong column ",Mangalathu (2017),M17,M-E2-S22-O-S,
CRCB.E2.S2.C2P.S.Column.BoxGirder.TCB.Circ.M17,component,Sa_1_Fragility Database.csv,"PRJ-5910 v1, 2025-04-29",565,567,E2-S2-C2P-S,Column,"Box-girder,  circular column",Mangalathu (2017),M17,T-E2-S22-C-S,
CRCB.E2.S2.C2P.S.Column.BoxGirder.TCB.Obl.M17,component,Sa_1_Fragility Database.csv,"PRJ-5910 v1, 2025-04-29",566,568,E2-S2-C2P-S,Column,"Box-girder,  oblong column ",Mangalathu (2017),M17,T-E2-S22-O-S,
CRCB.E2.S2.C2P.S.DeckMax.BoxGirder.MCB.Circ.M17,component,Sa_1_Fragility Database.csv,"PRJ-5910 v1, 2025-04-29",591,593,E2-S2-C2P-S,DeckMax,"Box-girder,  circular column",Mangalathu (2017),M17,M-E2-S22-C-S,
CRCB.E2.S2.C2P.S.DeckMax.BoxGirder.MCB.Obl.M17,component,Sa_1_Fragility Database.csv,"PRJ-5910 v1, 2025-04-29",592,594,E2-S2-C2P-S,DeckMax,"Box-girder,  oblong column ",Mangalathu (2017),M17,M-E2-S22-O-S,
CRCB.E2.S2.C2P.S.DeckMax.BoxGirder.TCB.Circ.M17,component,Sa_1_Fragility Database.csv,"PRJ-5910 v1, 2025-04-29",589,591,E2-S2-C2P-S,DeckMax,"Box-girder,  circular column",Mangalathu (2017),M17,T-E2-S22-C-S,
CRCB.E2.S2.C2P.S.DeckMax.BoxGirder.TCB.Obl.M17,component,Sa_1_Fragility Database.csv,"PRJ-5910 v1, 2025-04-29",590,592,E2-S2-C2P-S,DeckMax,"Box-girder,  oblong column ",Mangalathu (2017),M17,T-E2-S22-O-S,
CRCB.E2.S2.C2P.S.FndTran.BoxGirder.MCB.Circ.M17,component,Sa_1_Fragility Database.csv,"PRJ-5910 v1, 2025-04-29",599,601,E2-S2-C2P-S,FndTran,"Box-girder,  circular column",Mangalathu (2017),M17,M-E2-S22-C-S,
CRCB.E2.S2.C2P.S.FndTran.BoxGirder.MCB.Obl.M17,component,Sa_1_Fragility Database.csv,"PRJ-5910 v1, 2025-04-29",600,602,E2-S2-C2P-S,FndTran,"Box-girder,  oblong column ",Mangalathu (2017),M17,M-E2-S22-O-S,
CRCB.E2.S2.C2P.S.FndTran.BoxGirder.TCB.Circ.M17,component,Sa_1_Fragility Database.csv,"PRJ-5910 v1, 2025-04-29",597,599,E2-S2-C2P-S,FndTran,"Box-girder,  circular column",Mangalathu (2017),M17,T-E2-S22-C-S,
CRCB.E2.S2.C2P.S.FndTran.BoxGirder.TCB.Obl.M17,component,Sa_1_Fragility Database.csv,"PRJ-5910 v1, 2025-04-29",598,600,E2-S2-C2P-S,FndTran,"Box-girder,  oblong column ",Mangalathu (2017),M17,T-E2-S22-O-S,
CRCB.E2.S2.C2P.S.Seal.BoxGirder.MCB.Circ.M17,component,Sa_1_Fragility Database.csv,"PRJ-5910 v1, 2025-04-29",607,609,E2-S2-C2P-S,Seal,"Box-girder,  circular column",Mangalathu (2017),M17,M-E2-S22-C-S,
CRCB.E2.S2.C2P.S.Seal.BoxGirder.MCB.Obl.M17,component,Sa_1_Fragility Database.csv,"PRJ-5910 v1, 2025-04-29",608,610,E2-S2-C2P-S,Seal,"Box-girder,  oblong column ",Mangalathu (2017),M17,M-E2-S22-O-S,
CRCB.E2.S2.C2P.S.Seal.BoxGirder.TCB.Circ.M17,component,Sa_1_Fragility Database.csv,"PRJ-5910 v1, 2025-04-29",605,607,E2-S2-C2P-S,Seal,"Box-girder,  circular column",Mangalathu (2017),M17,T-E2-S22-C-S,
CRCB.E2.S2.C2P.S.Seal.BoxGirder.TCB.Obl.M17,component,Sa_1_Fragility Database.csv,"PRJ-5910 v1, 2025-04-29",606,608,E2-S2-C2P-S,Seal,"Box-girder,  oblong column ",Mangalathu (2017),M17,T-E2-S22-O-S,
CRCB.E2.S2.C2P.S.System.BoxGirder.MCB.Circ.M17,portfolio,Sa_1_Fragility Database.csv,"PRJ-5910 v1, 2025-04-29",620,622,E2-S2-C2P-S,System,"Box-girder,  circular column",Mangalathu (2017),M17,M-E2-S22-C-S,
CRCB.E2.S2.C2P.S.System.BoxGirder.MCB.Obl.M17,portfolio,Sa_1_Fragility Database.csv,"PRJ-5910 v1, 2025-04-29",621,623,E2-S2-C2P-S,System,"Box-girder,  oblong column ",Mangalathu (2017),M17,M-E2-S22-O-S,
CRCB.E2.S2.C2P.S.System.BoxGirder.TCB.Circ.M17,portfolio,Sa_1_Fragility Database.csv,"PRJ-5910 v1, 2025-04-29",618,620,E2-S2-C2P-S,System,"Box-girder,  circular column",Mangalathu (2017),M17,T-E2-S22-C-S,
CRCB.E2.S2.C2P.S.System.BoxGirder.TCB.Obl.M17,portfolio,Sa_1_Fragility Database.csv,"PRJ-5910 v1, 2025-04-29",619,621,E2-S2-C2P-S,System,"Box-girder,  oblong column ",Mangalathu (2017),M17,T-E2-S22-O-S,
CRCB.E2.S2.C2P.S.Unseating.BoxGirder.MCB.Circ.M17,component,Sa_1_Fragility Database.csv,"PRJ-5910 v1, 2025-04-29",571,573,E2-S2-C2P-S,Unseating,"Box-girder,  circular column",Mangalathu (2017),M17,M-E2-S22-C-S,
CRCB.E2.S2.C2P.S.Unseating.BoxGirder.MCB.Obl.M17,component,Sa_1_Fragility Database.csv,"PRJ-5910 v1, 2025-04-29",572,574,E2-S2-C2P-S,Unseating,"Box-girder,  oblong column ",Mangalathu (2017),M17,M-E2-S22-O-S,
CRCB.E2.S2.C2P.S.Unseating.BoxGirder.TCB.Circ.M17,component,Sa_1_Fragility Database.csv,"PRJ-5910 v1, 2025-04-29",569,571,E2-S2-C2P-S,Unseating,"Box-girder,  circular column",Mangalathu (2017),M17,T-E2-S22-C-S,
CRCB.E2.S2.C2P.S.Unseating.BoxGirder.TCB.Obl.M17,component,Sa_1_Fragility Database.csv,"PRJ-5910 v1, 2025-04-29",570,572,E2-S2-C2P-S,Unseating,"Box-girder,  oblong column ",Mangalathu (2017),M17,T-E2-S22-O-S,
CRCB.E2.S3P.C1.D.AbAct.BoxGirder.Circ.M17,component,Sa_1_Fragility Database.csv,"PRJ-5910 v1, 2025-04-29",294,296,E2-S3P-C1-D,AbAct,"Box-girder,  circular column",Mangalathu (2017),M17,S-E2-S34-C-D,
CRCB.E2.S3P.C1.D.AbAct.BoxGirder.Obl.M17,component,Sa_1_Fragility Database.csv,"PRJ-5910 v1, 2025-04-29",295,297,E2-S3P-C1-D,AbAct,"Box-girder,  oblong column ",Mangalathu (2017),M17,S-E2-S34-O-D,
CRCB.E2.S3P.C1.D.AbAct.BoxGirder.Span5.MF.Circ.MCP18,component,Sa_1_Fragility Database.csv,"PRJ-5910 v1, 2025-04-29",296,298,E2-S3P-C1-D,AbAct,"Box-girder, multiple frames,  circular column",Mangalathu et al. (2018),MCP18,,
CRCB.E2.S3P.C1.D.AbPass.BoxGirder.Circ.M17,component,Sa_1_Fragility Database.csv,"PRJ-5910 v1, 2025-04-29",297,299,E2-S3P-C1-D,AbPass,"Box-girder,  circular column",Mangalathu (2017),M17,S-E2-S34-C-D,
CRCB.E2.S3P.C1.D.AbPass.BoxGirder.Obl.M17,component,Sa_1_Fragility Database.csv,"PRJ-5910 v1, 2025-04-29",298,300,E2-S3P-C1-D,AbPass,"Box-girder,  circular column",Mangalathu (2017),M17,S-E2-S34-O-D,label
CRCB.E2.S3P.C1.D.AbPass.BoxGirder.Span5.MF.Circ.MCP18,component,Sa_1_Fragility Database.csv,"PRJ-5910 v1, 2025-04-29",299,301,E2-S3P-C1-D,AbPass,"Box-girder, multiple frames,  oblong column ",Mangalathu et al. (2018),MCP18,,label
CRCB.E2.S3P.C1.D.AbTran.BoxGirder.Circ.M17,component,Sa_1_Fragility Database.csv,"PRJ-5910 v1, 2025-04-29",300,302,E2-S3P-C1-D,AbTran,"Box-girder,  circular column",Mangalathu (2017),M17,S-E2-S34-C-D,
CRCB.E2.S3P.C1.D.AbTran.BoxGirder.Obl.M17,component,Sa_1_Fragility Database.csv,"PRJ-5910 v1, 2025-04-29",301,303,E2-S3P-C1-D,AbTran,"Box-girder,  oblong column ",Mangalathu (2017),M17,S-E2-S34-O-D,
CRCB.E2.S3P.C1.D.AbTran.BoxGirder.Span5.MF.Circ.MCP18,component,Sa_1_Fragility Database.csv,"PRJ-5910 v1, 2025-04-29",302,304,E2-S3P-C1-D,AbTran,"Box-girder, multiple frames,  circular column",Mangalathu et al. (2018),MCP18,,
CRCB.E2.S3P.C1.D.Approach.Pile.Slope30.SXR22,component,Sa_1_Fragility Database.csv,"PRJ-5910 v1, 2025-04-29",312,314,E2-S3P-C1-D,Approach,Abutment on piles with approach slab (length 30 ft) damage through slope offset,Shao et al. (2022),SXR22,,
CRCB.E2.S3P.C1.D.Approach.Pile.Slope45.SXR22,component,Sa_1_Fragility Database.csv,"PRJ-5910 v1, 2025-04-29",314,316,E2-S3P-C1-D,Approach,Abutment on piles with approach slab (length 45 ft) damage through slope offset,Shao et al. (2022),SXR22,,
CRCB.E2.S3P.C1.D.Approach.Pile.Step.SXR22,component,Sa_1_Fragility Database.csv,"PRJ-5910 v1, 2025-04-29",310,312,E2-S3P-C1-D,Approach,Abutment on piles with approach slab damage through step offset,Shao et al. (2022),SXR22,,
CRCB.E2.S3P.C1.D.Approach.Reg.Slope30.SXR22,component,Sa_1_Fragility Database.csv,"PRJ-5910 v1, 2025-04-29",311,313,E2-S3P-C1-D,Approach,Regular-height abutment on spread footing with approach slab (length 30 ft) damage through slope offset,Shao et al. (2022),SXR22,,
CRCB.E2.S3P.C1.D.Approach.Reg.Slope45.SXR22,component,Sa_1_Fragility Database.csv,"PRJ-5910 v1, 2025-04-29",313,315,E2-S3P-C1-D,Approach,Regular-height abutment on spread footing with approach slab (length 45 ft) damage through slope offset,Shao et al. (2022),SXR22,,
CRCB.E2.S3P.C1.D.Approach.Reg.Step.SXR22,component,Sa_1_Fragility Database.csv,"PRJ-5910 v1, 2025-04-29",309,311,E2-S3P-C1-D,Approach,Regular-height abutment on spread footing with approach slab damage through step offset,Shao et al. (2022),SXR22,,
CRCB.E2.S3P.C1.D.Bearing.BoxGirder.Span5.MF.Disc.Circ.MCP18,component,Sa_1_Fragility Database.csv,"PRJ-5910 v1, 2025-04-29",315,317,E2-S3P-C1-D,Bearing,"Box-girder, multiple frames,  circular columnonly for discontinuous bridges",Mangalathu et al. (2018),MCP18,,
CRCB.E2.S3P.C1.D.Column.BoxGirder.Circ.M17,component,Sa_1_Fragility Database.csv,"PRJ-5910 v1, 2025-04-29",291,293,E2-S3P-C1-D,Column,"Box-girder,  circular column",Mangalathu (2017),M17,S-E2-S34-C-D,
CRCB.E2.S3P.C1.D.Column.BoxGirder.Obl.M17,component,Sa_1_Fragility Database.csv,"PRJ-5910 v1, 2025-04-29",292,294,E2-S3P-C1-D,Column,"Box-girder,  oblong column ",Mangalathu (2017),M17,S-E2-S34-O-D,
CRCB.E2.S3P.C1.D.Column.BoxGirder.Span5.MF.Circ.MCP18,component,Sa_1_Fragility Database.csv,"PRJ-5910 v1, 2025-04-29",293,295,E2-S3P-C1-D,Column,"Box-girder, multiple frames,  circular column",Mangalathu et al. (2018),MCP18,,
CRCB.E2.S3P.C1.D.DeckMax.BoxGirder.Circ.M17,component,Sa_1_Fragility Database.csv,"PRJ-5910 v1, 2025-04-29",303,305,E2-S3P-C1-D,DeckMax,"Box-girder,  circular column",Mangalathu (2017),M17,S-E2-S34-C-D,
CRCB.E2.S3P.C1.D.DeckMax.BoxGirder.Obl.M17,component,Sa_1_Fragility Database.csv,"PRJ-5910 v1, 2025-04-29",304,306,E2-S3P-C1-D,DeckMax,"Box-girder,  oblong column ",Mangalathu (2017),M17,S-E2-S34-O-D,
CRCB.E2.S3P.C1.D.FndTran.BoxGirder.Circ.M17,component,Sa_1_Fragility Database.csv,"PRJ-5910 v1, 2025-04-29",307,309,E2-S3P-C1-D,FndTran,"Box-girder,  circular column",Mangalathu (2017),M17,S-E2-S34-C-D,
CRCB.E2.S3P.C1.D.FndTran.BoxGirder.Obl.M17,component,Sa_1_Fragility Database.csv,"PRJ-5910 v1, 2025-04-29",308,310,E2-S3P-C1-D,FndTran,"Box-girder,  oblong column ",Mangalathu (2017),M17,S-E2-S34-O-D,
CRCB.E2.S3P.C1.D.System.BoxGirder.Circ.M17,portfolio,Sa_1_Fragility Database.csv,"PRJ-5910 v1, 2025-04-29",317,319,E2-S3P-C1-D,System,"Box-girder,  circular column",Mangalathu (2017),M17,S-E2-S34-C-D,
CRCB.E2.S3P.C1.D.System.BoxGirder.Obl.M17,portfolio,Sa_1_Fragility Database.csv,"PRJ-5910 v1, 2025-04-29",318,320,E2-S3P-C1-D,System,"Box-girder,  oblong column ",Mangalathu (2017),M17,S-E2-S34-O-D,
CRCB.E2.S3P.C1.D.System.BoxGirder.Span5.MF.Circ.MCP18,portfolio,Sa_1_Fragility Database.csv,"PRJ-5910 v1, 2025-04-29",319,321,E2-S3P-C1-D,System,"Box-girder, multiple frames,  circular column",Mangalathu et al. (2018),MCP18,,
CRCB.E2.S3P.C1.D.Unseating.BoxGirder.Span5.MF.Disc.Circ.MCP18,component,Sa_1_Fragility Database.csv,"PRJ-5910 v1, 2025-04-29",316,318,E2-S3P-C1-D,Unseating,"Box-girder, multiple frames,  circular columnonly for discontinuous bridges",Mangalathu et al. (2018),MCP18,,filled_lower_states
CRCB.E2.S3P.C1.S.AbAct.BoxGirder.Circ.M17,component,Sa_1_Fragility Database.csv,"PRJ-5910 v1, 2025-04-29",806,808,E2-S3P-C1-S,AbAct,"Box-girder,  circular column",Mangalathu (2017),M17,S-E2-S34-C-S,
CRCB.E2.S3P.C1.S.AbAct.BoxGirder.Obl.M17,component,Sa_1_Fragility Database.csv,"PRJ-5910 v1, 2025-04-29",807,809,E2-S3P-C1-S,AbAct,"Box-girder,  oblong column ",Mangalathu (2017),M17,S-E2-S34-O-S,
CRCB.E2.S3P.C1.S.AbPass.BoxGirder.Circ.M17,component,Sa_1_Fragility Database.csv,"PRJ-5910 v1, 2025-04-29",808,810,E2-S3P-C1-S,AbPass,"Box-girder,  circular column",Mangalathu (2017),M17,S-E2-S34-C-S,
CRCB.E2.S3P.C1.S.AbPass.BoxGirder.Obl.M17,component,Sa_1_Fragility Database.csv,"PRJ-5910 v1, 2025-04-29",809,811,E2-S3P-C1-S,AbPass,"Box-girder,  oblong column ",Mangalathu (2017),M17,S-E2-S34-O-S,
CRCB.E2.S3P.C1.S.AbTran.BoxGirder.Circ.M17,component,Sa_1_Fragility Database.csv,"PRJ-5910 v1, 2025-04-29",810,812,E2-S3P-C1-S,AbTran,"Box-girder,  circular column",Mangalathu (2017),M17,S-E2-S34-C-S,
CRCB.E2.S3P.C1.S.AbTran.BoxGirder.Obl.M17,component,Sa_1_Fragility Database.csv,"PRJ-5910 v1, 2025-04-29",811,813,E2-S3P-C1-S,AbTran,"Box-girder,  oblong column ",Mangalathu (2017),M17,S-E2-S34-O-S,
CRCB.E2.S3P.C1.S.Approach.Cant.Slope30.SXR22,component,Sa_1_Fragility Database.csv,"PRJ-5910 v1, 2025-04-29",828,830,E2-S3P-C1-S,Approach,"Cantilever abutment on spread footing with approach slab damage through slope offset, with an approach slab length of 30 ft.",Shao et al. (2022),SXR22,,
CRCB.E2.S3P.C1.S.Approach.Cant.Slope45.SXR22,component,Sa_1_Fragility Database.csv,"PRJ-5910 v1, 2025-04-29",831,833,E2-S3P-C1-S,Approach,"Cantilever abutment on spread footing with approach slab damage through slope offset, with an approach slab length of 45 ft.",Shao et al. (2022),SXR22,,
CRCB.E2.S3P.C1.S.Approach.Cant.Step.SXR22,component,Sa_1_Fragility Database.csv,"PRJ-5910 v1, 2025-04-29",825,827,E2-S3P-C1-S,Approach,Cantilever abutment on spread footing with approach slab damage through step offset.,Shao et al. (2022),SXR22,,
CRCB.E2.S3P.C1.S.Approach.Pile.Slope30.SXR22,component,Sa_1_Fragility Database.csv,"PRJ-5910 v1, 2025-04-29",829,831,E2-S3P-C1-S,Approach,Abutment on piles with approach slab (length 30 ft) damage through slope offset,Shao et al. (2022),SXR22,,
CRCB.E2.S3P.C1.S.Approach.Pile.Slope45.SXR22,component,Sa_1_Fragility Database.csv,"PRJ-5910 v1, 2025-04-29",832,834,E2-S3P-C1-S,Approach,Abutment on piles with approach slab (length 45 ft) damage through slope offset,Shao et al. (2022),SXR22,,
CRCB.E2.S3P.C1.S.Approach.Pile.Step.SXR22,component,Sa_1_Fragility Database.csv,"PRJ-5910 v1, 2025-04-29",826,828,E2-S3P-C1-S,Approach,Abutment on piles with approach slab damage through step offset.,Shao et al. (2022),SXR22,,
CRCB.E2.S3P.C1.S.Approach.Reg.Slope30.SXR22,component,Sa_1_Fragility Database.csv,"PRJ-5910 v1, 2025-04-29",827,829,E2-S3P-C1-S,Approach,Regular-height abutment on spread footing with approach slab (length 30 ft) damage through slope offset,Shao et al. (2022),SXR22,,
CRCB.E2.S3P.C1.S.Approach.Reg.Slope45.SXR22,component,Sa_1_Fragility Database.csv,"PRJ-5910 v1, 2025-04-29",830,832,E2-S3P-C1-S,Approach,Regular-height abutment on spread footing with approach slab (length 45 ft) damage through slope offset,Shao et al. (2022),SXR22,,
CRCB.E2.S3P.C1.S.Approach.Reg.Step.SXR22,component,Sa_1_Fragility Database.csv,"PRJ-5910 v1, 2025-04-29",824,826,E2-S3P-C1-S,Approach,Regular-height abutment on spread footing with approach slab damage through step offset.,Shao et al. (2022),SXR22,,
CRCB.E2.S3P.C1.S.Bearing.BoxGirder.Circ.M17,component,Sa_1_Fragility Database.csv,"PRJ-5910 v1, 2025-04-29",812,814,E2-S3P-C1-S,Bearing,"Box-girder,  circular column",Mangalathu (2017),M17,S-E2-S34-C-S,
CRCB.E2.S3P.C1.S.Bearing.BoxGirder.Obl.M17,component,Sa_1_Fragility Database.csv,"PRJ-5910 v1, 2025-04-29",813,815,E2-S3P-C1-S,Bearing,"Box-girder,  oblong column ",Mangalathu (2017),M17,S-E2-S34-O-S,
CRCB.E2.S3P.C1.S.Column.BoxGirder.Circ.M17,component,Sa_1_Fragility Database.csv,"PRJ-5910 v1, 2025-04-29",802,804,E2-S3P-C1-S,Column,"Box-girder,  circular column",Mangalathu (2017),M17,S-E2-S34-C-S,
CRCB.E2.S3P.C1.S.Column.BoxGirder.Obl.M17,component,Sa_1_Fragility Database.csv,"PRJ-5910 v1, 2025-04-29",803,805,E2-S3P-C1-S,Column,"Box-girder,  oblong column ",Mangalathu (2017),M17,S-E2-S34-O-S,
CRCB.E2.S3P.C1.S.DeckMax.BoxGirder.Circ.M17,component,Sa_1_Fragility Database.csv,"PRJ-5910 v1, 2025-04-29",814,816,E2-S3P-C1-S,DeckMax,"Box-girder,  circular column",Mangalathu (2017),M17,S-E2-S34-C-S,
CRCB.E2.S3P.C1.S.DeckMax.BoxGirder.Obl.M17,component,Sa_1_Fragility Database.csv,"PRJ-5910 v1, 2025-04-29",815,817,E2-S3P-C1-S,DeckMax,"Box-girder,  oblong column ",Mangalathu (2017),M17,S-E2-S34-O-S,
CRCB.E2.S3P.C1.S.FndTran.BoxGirder.Circ.M17,component,Sa_1_Fragility Database.csv,"PRJ-5910 v1, 2025-04-29",818,820,E2-S3P-C1-S,FndTran,"Box-girder,  circular column",Mangalathu (2017),M17,S-E2-S34-C-S,
CRCB.E2.S3P.C1.S.FndTran.BoxGirder.Obl.M17,component,Sa_1_Fragility Database.csv,"PRJ-5910 v1, 2025-04-29",819,821,E2-S3P-C1-S,FndTran,"Box-girder,  oblong column ",Mangalathu (2017),M17,S-E2-S34-O-S,
CRCB.E2.S3P.C1.S.Seal.BoxGirder.Circ.M17,component,Sa_1_Fragility Database.csv,"PRJ-5910 v1, 2025-04-29",822,824,E2-S3P-C1-S,Seal,"Box-girder,  circular column",Mangalathu (2017),M17,S-E2-S34-C-S,
CRCB.E2.S3P.C1.S.Seal.BoxGirder.Obl.M17,component,Sa_1_Fragility Database.csv,"PRJ-5910 v1, 2025-04-29",823,825,E2-S3P-C1-S,Seal,"Box-girder,  oblong column ",Mangalathu (2017),M17,S-E2-S34-O-S,
CRCB.E2.S3P.C1.S.System.BoxGirder.Circ.M17,portfolio,Sa_1_Fragility Database.csv,"PRJ-5910 v1, 2025-04-29",833,835,E2-S3P-C1-S,System,"Box-girder,  circular column",Mangalathu (2017),M17,S-E2-S34-C-S,
CRCB.E2.S3P.C1.S.System.BoxGirder.Circ.S17,portfolio,Sa_1_Fragility Database.csv,"PRJ-5910 v1, 2025-04-29",836,838,E2-S3P-C1-S,System,"Box-girder,  circular column",Soleimani (2017),S17,,
CRCB.E2.S3P.C1.S.System.BoxGirder.Obl.M17,portfolio,Sa_1_Fragility Database.csv,"PRJ-5910 v1, 2025-04-29",834,836,E2-S3P-C1-S,System,"Box-girder,  oblong column ",Mangalathu (2017),M17,S-E2-S34-O-S,
CRCB.E2.S3P.C1.S.System.BoxGirder.Obl.S17,portfolio,Sa_1_Fragility Database.csv,"PRJ-5910 v1, 2025-04-29",838,840,E2-S3P-C1-S,System,"Box-girder,  oblong column ",Soleimani (2017),S17,,
CRCB.E2.S3P.C1.S.Unseating.BoxGirder.Circ.M17,component,Sa_1_Fragility Database.csv,"PRJ-5910 v1, 2025-04-29",804,806,E2-S3P-C1-S,Unseating,"Box-girder,  circular column",Mangalathu (2017),M17,S-E2-S34-C-S,
CRCB.E2.S3P.C1.S.Unseating.BoxGirder.Obl.M17,component,Sa_1_Fragility Database.csv,"PRJ-5910 v1, 2025-04-29",805,807,E2-S3P-C1-S,Unseating,"Box-girder,  oblong column ",Mangalathu (2017),M17,S-E2-S34-O-S,
CRCB.E2.S3P.C2P.D.AbAct.BoxGirder.MCB.Circ.M17,component,Sa_1_Fragility Database.csv,"PRJ-5910 v1, 2025-04-29",330,332,E2-S3P-C2P-D,AbAct,"Box-girder,  circular column",Mangalathu (2017),M17,M-E2-S34-C-D,
CRCB.E2.S3P.C2P.D.AbAct.BoxGirder.MCB.Obl.M17,component,Sa_1_Fragility Database.csv,"PRJ-5910 v1, 2025-04-29",331,333,E2-S3P-C2P-D,AbAct,"Box-girder,  oblong column ",Mangalathu (2017),M17,M-E2-S34-O-D,
CRCB.E2.S3P.C2P.D.AbAct.BoxGirder.TCB.Circ.M17,component,Sa_1_Fragility Database.csv,"PRJ-5910 v1, 2025-04-29",328,330,E2-S3P-C2P-D,AbAct,"Box-girder,  circular column",Mangalathu (2017),M17,T-E2-S34-C-D,
CRCB.E2.S3P.C2P.D.AbAct.BoxGirder.TCB.Obl.M17,component,Sa_1_Fragility Database.csv,"PRJ-5910 v1, 2025-04-29",329,331,E2-S3P-C2P-D,AbAct,"Box-girder,  oblong column ",Mangalathu (2017),M17,T-E2-S34-O-D,
CRCB.E2.S3P.C2P.D.AbAct.BoxGirder.TCB.Span3.Flr1.JML19,component,Sa_1_Fragility Database.csv,"PRJ-5910 v1, 2025-04-29",333,335,E2-S3P-C2P-D,AbAct,"Box-girder,  one-way flared column","Jeon, Mangalathu and Lee (2019)",JML19,,
CRCB.E2.S3P.C2P.D.AbAct.BoxGirder.TCB.Span3.Flr1T.JML19,component,Sa_1_Fragility Database.csv,"PRJ-5910 v1, 2025-04-29",334,336,E2-S3P-C2P-D,AbAct,"Box-girder,  one-way flared column along the transverse direction","Jeon, Mangalathu and Lee (2019)",JML19,,
CRCB.E2.S3P.C2P.D.AbAct.BoxGirder.TCB.Span3.Flr2.JML19,component,Sa_1_Fragility Database.csv,"PRJ-5910 v1, 2025-04-29",335,337,E2-S3P-C2P-D,AbAct,"Box-girder,  two-way flared column","Jeon, Mangalathu and Lee (2019)",JML19,,
CRCB.E2.S3P.C2P.D.AbAct.BoxGirder.TCB.Span3.Obl.JML19,component,Sa_1_Fragility Database.csv,"PRJ-5910 v1, 2025-04-29",332,334,E2-S3P-C2P-D,AbAct,"Box-girder,  oblong column ","Jeon, Mangalathu and Lee (2019)",JML19,,
CRCB.E2.S3P.C2P.D.AbPass.BoxGirder.MCB.Circ.M17,component,Sa_1_Fragility Database.csv,"PRJ-5910 v1, 2025-04-29",338,340,E2-S3P-C2P-D,AbPass,"Box-girder,  circular column",Mangalathu (2017),M17,M-E2-S34-C-D,
CRCB.E2.S3P.C2P.D.AbPass.BoxGirder.MCB.Obl.M17,component,Sa_1_Fragility Database.csv,"PRJ-5910 v1, 2025-04-29",339,341,E2-S3P-C2P-D,AbPass,"Box-girder,  oblong column ",Mangalathu (2017),M17,M-E2-S34-O-D,
CRCB.E2.S3P.C2P.D.AbPass.BoxGirder.TCB.Circ.M17,component,Sa_1_Fragility Database.csv,"PRJ-5910 v1, 2025-04-29",336,338,E2-S3P-C2P-D,AbPass,"Box-girder,  circular column",Mangalathu (2017),M17,T-E2-S34-C-D,
CRCB.E2.S3P.C2P.D.AbPass.BoxGirder.TCB.Obl.M17,component,Sa_1_Fragility Database.csv,"PRJ-5910 v1, 2025-04-29",337,339,E2-S3P-C2P-D,AbPass,"Box-girder,  oblong column ",Mangalathu (2017),M17,T-E2-S34-O-D,
CRCB.E2.S3P.C2P.D.AbPass.BoxGirder.TCB.Span3.Flr1.JML19,component,Sa_1_Fragility Database.csv,"PRJ-5910 v1, 2025-04-29",341,343,E2-S3P-C2P-D,AbPass,"Box-girder,  one-way flared column","Jeon, Mangalathu and Lee (2019)",JML19,,
CRCB.E2.S3P.C2P.D.AbPass.BoxGirder.TCB.Span3.Flr1T.JML19,component,Sa_1_Fragility Database.csv,"PRJ-5910 v1, 2025-04-29",342,344,E2-S3P-C2P-D,AbPass,"Box-girder,  one-way flared column along the transverse direction","Jeon, Mangalathu and Lee (2019)",JML19,,
CRCB.E2.S3P.C2P.D.AbPass.BoxGirder.TCB.Span3.Flr2.JML19,component,Sa_1_Fragility Database.csv,"PRJ-5910 v1, 2025-04-29",343,345,E2-S3P-C2P-D,AbPass,"Box-girder,  two-way flared column","Jeon, Mangalathu and Lee (2019)",JML19,,
CRCB.E2.S3P.C2P.D.AbPass.BoxGirder.TCB.Span3.Obl.JML19,component,Sa_1_Fragility Database.csv,"PRJ-5910 v1, 2025-04-29",340,342,E2-S3P-C2P-D,AbPass,"Box-girder,  oblong column ","Jeon, Mangalathu and Lee (2019)",JML19,,
CRCB.E2.S3P.C2P.D.AbTran.BoxGirder.MCB.Circ.M17,component,Sa_1_Fragility Database.csv,"PRJ-5910 v1, 2025-04-29",346,348,E2-S3P-C2P-D,AbTran,"Box-girder,  circular column",Mangalathu (2017),M17,M-E2-S34-C-D,
CRCB.E2.S3P.C2P.D.AbTran.BoxGirder.MCB.Obl.M17,component,Sa_1_Fragility Database.csv,"PRJ-5910 v1, 2025-04-29",347,349,E2-S3P-C2P-D,AbTran,"Box-girder,  oblong column ",Mangalathu (2017),M17,M-E2-S34-O-D,
CRCB.E2.S3P.C2P.D.AbTran.BoxGirder.TCB.Circ.M17,component,Sa_1_Fragility Database.csv,"PRJ-5910 v1, 2025-04-29",344,346,E2-S3P-C2P-D,AbTran,"Box-girder,  circular column",Mangalathu (2017),M17,T-E2-S34-C-D,
CRCB.E2.S3P.C2P.D.AbTran.BoxGirder.TCB.Obl.M17,component,Sa_1_Fragility Database.csv,"PRJ-5910 v1, 2025-04-29",345,347,E2-S3P-C2P-D,AbTran,"Box-girder,  oblong column ",Mangalathu (2017),M17,T-E2-S34-O-D,
CRCB.E2.S3P.C2P.D.AbTran.BoxGirder.TCB.Span3.Flr1.JML19,component,Sa_1_Fragility Database.csv,"PRJ-5910 v1, 2025-04-29",349,351,E2-S3P-C2P-D,AbTran,"Box-girder,  one-way flared column","Jeon, Mangalathu and Lee (2019)",JML19,,
CRCB.E2.S3P.C2P.D.AbTran.BoxGirder.TCB.Span3.Flr1T.JML19,component,Sa_1_Fragility Database.csv,"PRJ-5910 v1, 2025-04-29",350,352,E2-S3P-C2P-D,AbTran,"Box-girder,  one-way flared column along the transverse direction","Jeon, Mangalathu and Lee (2019)",JML19,,
CRCB.E2.S3P.C2P.D.AbTran.BoxGirder.TCB.Span3.Flr2.JML19,component,Sa_1_Fragility Database.csv,"PRJ-5910 v1, 2025-04-29",351,353,E2-S3P-C2P-D,AbTran,"Box-girder,  two-way flared column","Jeon, Mangalathu and Lee (2019)",JML19,,
CRCB.E2.S3P.C2P.D.AbTran.BoxGirder.TCB.Span3.Obl.JML19,component,Sa_1_Fragility Database.csv,"PRJ-5910 v1, 2025-04-29",348,350,E2-S3P-C2P-D,AbTran,"Box-girder,  oblong column ","Jeon, Mangalathu and Lee (2019)",JML19,,
CRCB.E2.S3P.C2P.D.Approach.Pile.Slope30.SXR22,component,Sa_1_Fragility Database.csv,"PRJ-5910 v1, 2025-04-29",367,369,E2-S3P-C2P-D,Approach,Abutment on piles with approach slab (length 30 ft) damage through slope offset,Shao et al. (2022),SXR22,,
CRCB.E2.S3P.C2P.D.Approach.Pile.Slope45.SXR22,component,Sa_1_Fragility Database.csv,"PRJ-5910 v1, 2025-04-29",369,371,E2-S3P-C2P-D,Approach,Abutment on piles with approach slab (length 45 ft) damage through slope offset,Shao et al. (2022),SXR22,,
CRCB.E2.S3P.C2P.D.Approach.Pile.Step.SXR22,component,Sa_1_Fragility Database.csv,"PRJ-5910 v1, 2025-04-29",365,367,E2-S3P-C2P-D,Approach,Abutment on piles with approach slab damage through step offset,Shao et al. (2022),SXR22,,
CRCB.E2.S3P.C2P.D.Approach.Reg.Slope30.SXR22,component,Sa_1_Fragility Database.csv,"PRJ-5910 v1, 2025-04-29",366,368,E2-S3P-C2P-D,Approach,Regular-height abutment on spread footing with approach slab (length 30 ft) damage through slope offset,Shao et al. (2022),SXR22,,
CRCB.E2.S3P.C2P.D.Approach.Reg.Slope45.SXR22,component,Sa_1_Fragility Database.csv,"PRJ-5910 v1, 2025-04-29",368,370,E2-S3P-C2P-D,Approach,Regular-height abutment on spread footing with approach slab (length 45 ft) damage through slope offset,Shao et al. (2022),SXR22,,
CRCB.E2.S3P.C2P.D.Approach.Reg.Step.SXR22,component,Sa_1_Fragility Database.csv,"PRJ-5910 v1, 2025-04-29",364,366,E2-S3P-C2P-D,Approach,Regular-height abutment on spread footing with approach slab damage through step offset,Shao et al. (2022),SXR22,,
CRCB.E2.S3P.C2P.D.Column.BoxGirder.MCB.Circ.M17,component,Sa_1_Fragility Database.csv,"PRJ-5910 v1, 2025-04-29",322,324,E2-S3P-C2P-D,Column,"Box-girder,  circular column",Mangalathu (2017),M17,M-E2-S34-C-D,
CRCB.E2.S3P.C2P.D.Column.BoxGirder.MCB.Obl.M17,component,Sa_1_Fragility Database.csv,"PRJ-5910 v1, 2025-04-29",323,325,E2-S3P-C2P-D,Column,"Box-girder,  oblong column ",Mangalathu (2017),M17,M-E2-S34-O-D,
CRCB.E2.S3P.C2P.D.Column.BoxGirder.TCB.Circ.M17,component,Sa_1_Fragility Database.csv,"PRJ-5910 v1, 2025-04-29",320,322,E2-S3P-C2P-D,Column,"Box-girder,  circular column",Mangalathu (2017),M17,T-E2-S34-C-D,
CRCB.E2.S3P.C2P.D.Column.BoxGirder.TCB.Obl.M17,component,Sa_1_Fragility Database.csv,"PRJ-5910 v1, 2025-04-29",321,323,E2-S3P-C2P-D,Column,"Box-girder,  oblong column ",Mangalathu (2017),M17,T-E2-S34-O-D,
CRCB.E2.S3P.C2P.D.Column.BoxGirder.TCB.Span3.Flr1.JML19,component,Sa_1_Fragility Database.csv,"PRJ-5910 v1, 2025-04-29",325,327,E2-S3P-C2P-D,Column,"Box-girder,  one-way flared column","Jeon, Mangalathu and Lee (2019)",JML19,,
CRCB.E2.S3P.C2P.D.Column.BoxGirder.TCB.Span3.Flr1T.JML19,component,Sa_1_Fragility Database.csv,"PRJ-5910 v1, 2025-04-29",326,328,E2-S3P-C2P-D,Column,"Box-girder,  one-way flared column along the transverse direction","Jeon, Mangalathu and Lee (2019)",JML19,,
CRCB.E2.S3P.C2P.D.Column.BoxGirder.TCB.Span3.Flr2.JML19,component,Sa_1_Fragility Database.csv,"PRJ-5910 v1, 2025-04-29",327,329,E2-S3P-C2P-D,Column,"Box-girder,  two-way flared column","Jeon, Mangalathu and Lee (2019)",JML19,,
CRCB.E2.S3P.C2P.D.Column.BoxGirder.TCB.Span3.Obl.JML19,component,Sa_1_Fragility Database.csv,"PRJ-5910 v1, 2025-04-29",324,326,E2-S3P-C2P-D,Column,"Box-girder,  oblong column ","Jeon, Mangalathu and Lee (2019)",JML19,,
CRCB.E2.S3P.C2P.D.DeckMax.BoxGirder.MCB.Circ.M17,component,Sa_1_Fragility Database.csv,"PRJ-5910 v1, 2025-04-29",354,356,E2-S3P-C2P-D,DeckMax,"Box-girder,  circular column",Mangalathu (2017),M17,M-E2-S34-C-D,
CRCB.E2.S3P.C2P.D.DeckMax.BoxGirder.MCB.Obl.M17,component,Sa_1_Fragility Database.csv,"PRJ-5910 v1, 2025-04-29",355,357,E2-S3P-C2P-D,DeckMax,"Box-girder,  oblong column ",Mangalathu (2017),M17,M-E2-S34-O-D,
CRCB.E2.S3P.C2P.D.DeckMax.BoxGirder.TCB.Circ.M17,component,Sa_1_Fragility Database.csv,"PRJ-5910 v1, 2025-04-29",352,354,E2-S3P-C2P-D,DeckMax,"Box-girder,  circular column",Mangalathu (2017),M17,T-E2-S34-C-D,
CRCB.E2.S3P.C2P.D.DeckMax.BoxGirder.TCB.Obl.M17,component,Sa_1_Fragility Database.csv,"PRJ-5910 v1, 2025-04-29",353,355,E2-S3P-C2P-D,DeckMax,"Box-girder,  oblong column ",Mangalathu (2017),M17,T-E2-S34-O-D,
CRCB.E2.S3P.C2P.D.FndTran.BoxGirder.MCB.Circ.M17,component,Sa_1_Fragility Database.csv,"PRJ-5910 v1, 2025-04-29",362,364,E2-S3P-C2P-D,FndTran,"Box-girder,  circular column",Mangalathu (2017),M17,M-E2-S34-C-D,
CRCB.E2.S3P.C2P.D.FndTran.BoxGirder.MCB.Obl.M17,component,Sa_1_Fragility Database.csv,"PRJ-5910 v1, 2025-04-29",363,365,E2-S3P-C2P-D,FndTran,"Box-girder,  oblong column ",Mangalathu (2017),M17,M-E2-S34-O-D,
CRCB.E2.S3P.C2P.D.FndTran.BoxGirder.TCB.Circ.M17,component,Sa_1_Fragility Database.csv,"PRJ-5910 v1, 2025-04-29",360,362,E2-S3P-C2P-D,FndTran,"Box-girder,  circular column",Mangalathu (2017),M17,T-E2-S34-C-D,
CRCB.E2.S3P.C2P.D.FndTran.BoxGirder.TCB.Obl.M17,component,Sa_1_Fragility Database.csv,"PRJ-5910 v1, 2025-04-29",361,363,E2-S3P-C2P-D,FndTran,"Box-girder,  oblong column ",Mangalathu (2017),M17,T-E2-S34-O-D,
CRCB.E2.S3P.C2P.D.System.BoxGirder.MCB.Circ.M17,portfolio,Sa_1_Fragility Database.csv,"PRJ-5910 v1, 2025-04-29",372,374,E2-S3P-C2P-D,System,"Box-girder,  circular column",Mangalathu (2017),M17,M-E2-S34-C-D,
CRCB.E2.S3P.C2P.D.System.BoxGirder.MCB.Obl.M17,portfolio,Sa_1_Fragility Database.csv,"PRJ-5910 v1, 2025-04-29",373,375,E2-S3P-C2P-D,System,"Box-girder,  oblong column ",Mangalathu (2017),M17,M-E2-S34-O-D,
CRCB.E2.S3P.C2P.D.System.BoxGirder.TCB.Circ.M17,portfolio,Sa_1_Fragility Database.csv,"PRJ-5910 v1, 2025-04-29",370,372,E2-S3P-C2P-D,System,"Box-girder,  circular column",Mangalathu (2017),M17,T-E2-S34-C-D,
CRCB.E2.S3P.C2P.D.System.BoxGirder.TCB.Obl.M17,portfolio,Sa_1_Fragility Database.csv,"PRJ-5910 v1, 2025-04-29",371,373,E2-S3P-C2P-D,System,"Box-girder,  oblong column ",Mangalathu (2017),M17,T-E2-S34-O-D,
CRCB.E2.S3P.C2P.D.System.BoxGirder.TCB.Span3.Flr1.JML19,portfolio,Sa_1_Fragility Database.csv,"PRJ-5910 v1, 2025-04-29",375,377,E2-S3P-C2P-D,System,"Box-girder,  one-way flared column","Jeon, Mangalathu and Lee (2019)",JML19,,
CRCB.E2.S3P.C2P.D.System.BoxGirder.TCB.Span3.Flr1T.JML19,portfolio,Sa_1_Fragility Database.csv,"PRJ-5910 v1, 2025-04-29",376,378,E2-S3P-C2P-D,System,"Box-girder,  one-way flared column along the transverse direction","Jeon, Mangalathu and Lee (2019)",JML19,,
CRCB.E2.S3P.C2P.D.System.BoxGirder.TCB.Span3.Flr2.JML19,portfolio,Sa_1_Fragility Database.csv,"PRJ-5910 v1, 2025-04-29",377,379,E2-S3P-C2P-D,System,"Box-girder,  two-way flared column","Jeon, Mangalathu and Lee (2019)",JML19,,
CRCB.E2.S3P.C2P.D.System.BoxGirder.TCB.Span3.Obl.JML19,portfolio,Sa_1_Fragility Database.csv,"PRJ-5910 v1, 2025-04-29",374,376,E2-S3P-C2P-D,System,"Box-girder,  oblong column ","Jeon, Mangalathu and Lee (2019)",JML19,,
CRCB.E2.S3P.C2P.S.AbAct.BoxGirder.MCB.Circ.M17,component,Sa_1_Fragility Database.csv,"PRJ-5910 v1, 2025-04-29",857,859,E2-S3P-C2P-S,AbAct,"Box-girder,  circular column",Mangalathu (2017),M17,M-E2-S34-C-S,
CRCB.E2.S3P.C2P.S.AbAct.BoxGirder.MCB.Obl.M17,component,Sa_1_Fragility Database.csv,"PRJ-5910 v1, 2025-04-29",858,860,E2-S3P-C2P-S,AbAct,"Box-girder,  oblong column ",Mangalathu (2017),M17,M-E2-S34-O-S,
CRCB.E2.S3P.C2P.S.AbAct.BoxGirder.TCB.Circ.M17,component,Sa_1_Fragility Database.csv,"PRJ-5910 v1, 2025-04-29",855,857,E2-S3P-C2P-S,AbAct,"Box-girder,  circular column",Mangalathu (2017),M17,T-E2-S34-C-S,
CRCB.E2.S3P.C2P.S.AbAct.BoxGirder.TCB.Obl.M17,component,Sa_1_Fragility Database.csv,"PRJ-5910 v1, 2025-04-29",856,858,E2-S3P-C2P-S,AbAct,"Box-girder,  oblong column ",Mangalathu (2017),M17,T-E2-S34-O-S,
CRCB.E2.S3P.C2P.S.AbAct.BoxGirder.TCB.Span3.Flr1.JML19,component,Sa_1_Fragility Database.csv,"PRJ-5910 v1, 2025-04-29",860,862,E2-S3P-C2P-S,AbAct,"Box-girder,  one-way flared column","Jeon, Mangalathu and Lee (2019)",JML19,,
CRCB.E2.S3P.C2P.S.AbAct.BoxGirder.TCB.Span3.Flr1T.JML19,component,Sa_1_Fragility Database.csv,"PRJ-5910 v1, 2025-04-29",861,863,E2-S3P-C2P-S,AbAct,"Box-girder,  one-way flared column along the transverse direction","Jeon, Mangalathu and Lee (2019)",JML19,,
CRCB.E2.S3P.C2P.S.AbAct.BoxGirder.TCB.Span3.Flr2.JML19,component,Sa_1_Fragility Database.csv,"PRJ-5910 v1, 2025-04-29",862,864,E2-S3P-C2P-S,AbAct,"Box-girder,  two-way flared column","Jeon, Mangalathu and Lee (2019)",JML19,,
CRCB.E2.S3P.C2P.S.AbAct.BoxGirder.TCB.Span3.Obl.JML19,component,Sa_1_Fragility Database.csv,"PRJ-5910 v1, 2025-04-29",859,861,E2-S3P-C2P-S,AbAct,"Box-girder,  oblong column ","Jeon, Mangalathu and Lee (2019)",JML19,,
CRCB.E2.S3P.C2P.S.AbPass.BoxGirder.MCB.Circ.M17,component,Sa_1_Fragility Database.csv,"PRJ-5910 v1, 2025-04-29",865,867,E2-S3P-C2P-S,AbPass,"Box-girder,  circular column",Mangalathu (2017),M17,M-E2-S34-C-S,
CRCB.E2.S3P.C2P.S.AbPass.BoxGirder.MCB.Obl.M17,component,Sa_1_Fragility Database.csv,"PRJ-5910 v1, 2025-04-29",866,868,E2-S3P-C2P-S,AbPass,"Box-girder,  oblong column ",Mangalathu (2017),M17,M-E2-S34-O-S,
CRCB.E2.S3P.C2P.S.AbPass.BoxGirder.TCB.Circ.M17,component,Sa_1_Fragility Database.csv,"PRJ-5910 v1, 2025-04-29",863,865,E2-S3P-C2P-S,AbPass,"Box-girder,  circular column",Mangalathu (2017),M17,T-E2-S34-C-S,
CRCB.E2.S3P.C2P.S.AbPass.BoxGirder.TCB.Obl.M17,component,Sa_1_Fragility Database.csv,"PRJ-5910 v1, 2025-04-29",864,866,E2-S3P-C2P-S,AbPass,"Box-girder,  oblong column ",Mangalathu (2017),M17,T-E2-S34-O-S,
CRCB.E2.S3P.C2P.S.AbPass.BoxGirder.TCB.Span3.Flr1.JML19,component,Sa_1_Fragility Database.csv,"PRJ-5910 v1, 2025-04-29",868,870,E2-S3P-C2P-S,AbPass,"Box-girder,  one-way flared column","Jeon, Mangalathu and Lee (2019)",JML19,,
CRCB.E2.S3P.C2P.S.AbPass.BoxGirder.TCB.Span3.Flr1T.JML19,component,Sa_1_Fragility Database.csv,"PRJ-5910 v1, 2025-04-29",869,871,E2-S3P-C2P-S,AbPass,"Box-girder,  one-way flared column along the transverse direction","Jeon, Mangalathu and Lee (2019)",JML19,,
CRCB.E2.S3P.C2P.S.AbPass.BoxGirder.TCB.Span3.Flr2.JML19,component,Sa_1_Fragility Database.csv,"PRJ-5910 v1, 2025-04-29",870,872,E2-S3P-C2P-S,AbPass,"Box-girder,  two-way flared column","Jeon, Mangalathu and Lee (2019)",JML19,,
CRCB.E2.S3P.C2P.S.AbPass.BoxGirder.TCB.Span3.Obl.JML19,component,Sa_1_Fragility Database.csv,"PRJ-5910 v1, 2025-04-29",867,869,E2-S3P-C2P-S,AbPass,"Box-girder,  oblong column ","Jeon, Mangalathu and Lee (2019)",JML19,,
CRCB.E2.S3P.C2P.S.AbTran.BoxGirder.MCB.Circ.M17,component,Sa_1_Fragility Database.csv,"PRJ-5910 v1, 2025-04-29",873,875,E2-S3P-C2P-S,AbTran,"Box-girder,  circular column",Mangalathu (2017),M17,M-E2-S34-C-S,
CRCB.E2.S3P.C2P.S.AbTran.BoxGirder.MCB.Obl.M17,component,Sa_1_Fragility Database.csv,"PRJ-5910 v1, 2025-04-29",874,876,E2-S3P-C2P-S,AbTran,"Box-girder,  oblong column ",Mangalathu (2017),M17,M-E2-S34-O-S,
CRCB.E2.S3P.C2P.S.AbTran.BoxGirder.TCB.Circ.M17,component,Sa_1_Fragility Database.csv,"PRJ-5910 v1, 2025-04-29",871,873,E2-S3P-C2P-S,AbTran,"Box-girder,  circular column",Mangalathu (2017),M17,T-E2-S34-C-S,
CRCB.E2.S3P.C2P.S.AbTran.BoxGirder.TCB.Obl.M17,component,Sa_1_Fragility Database.csv,"PRJ-5910 v1, 2025-04-29",872,874,E2-S3P-C2P-S,AbTran,"Box-girder,  oblong column ",Mangalathu (2017),M17,T-E2-S34-O-S,
CRCB.E2.S3P.C2P.S.AbTran.BoxGirder.TCB.Span3.Flr1.JML19,component,Sa_1_Fragility Database.csv,"PRJ-5910 v1, 2025-04-29",876,878,E2-S3P-C2P-S,AbTran,"Box-girder,  one-way flared column","Jeon, Mangalathu and Lee (2019)",JML19,,
CRCB.E2.S3P.C2P.S.AbTran.BoxGirder.TCB.Span3.Flr1T.JML19,component,Sa_1_Fragility Database.csv,"PRJ-5910 v1, 2025-04-29",877,879,E2-S3P-C2P-S,AbTran,"Box-girder,  one-way flared column along the transverse direction","Jeon, Mangalathu and Lee (2019)",JML19,,
CRCB.E2.S3P.C2P.S.AbTran.BoxGirder.TCB.Span3.Flr2.JML19,component,Sa_1_Fragility Database.csv,"PRJ-5910 v1, 2025-04-29",878,880,E2-S3P-C2P-S,AbTran,"Box-girder,  two-way flared column","Jeon, Mangalathu and Lee (2019)",JML19,,
CRCB.E2.S3P.C2P.S.AbTran.BoxGirder.TCB.Span3.Obl.JML19,component,Sa_1_Fragility Database.csv,"PRJ-5910 v1, 2025-04-29",875,877,E2-S3P-C2P-S,AbTran,"Box-girder,  oblong column ","Jeon, Mangalathu and Lee (2019)",JML19,,
CRCB.E2.S3P.C2P.S.Approach.Cant.Slope30.SXR22,component,Sa_1_Fragility Database.csv,"PRJ-5910 v1, 2025-04-29",911,913,E2-S3P-C2P-S,Approach,"Cantilever abutment on spread footing with approach slab damage through slope offset, with an approach slab length of 30 ft.",Shao et al. (2022),SXR22,,
CRCB.E2.S3P.C2P.S.Approach.Cant.Slope45.SXR22,component,Sa_1_Fragility Database.csv,"PRJ-5910 v1, 2025-04-29",914,916,E2-S3P-C2P-S,Approach,"Cantilever abutment on spread footing with approach slab damage through slope offset, with an approach slab length of 45 ft.",Shao et al. (2022),SXR22,,
CRCB.E2.S3P.C2P.S.Approach.Cant.Step.SXR22,component,Sa_1_Fragility Database.csv,"PRJ-5910 v1, 2025-04-29",908,910,E2-S3P-C2P-S,Approach,Cantilever abutment on spread footing with approach slab damage through step offset.,Shao et al. (2022),SXR22,,
CRCB.E2.S3P.C2P.S.Approach.Pile.Slope30.SXR22,component,Sa_1_Fragility Database.csv,"PRJ-5910 v1, 2025-04-29",912,914,E2-S3P-C2P-S,Approach,Abutment on piles with approach slab (length 30 ft) damage through slope offset,Shao et al. (2022),SXR22,,
CRCB.E2.S3P.C2P.S.Approach.Pile.Slope45.SXR22,component,Sa_1_Fragility Database.csv,"PRJ-5910 v1, 2025-04-29",915,917,E2-S3P-C2P-S,Approach,Abutment on piles with approach slab (length 45 ft) damage through slope offset,Shao et al. (2022),SXR22,,
CRCB.E2.S3P.C2P.S.Approach.Pile.Step.SXR22,component,Sa_1_Fragility Database.csv,"PRJ-5910 v1, 2025-04-29",909,911,E2-S3P-C2P-S,Approach,Abutment on piles with approach slab damage through step offset.,Shao et al. (2022),SXR22,,
CRCB.E2.S3P.C2P.S.Approach.Reg.Slope30.SXR22,component,Sa_1_Fragility Database.csv,"PRJ-5910 v1, 2025-04-29",910,912,E2-S3P-C2P-S,Approach,Regular-height abutment on spread footing with approach slab (length 30 ft) damage through slope offset,Shao et al. (2022),SXR22,,
CRCB.E2.S3P.C2P.S.Approach.Reg.Slope45.SXR22,component,Sa_1_Fragility Database.csv,"PRJ-5910 v1, 2025-04-29",913,915,E2-S3P-C2P-S,Approach,Regular-height abutment on spread footing with approach slab (length 45 ft) damage through slope offset,Shao et al. (2022),SXR22,,
CRCB.E2.S3P.C2P.S.Approach.Reg.Step.SXR22,component,Sa_1_Fragility Database.csv,"PRJ-5910 v1, 2025-04-29",907,909,E2-S3P-C2P-S,Approach,Regular-height abutment on spread footing with approach slab damage through step offset.,Shao et al. (2022),SXR22,,
CRCB.E2.S3P.C2P.S.Bearing.BoxGirder.MCB.Circ.M17,component,Sa_1_Fragility Database.csv,"PRJ-5910 v1, 2025-04-29",881,883,E2-S3P-C2P-S,Bearing,"Box-girder,  circular column",Mangalathu (2017),M17,M-E2-S34-C-S,
CRCB.E2.S3P.C2P.S.Bearing.BoxGirder.MCB.Obl.M17,component,Sa_1_Fragility Database.csv,"PRJ-5910 v1, 2025-04-29",882,884,E2-S3P-C2P-S,Bearing,"Box-girder,  oblong column ",Mangalathu (2017),M17,M-E2-S34-O-S,
CRCB.E2.S3P.C2P.S.Bearing.BoxGirder.TCB.Circ.M17,component,Sa_1_Fragility Database.csv,"PRJ-5910 v1, 2025-04-29",879,881,E2-S3P-C2P-S,Bearing,"Box-girder,  circular column",Mangalathu (2017),M17,T-E2-S34-C-S,
CRCB.E2.S3P.C2P.S.Bearing.BoxGirder.TCB.Obl.M17,component,Sa_1_Fragility Database.csv,"PRJ-5910 v1, 2025-04-29",880,882,E2-S3P-C2P-S,Bearing,"Box-girder,  oblong column ",Mangalathu (2017),M17,T-E2-S34-O-S,
CRCB.E2.S3P.C2P.S.Bearing.BoxGirder.TCB.Span3.Flr1.JML19,component,Sa_1_Fragility Database.csv,"PRJ-5910 v1, 2025-04-29",884,886,E2-S3P-C2P-S,Bearing,"Box-girder,  one-way flared column","Jeon, Mangalathu and Lee (2019)",JML19,,
CRCB.E2.S3P.C2P.S.Bearing.BoxGirder.TCB.Span3.Flr1T.JML19,component,Sa_1_Fragility Database.csv,"PRJ-5910 v1, 2025-04-29",885,887,E2-S3P-C2P-S,Bearing,"Box-girder,  one-way flared column along the transverse direction","Jeon, Mangalathu and Lee (2019)",JML19,,
CRCB.E2.S3P.C2P.S.Bearing.BoxGirder.TCB.Span3.Flr2.JML19,component,Sa_1_Fragility Database.csv,"PRJ-5910 v1, 2025-04-29",886,888,E2-S3P-C2P-S,Bearing,"Box-girder,  two-way flared column","Jeon, Mangalathu and Lee (2019)",JML19,,
CRCB.E2.S3P.C2P.S.Bearing.BoxGirder.TCB.Span3.Obl.JML19,component,Sa_1_Fragility Database.csv,"PRJ-5910 v1, 2025-04-29",883,885,E2-S3P-C2P-S,Bearing,"Box-girder,  oblong column ","Jeon, Mangalathu and Lee (2019)",JML19,,
CRCB.E2.S3P.C2P.S.Column.BoxGirder.MCB.Circ.M17,component,Sa_1_Fragility Database.csv,"PRJ-5910 v1, 2025-04-29",841,843,E2-S3P-C2P-S,Column,"Box-girder,  circular column",Mangalathu (2017),M17,M-E2-S34-C-S,
CRCB.E2.S3P.C2P.S.Column.BoxGirder.MCB.Obl.M17,component,Sa_1_Fragility Database.csv,"PRJ-5910 v1, 2025-04-29",842,844,E2-S3P-C2P-S,Column,"Box-girder,  oblong column ",Mangalathu (2017),M17,M-E2-S34-O-S,
CRCB.E2.S3P.C2P.S.Column.BoxGirder.TCB.Circ.M17,component,Sa_1_Fragility Database.csv,"PRJ-5910 v1, 2025-04-29",839,841,E2-S3P-C2P-S,Column,"Box-girder,  circular column",Mangalathu (2017),M17,T-E2-S34-C-S,
CRCB.E2.S3P.C2P.S.Column.BoxGirder.TCB.Obl.M17,component,Sa_1_Fragility Database.csv,"PRJ-5910 v1, 2025-04-29",840,842,E2-S3P-C2P-S,Column,"Box-girder,  oblong column ",Mangalathu (2017),M17,T-E2-S34-O-S,
CRCB.E2.S3P.C2P.S.Column.BoxGirder.TCB.Span3.Flr1.JML19,component,Sa_1_Fragility Database.csv,"PRJ-5910 v1, 2025-04-29",844,846,E2-S3P-C2P-S,Column,"Box-girder,  one-way flared column","Jeon, Mangalathu and Lee (2019)",JML19,,
CRCB.E2.S3P.C2P.S.Column.BoxGirder.TCB.Span3.Flr1T.JML19,component,Sa_1_Fragility Database.csv,"PRJ-5910 v1, 2025-04-29",845,847,E2-S3P-C2P-S,Column,"Box-girder,  one-way flared column along the transverse direction","Jeon, Mangalathu and Lee (2019)",JML19,,
CRCB.E2.S3P.C2P.S.Column.BoxGirder.TCB.Span3.Flr2.JML19,component,Sa_1_Fragility Database.csv,"PRJ-5910 v1, 2025-04-29",846,848,E2-S3P-C2P-S,Column,"Box-girder,  two-way flared column","Jeon, Mangalathu and Lee (2019)",JML19,,
CRCB.E2.S3P.C2P.S.Column.BoxGirder.TCB.Span3.Obl.JML19,component,Sa_1_Fragility Database.csv,"PRJ-5910 v1, 2025-04-29",843,845,E2-S3P-C2P-S,Column,"Box-girder,  oblong column ","Jeon, Mangalathu and Lee (2019)",JML19,,
CRCB.E2.S3P.C2P.S.DeckMax.BoxGirder.MCB.Circ.M17,component,Sa_1_Fragility Database.csv,"PRJ-5910 v1, 2025-04-29",889,891,E2-S3P-C2P-S,DeckMax,"Box-girder,  circular column",Mangalathu (2017),M17,M-E2-S34-C-S,
CRCB.E2.S3P.C2P.S.DeckMax.BoxGirder.MCB.Obl.M17,component,Sa_1_Fragility Database.csv,"PRJ-5910 v1, 2025-04-29",890,892,E2-S3P-C2P-S,DeckMax,"Box-girder,  oblong column ",Mangalathu (2017),M17,M-E2-S34-O-S,
CRCB.E2.S3P.C2P.S.DeckMax.BoxGirder.TCB.Circ.M17,component,Sa_1_Fragility Database.csv,"PRJ-5910 v1, 2025-04-29",887,889,E2-S3P-C2P-S,DeckMax,"Box-girder,  circular column",Mangalathu (2017),M17,T-E2-S34-C-S,
CRCB.E2.S3P.C2P.S.DeckMax.BoxGirder.TCB.Obl.M17,component,Sa_1_Fragility Database.csv,"PRJ-5910 v1, 2025-04-29",888,890,E2-S3P-C2P-S,DeckMax,"Box-girder,  oblong column ",Mangalathu (2017),M17,T-E2-S34-O-S,
CRCB.E2.S3P.C2P.S.FndTran.BoxGirder.MCB.Circ.M17,component,Sa_1_Fragility Database.csv,"PRJ-5910 v1, 2025-04-29",897,899,E2-S3P-C2P-S,FndTran,"Box-girder,  circular column",Mangalathu (2017),M17,M-E2-S34-C-S,
CRCB.E2.S3P.C2P.S.FndTran.BoxGirder.MCB.Obl.M17,component,Sa_1_Fragility Database.csv,"PRJ-5910 v1, 2025-04-29",898,900,E2-S3P-C2P-S,FndTran,"Box-girder,  oblong column ",Mangalathu (2017),M17,M-E2-S34-O-S,
CRCB.E2.S3P.C2P.S.FndTran.BoxGirder.TCB.Circ.M17,component,Sa_1_Fragility Database.csv,"PRJ-5910 v1, 2025-04-29",895,897,E2-S3P-C2P-S,FndTran,"Box-girder,  circular column",Mangalathu (2017),M17,T-E2-S34-C-S,
CRCB.E2.S3P.C2P.S.FndTran.BoxGirder.TCB.Obl.M17,component,Sa_1_Fragility Database.csv,"PRJ-5910 v1, 2025-04-29",896,898,E2-S3P-C2P-S,FndTran,"Box-girder,  oblong column ",Mangalathu (2017),M17,T-E2-S34-O-S,
CRCB.E2.S3P.C2P.S.Seal.BoxGirder.MCB.Circ.M17,component,Sa_1_Fragility Database.csv,"PRJ-5910 v1, 2025-04-29",905,907,E2-S3P-C2P-S,Seal,"Box-girder,  circular column",Mangalathu (2017),M17,M-E2-S34-C-S,
CRCB.E2.S3P.C2P.S.Seal.BoxGirder.MCB.Obl.M17,component,Sa_1_Fragility Database.csv,"PRJ-5910 v1, 2025-04-29",906,908,E2-S3P-C2P-S,Seal,"Box-girder,  oblong column ",Mangalathu (2017),M17,M-E2-S34-O-S,
CRCB.E2.S3P.C2P.S.Seal.BoxGirder.TCB.Circ.M17,component,Sa_1_Fragility Database.csv,"PRJ-5910 v1, 2025-04-29",903,905,E2-S3P-C2P-S,Seal,"Box-girder,  circular column",Mangalathu (2017),M17,T-E2-S34-C-S,
CRCB.E2.S3P.C2P.S.Seal.BoxGirder.TCB.Obl.M17,component,Sa_1_Fragility Database.csv,"PRJ-5910 v1, 2025-04-29",904,906,E2-S3P-C2P-S,Seal,"Box-girder,  oblong column ",Mangalathu (2017),M17,T-E2-S34-O-S,
CRCB.E2.S3P.C2P.S.System.BoxGirder.MCB.Circ.M17,portfolio,Sa_1_Fragility Database.csv,"PRJ-5910 v1, 2025-04-29",918,920,E2-S3P-C2P-S,System,"Box-girder,  circular column",Mangalathu (2017),M17,M-E2-S34-C-S,
CRCB.E2.S3P.C2P.S.System.BoxGirder.MCB.Obl.M17,portfolio,Sa_1_Fragility Database.csv,"PRJ-5910 v1, 2025-04-29",919,921,E2-S3P-C2P-S,System,"Box-girder,  oblong column ",Mangalathu (2017),M17,M-E2-S34-O-S,
CRCB.E2.S3P.C2P.S.System.BoxGirder.TCB.Circ.M17,portfolio,Sa_1_Fragility Database.csv,"PRJ-5910 v1, 2025-04-29",916,918,E2-S3P-C2P-S,System,"Box-girder,  circular column",Mangalathu (2017),M17,T-E2-S34-C-S,
CRCB.E2.S3P.C2P.S.System.BoxGirder.TCB.Obl.M17,portfolio,Sa_1_Fragility Database.csv,"PRJ-5910 v1, 2025-04-29",917,919,E2-S3P-C2P-S,System,"Box-girder,  oblong column ",Mangalathu (2017),M17,T-E2-S34-O-S,
CRCB.E2.S3P.C2P.S.System.BoxGirder.TCB.Span3.Flr1.JML19,portfolio,Sa_1_Fragility Database.csv,"PRJ-5910 v1, 2025-04-29",921,923,E2-S3P-C2P-S,System,"Box-girder,  one-way flared column","Jeon, Mangalathu and Lee (2019)",JML19,,
CRCB.E2.S3P.C2P.S.System.BoxGirder.TCB.Span3.Flr1T.JML19,portfolio,Sa_1_Fragility Database.csv,"PRJ-5910 v1, 2025-04-29",922,924,E2-S3P-C2P-S,System,"Box-girder,  one-way flared column along the transverse direction","Jeon, Mangalathu and Lee (2019)",JML19,,
CRCB.E2.S3P.C2P.S.System.BoxGirder.TCB.Span3.Flr2.JML19,portfolio,Sa_1_Fragility Database.csv,"PRJ-5910 v1, 2025-04-29",923,925,E2-S3P-C2P-S,System,"Box-girder,  two-way flared column","Jeon, Mangalathu and Lee (2019)",JML19,,
CRCB.E2.S3P.C2P.S.System.BoxGirder.TCB.Span3.Obl.JML19,portfolio,Sa_1_Fragility Database.csv,"PRJ-5910 v1, 2025-04-29",920,922,E2-S3P-C2P-S,System,"Box-girder,  oblong column ","Jeon, Mangalathu and Lee (2019)",JML19,,
CRCB.E2.S3P.C2P.S.Unseating.BoxGirder.MCB.Circ.M17,component,Sa_1_Fragility Database.csv,"PRJ-5910 v1, 2025-04-29",849,851,E2-S3P-C2P-S,Unseating,"Box-girder,  circular column",Mangalathu (2017),M17,M-E2-S34-C-S,
CRCB.E2.S3P.C2P.S.Unseating.BoxGirder.MCB.Obl.M17,component,Sa_1_Fragility Database.csv,"PRJ-5910 v1, 2025-04-29",850,852,E2-S3P-C2P-S,Unseating,"Box-girder,  oblong column ",Mangalathu (2017),M17,M-E2-S34-O-S,
CRCB.E2.S3P.C2P.S.Unseating.BoxGirder.TCB.Circ.M17,component,Sa_1_Fragility Database.csv,"PRJ-5910 v1, 2025-04-29",847,849,E2-S3P-C2P-S,Unseating,"Box-girder,  circular column",Mangalathu (2017),M17,T-E2-S34-C-S,
CRCB.E2.S3P.C2P.S.Unseating.BoxGirder.TCB.Obl.M17,component,Sa_1_Fragility Database.csv,"PRJ-5910 v1, 2025-04-29",848,850,E2-S3P-C2P-S,Unseating,"Box-girder,  oblong column ",Mangalathu (2017),M17,T-E2-S34-O-S,
CRCB.E2.S3P.C2P.S.Unseating.BoxGirder.TCB.Span3.Flr1.JML19,component,Sa_1_Fragility Database.csv,"PRJ-5910 v1, 2025-04-29",852,854,E2-S3P-C2P-S,Unseating,"Box-girder,  one-way flared column","Jeon, Mangalathu and Lee (2019)",JML19,,filled_lower_states
CRCB.E2.S3P.C2P.S.Unseating.BoxGirder.TCB.Span3.Flr1T.JML19,component,Sa_1_Fragility Database.csv,"PRJ-5910 v1, 2025-04-29",853,855,E2-S3P-C2P-S,Unseating,"Box-girder,  one-way flared column along the transverse direction","Jeon, Mangalathu and Lee (2019)",JML19,,filled_lower_states
CRCB.E2.S3P.C2P.S.Unseating.BoxGirder.TCB.Span3.Flr2.JML19,component,Sa_1_Fragility Database.csv,"PRJ-5910 v1, 2025-04-29",854,856,E2-S3P-C2P-S,Unseating,"Box-girder,  two-way flared column","Jeon, Mangalathu and Lee (2019)",JML19,,filled_lower_states
CRCB.E2.S3P.C2P.S.Unseating.BoxGirder.TCB.Span3.Obl.JML19,component,Sa_1_Fragility Database.csv,"PRJ-5910 v1, 2025-04-29",851,853,E2-S3P-C2P-S,Unseating,"Box-girder,  oblong column ","Jeon, Mangalathu and Lee (2019)",JML19,,filled_lower_states
CRCB.E3.S2.C1.D.AbAct.BoxGirder.Circ.M17,component,Sa_1_Fragility Database.csv,"PRJ-5910 v1, 2025-04-29",173,175,E3-S2-C1-D,AbAct,"Box-girder,  circular column",Mangalathu (2017),M17,S-E3-S22-C-D,
CRCB.E3.S2.C1.D.AbAct.BoxGirder.Obl.M17,component,Sa_1_Fragility Database.csv,"PRJ-5910 v1, 2025-04-29",174,176,E3-S2-C1-D,AbAct,"Box-girder,  oblong column ",Mangalathu (2017),M17,S-E3-S22-O-D,
CRCB.E3.S2.C1.D.AbPass.BoxGirder.Circ.M17,component,Sa_1_Fragility Database.csv,"PRJ-5910 v1, 2025-04-29",175,177,E3-S2-C1-D,AbPass,"Box-girder,  circular column",Mangalathu (2017),M17,S-E3-S22-C-D,
CRCB.E3.S2.C1.D.AbPass.BoxGirder.Obl.M17,component,Sa_1_Fragility Database.csv,"PRJ-5910 v1, 2025-04-29",176,178,E3-S2-C1-D,AbPass,"Box-girder,  oblong column ",Mangalathu (2017),M17,S-E3-S22-O-D,
CRCB.E3.S2.C1.D.AbTran.BoxGirder.Circ.M17,component,Sa_1_Fragility Database.csv,"PRJ-5910 v1, 2025-04-29",177,179,E3-S2-C1-D,AbTran,"Box-girder,  circular column",Mangalathu (2017),M17,S-E3-S22-C-D,
CRCB.E3.S2.C1.D.AbTran.BoxGirder.Obl.M17,component,Sa_1_Fragility Database.csv,"PRJ-5910 v1, 2025-04-29",178,180,E3-S2-C1-D,AbTran,"Box-girder,  oblong column ",Mangalathu (2017),M17,S-E3-S22-O-D,
CRCB.E3.S2.C1.D.Approach.Pile.Slope30.SXR22,component,Sa_1_Fragility Database.csv,"PRJ-5910 v1, 2025-04-29",186,188,E3-S2-C1-D,Approach,Abutment on piles with approach slab (length 30 ft) damage through slope offset,Shao et al. (2022),SXR22,,
CRCB.E3.S2.C1.D.Approach.Pile.Slope45.SXR22,component,Sa_1_Fragility Database.csv,"PRJ-5910 v1, 2025-04-29",187,189,E3-S2-C1-D,Approach,Abutment on piles with approach slab (length 45 ft) damage through slope offset,Shao et al. (2022),SXR22,,
CRCB.E3.S2.C1.D.Approach.Pile.Step.SXR22,component,Sa_1_Fragility Database.csv,"PRJ-5910 v1, 2025-04-29",185,187,E3-S2-C1-D,Approach,Abutment on piles with approach slab damage through step offset.,Shao et al. (2022),SXR22,,
CRCB.E3.S2.C1.D.Column.BoxGirder.Circ.M17,component,Sa_1_Fragility Database.csv,"PRJ-5910 v1, 2025-04-29",171,173,E3-S2-C1-D,Column,"Box-girder,  circular column",Mangalathu (2017),M17,S-E3-S22-C-D,
CRCB.E3.S2.C1.D.Column.BoxGirder.Obl.M17,component,Sa_1_Fragility Database.csv,"PRJ-5910 v1, 2025-04-29",172,174,E3-S2-C1-D,Column,"Box-girder,  oblong column ",Mangalathu (2017),M17,S-E3-S22-O-D,
CRCB.E3.S2.C1.D.DeckMax.BoxGirder.Circ.M17,component,Sa_1_Fragility Database.csv,"PRJ-5910 v1, 2025-04-29",179,181,E3-S2-C1-D,DeckMax,"Box-girder,  circular column",Mangalathu (2017),M17,S-E3-S22-C-D,
CRCB.E3.S2.C1.D.DeckMax.BoxGirder.Obl.M17,component,Sa_1_Fragility Database.csv,"PRJ-5910 v1, 2025-04-29",180,182,E3-S2-C1-D,DeckMax,"Box-girder,  oblong column ",Mangalathu (2017),M17,S-E3-S22-O-D,
CRCB.E3.S2.C1.D.FndTran.BoxGirder.Circ.M17,component,Sa_1_Fragility Database.csv,"PRJ-5910 v1, 2025-04-29",183,185,E3-S2-C1-D,FndTran,"Box-girder,  circular column",Mangalathu (2017),M17,S-E3-S22-C-D,
CRCB.E3.S2.C1.D.FndTran.BoxGirder.Obl.M17,component,Sa_1_Fragility Database.csv,"PRJ-5910 v1, 2025-04-29",184,186,E3-S2-C1-D,FndTran,"Box-girder,  oblong column ",Mangalathu (2017),M17,S-E3-S22-O-D,
CRCB.E3.S2.C1.D.System.BoxGirder.Circ.M17,portfolio,Sa_1_Fragility Database.csv,"PRJ-5910 v1, 2025-04-29",188,190,E3-S2-C1-D,System,"Box-girder,  circular column",Mangalathu (2017),M17,S-E3-S22-C-D,
CRCB.E3.S2.C1.D.System.BoxGirder.Obl.M17,portfolio,Sa_1_Fragility Database.csv,"PRJ-5910 v1, 2025-04-29",189,191,E3-S2-C1-D,System,"Box-girder,  oblong column ",Mangalathu (2017),M17,S-E3-S22-O-D,
CRCB.E3.S2.C1.S.AbAct.BoxGirder.Circ.M17,component,Sa_1_Fragility Database.csv,"PRJ-5910 v1, 2025-04-29",626,628,E3-S2-C1-S,AbAct,"Box-girder,  circular column",Mangalathu (2017),M17,S-E3-S22-C-S,
CRCB.E3.S2.C1.S.AbAct.BoxGirder.Obl.M17,component,Sa_1_Fragility Database.csv,"PRJ-5910 v1, 2025-04-29",627,629,E3-S2-C1-S,AbAct,"Box-girder,  oblong column ",Mangalathu (2017),M17,S-E3-S22-O-S,
CRCB.E3.S2.C1.S.AbPass.BoxGirder.Circ.M17,component,Sa_1_Fragility Database.csv,"PRJ-5910 v1, 2025-04-29",628,630,E3-S2-C1-S,AbPass,"Box-girder,  circular column",Mangalathu (2017),M17,S-E3-S22-C-S,
CRCB.E3.S2.C1.S.AbPass.BoxGirder.Obl.M17,component,Sa_1_Fragility Database.csv,"PRJ-5910 v1, 2025-04-29",629,631,E3-S2-C1-S,AbPass,"Box-girder,  oblong column ",Mangalathu (2017),M17,S-E3-S22-O-S,
CRCB.E3.S2.C1.S.AbTran.BoxGirder.Circ.M17,component,Sa_1_Fragility Database.csv,"PRJ-5910 v1, 2025-04-29",630,632,E3-S2-C1-S,AbTran,"Box-girder,  circular column",Mangalathu (2017),M17,S-E3-S22-C-S,
CRCB.E3.S2.C1.S.AbTran.BoxGirder.Obl.M17,component,Sa_1_Fragility Database.csv,"PRJ-5910 v1, 2025-04-29",631,633,E3-S2-C1-S,AbTran,"Box-girder,  oblong column ",Mangalathu (2017),M17,S-E3-S22-O-S,
CRCB.E3.S2.C1.S.Approach.Cant.Slope30.SXR22,component,Sa_1_Fragility Database.csv,"PRJ-5910 v1, 2025-04-29",648,650,E3-S2-C1-S,Approach,"Cantilever abutment on spread footing with approach slab damage through slope offset, with an approach slab length of 30 ft.",Shao et al. (2022),SXR22,,
CRCB.E3.S2.C1.S.Approach.Cant.Slope45.SXR22,component,Sa_1_Fragility Database.csv,"PRJ-5910 v1, 2025-04-29",651,653,E3-S2-C1-S,Approach,"Cantilever abutment on spread footing with approach slab damage through slope offset, with an approach slab length of 45 ft.",Shao et al. (2022),SXR22,,
CRCB.E3.S2.C1.S.Approach.Cant.Step.SXR22,component,Sa_1_Fragility Database.csv,"PRJ-5910 v1, 2025-04-29",645,647,E3-S2-C1-S,Approach,Cantilever abutment on spread footing with approach slab damage through step offset.,Shao et al. (2022),SXR22,,
CRCB.E3.S2.C1.S.Approach.Pile.Slope30.SXR22,component,Sa_1_Fragility Database.csv,"PRJ-5910 v1, 2025-04-29",649,651,E3-S2-C1-S,Approach,Abutment on piles with approach slab (length 30 ft) damage through slope offset,Shao et al. (2022),SXR22,,
CRCB.E3.S2.C1.S.Approach.Pile.Slope45.SXR22,component,Sa_1_Fragility Database.csv,"PRJ-5910 v1, 2025-04-29",652,654,E3-S2-C1-S,Approach,Abutment on piles with approach slab (length 45 ft) damage through slope offset,Shao et al. (2022),SXR22,,
CRCB.E3.S2.C1.S.Approach.Pile.Step.SXR22,component,Sa_1_Fragility Database.csv,"PRJ-5910 v1, 2025-04-29",646,648,E3-S2-C1-S,Approach,Abutment on piles with approach slab damage through step offset.,Shao et al. (2022),SXR22,,
CRCB.E3.S2.C1.S.Approach.Reg.Slope30.SXR22,component,Sa_1_Fragility Database.csv,"PRJ-5910 v1, 2025-04-29",647,649,E3-S2-C1-S,Approach,Regular-height abutment on spread footing with approach slab (length 30 ft) damage through slope offset,Shao et al. (2022),SXR22,,
CRCB.E3.S2.C1.S.Approach.Reg.Slope45.SXR22,component,Sa_1_Fragility Database.csv,"PRJ-5910 v1, 2025-04-29",650,652,E3-S2-C1-S,Approach,Regular-height abutment on spread footing with approach slab (length 45 ft) damage through slope offset,Shao et al. (2022),SXR22,,
CRCB.E3.S2.C1.S.Approach.Reg.Step.SXR22,component,Sa_1_Fragility Database.csv,"PRJ-5910 v1, 2025-04-29",644,646,E3-S2-C1-S,Approach,Regular-height abutment on spread footing with approach slab damage through step offset.,Shao et al. (2022),SXR22,,
CRCB.E3.S2.C1.S.Bearing.BoxGirder.Circ.M17,component,Sa_1_Fragility Database.csv,"PRJ-5910 v1, 2025-04-29",632,634,E3-S2-C1-S,Bearing,"Box-girder,  circular column",Mangalathu (2017),M17,S-E3-S22-C-S,
CRCB.E3.S2.C1.S.Bearing.BoxGirder.Obl.M17,component,Sa_1_Fragility Database.csv,"PRJ-5910 v1, 2025-04-29",633,635,E3-S2-C1-S,Bearing,"Box-girder,  oblong column ",Mangalathu (2017),M17,S-E3-S22-O-S,
CRCB.E3.S2.C1.S.Column.BoxGirder.Circ.M17,component,Sa_1_Fragility Database.csv,"PRJ-5910 v1, 2025-04-29",622,624,E3-S2-C1-S,Column,"Box-girder,  circular column",Mangalathu (2017),M17,S-E3-S22-C-S,
CRCB.E3.S2.C1.S.Column.BoxGirder.Obl.M17,component,Sa_1_Fragility Database.csv,"PRJ-5910 v1, 2025-04-29",623,625,E3-S2-C1-S,Column,"Box-girder,  oblong column ",Mangalathu (2017),M17,S-E3-S22-O-S,
CRCB.E3.S2.C1.S.DeckMax.BoxGirder.Circ.M17,component,Sa_1_Fragility Database.csv,"PRJ-5910 v1, 2025-04-29",634,636,E3-S2-C1-S,DeckMax,"Box-girder,  circular column",Mangalathu (2017),M17,S-E3-S22-C-S,
CRCB.E3.S2.C1.S.DeckMax.BoxGirder.Obl.M17,component,Sa_1_Fragility Database.csv,"PRJ-5910 v1, 2025-04-29",635,637,E3-S2-C1-S,DeckMax,"Box-girder,  oblong column ",Mangalathu (2017),M17,S-E3-S22-O-S,
CRCB.E3.S2.C1.S.FndTran.BoxGirder.Circ.M17,component,Sa_1_Fragility Database.csv,"PRJ-5910 v1, 2025-04-29",638,640,E3-S2-C1-S,FndTran,"Box-girder,  circular column",Mangalathu (2017),M17,S-E3-S22-C-S,
CRCB.E3.S2.C1.S.FndTran.BoxGirder.Obl.M17,component,Sa_1_Fragility Database.csv,"PRJ-5910 v1, 2025-04-29",639,641,E3-S2-C1-S,FndTran,"Box-girder,  oblong column ",Mangalathu (2017),M17,S-E3-S22-O-S,
CRCB.E3.S2.C1.S.Seal.BoxGirder.Circ.M17,component,Sa_1_Fragility Database.csv,"PRJ-5910 v1, 2025-04-29",642,644,E3-S2-C1-S,Seal,"Box-girder,  circular column",Mangalathu (2017),M17,S-E3-S22-C-S,
CRCB.E3.S2.C1.S.Seal.BoxGirder.Obl.M17,component,Sa_1_Fragility Database.csv,"PRJ-5910 v1, 2025-04-29",643,645,E3-S2-C1-S,Seal,"Box-girder,  oblong column ",Mangalathu (2017),M17,S-E3-S22-O-S,
CRCB.E3.S2.C1.S.System.BoxGirder.Circ.M17,portfolio,Sa_1_Fragility Database.csv,"PRJ-5910 v1, 2025-04-29",653,655,E3-S2-C1-S,System,"Box-girder,  circular column",Mangalathu (2017),M17,S-E3-S22-C-S,
CRCB.E3.S2.C1.S.System.BoxGirder.Obl.M17,portfolio,Sa_1_Fragility Database.csv,"PRJ-5910 v1, 2025-04-29",654,656,E3-S2-C1-S,System,"Box-girder,  oblong column ",Mangalathu (2017),M17,S-E3-S22-O-S,
CRCB.E3.S2.C1.S.Unseating.BoxGirder.Circ.M17,component,Sa_1_Fragility Database.csv,"PRJ-5910 v1, 2025-04-29",624,626,E3-S2-C1-S,Unseating,"Box-girder,  circular column",Mangalathu (2017),M17,S-E3-S22-C-S,
CRCB.E3.S2.C1.S.Unseating.BoxGirder.Obl.M17,component,Sa_1_Fragility Database.csv,"PRJ-5910 v1, 2025-04-29",625,627,E3-S2-C1-S,Unseating,"Box-girder,  oblong column ",Mangalathu (2017),M17,S-E3-S22-O-S,
CRCB.E3.S2.C2P.D.AbAct.BoxGirder.MCB.Circ.M17,component,Sa_1_Fragility Database.csv,"PRJ-5910 v1, 2025-04-29",195,197,E3-S2-C2P-D,AbAct,"Box-girder,  circular column",Mangalathu (2017),M17,M-E3-S22-C-D,
CRCB.E3.S2.C2P.D.AbAct.BoxGirder.MCB.Obl.M17,component,Sa_1_Fragility Database.csv,"PRJ-5910 v1, 2025-04-29",196,198,E3-S2-C2P-D,AbAct,"Box-girder,  oblong column ",Mangalathu (2017),M17,M-E3-S22-O-D,
CRCB.E3.S2.C2P.D.AbAct.BoxGirder.TCB.Circ.M17,component,Sa_1_Fragility Database.csv,"PRJ-5910 v1, 2025-04-29",193,195,E3-S2-C2P-D,AbAct,"Box-girder,  circular column",Mangalathu (2017),M17,T-E3-S22-C-D,
CRCB.E3.S2.C2P.D.AbAct.BoxGirder.TCB.Obl.M17,component,Sa_1_Fragility Database.csv,"PRJ-5910 v1, 2025-04-29",194,196,E3-S2-C2P-D,AbAct,"Box-girder,  oblong column ",Mangalathu (2017),M17,T-E3-S22-O-D,
CRCB.E3.S2.C2P.D.AbPass.BoxGirder.MCB.Circ.M17,component,Sa_1_Fragility Database.csv,"PRJ-5910 v1, 2025-04-29",199,201,E3-S2-C2P-D,AbPass,"Box-girder,  circular column",Mangalathu (2017),M17,M-E3-S22-C-D,
CRCB.E3.S2.C2P.D.AbPass.BoxGirder.MCB.Obl.M17,component,Sa_1_Fragility Database.csv,"PRJ-5910 v1, 2025-04-29",200,202,E3-S2-C2P-D,AbPass,"Box-girder,  oblong column ",Mangalathu (2017),M17,M-E3-S22-O-D,
CRCB.E3.S2.C2P.D.AbPass.BoxGirder.TCB.Circ.M17,component,Sa_1_Fragility Database.csv,"PRJ-5910 v1, 2025-04-29",197,199,E3-S2-C2P-D,AbPass,"Box-girder,  circular column",Mangalathu (2017),M17,T-E3-S22-C-D,
CRCB.E3.S2.C2P.D.AbPass.BoxGirder.TCB.Obl.M17,component,Sa_1_Fragility Database.csv,"PRJ-5910 v1, 2025-04-29",198,200,E3-S2-C2P-D,AbPass,"Box-girder,  oblong column ",Mangalathu (2017),M17,T-E3-S22-O-D,
CRCB.E3.S2.C2P.D.AbTran.BoxGirder.MCB.Circ.M17,component,Sa_1_Fragility Database.csv,"PRJ-5910 v1, 2025-04-29",203,205,E3-S2-C2P-D,AbTran,"Box-girder,  circular column",Mangalathu (2017),M17,M-E3-S22-C-D,
CRCB.E3.S2.C2P.D.AbTran.BoxGirder.MCB.Obl.M17,component,Sa_1_Fragility Database.csv,"PRJ-5910 v1, 2025-04-29",204,206,E3-S2-C2P-D,AbTran,"Box-girder,  oblong column ",Mangalathu (2017),M17,M-E3-S22-O-D,
CRCB.E3.S2.C2P.D.AbTran.BoxGirder.TCB.Circ.M17,component,Sa_1_Fragility Database.csv,"PRJ-5910 v1, 2025-04-29",201,203,E3-S2-C2P-D,AbTran,"Box-girder,  circular column",Mangalathu (2017),M17,T-E3-S22-C-D,
CRCB.E3.S2.C2P.D.AbTran.BoxGirder.TCB.Obl.M17,component,Sa_1_Fragility Database.csv,"PRJ-5910 v1, 2025-04-29",202,204,E3-S2-C2P-D,AbTran,"Box-girder,  oblong column ",Mangalathu (2017),M17,T-E3-S22-O-D,
CRCB.E3.S2.C2P.D.Approach.Pile.Slope30.SXR22,component,Sa_1_Fragility Database.csv,"PRJ-5910 v1, 2025-04-29",218,220,E3-S2-C2P-D,Approach,Abutment on piles with approach slab (length 30 ft) damage through slope offset,Shao et al. (2022),SXR22,,
CRCB.E3.S2.C2P.D.Approach.Pile.Slope45.SXR22,component,Sa_1_Fragility Database.csv,"PRJ-5910 v1, 2025-04-29",219,221,E3-S2-C2P-D,Approach,Abutment on piles with approach slab (length 45 ft) damage through slope offset,Shao et al. (2022),SXR22,,
CRCB.E3.S2.C2P.D.Approach.Pile.Step.SXR22,component,Sa_1_Fragility Database.csv,"PRJ-5910 v1, 2025-04-29",217,219,E3-S2-C2P-D,Approach,Abutment on piles with approach slab damage through step offset,Shao et al. (2022),SXR22,,
CRCB.E3.S2.C2P.D.Column.BoxGirder.MCB.Circ.M17,component,Sa_1_Fragility Database.csv,"PRJ-5910 v1, 2025-04-29",192,194,E3-S2-C2P-D,Column,"Box-girder,  circular column",Mangalathu (2017),M17,M-E3-S22-C-D,
CRCB.E3.S2.C2P.D.Column.BoxGirder.TCB.Circ.M17,component,Sa_1_Fragility Database.csv,"PRJ-5910 v1, 2025-04-29",190,192,E3-S2-C2P-D,Column,"Box-girder,  circular column",Mangalathu (2017),M17,T-E3-S22-C-D,
CRCB.E3.S2.C2P.D.Column.BoxGirder.TCB.Obl.M17,component,Sa_1_Fragility Database.csv,"PRJ-5910 v1, 2025-04-29",191,193,E3-S2-C2P-D,Column,"Box-girder,  oblong column ",Mangalathu (2017),M17,T-E3-S22-O-D,
CRCB.E3.S2.C2P.D.DeckMax.BoxGirder.MCB.Circ.M17,component,Sa_1_Fragility Database.csv,"PRJ-5910 v1, 2025-04-29",207,209,E3-S2-C2P-D,DeckMax,"Box-girder,  circular column",Mangalathu (2017),M17,M-E3-S22-C-D,
CRCB.E3.S2.C2P.D.DeckMax.BoxGirder.MCB.Obl.M17,component,Sa_1_Fragility Database.csv,"PRJ-5910 v1, 2025-04-29",208,210,E3-S2-C2P-D,DeckMax,"Box-girder,  oblong column ",Mangalathu (2017),M17,M-E3-S22-O-D,
CRCB.E3.S2.C2P.D.DeckMax.BoxGirder.TCB.Circ.M17,component,Sa_1_Fragility Database.csv,"PRJ-5910 v1, 2025-04-29",205,207,E3-S2-C2P-D,DeckMax,"Box-girder,  circular column",Mangalathu (2017),M17,T-E3-S22-C-D,
CRCB.E3.S2.C2P.D.DeckMax.BoxGirder.TCB.Obl.M17,component,Sa_1_Fragility Database.csv,"PRJ-5910 v1, 2025-04-29",206,208,E3-S2-C2P-D,DeckMax,"Box-girder,  oblong column ",Mangalathu (2017),M17,T-E3-S22-O-D,
CRCB.E3.S2.C2P.D.FndTran.BoxGirder.MCB.Circ.M17,component,Sa_1_Fragility Database.csv,"PRJ-5910 v1, 2025-04-29",215,217,E3-S2-C2P-D,FndTran,"Box-girder,  circular column",Mangalathu (2017),M17,M-E3-S22-C-D,
CRCB.E3.S2.C2P.D.FndTran.BoxGirder.MCB.Obl.M17,component,Sa_1_Fragility Database.csv,"PRJ-5910 v1, 2025-04-29",216,218,E3-S2-C2P-D,FndTran,"Box-girder,  oblong column ",Mangalathu (2017),M17,M-E3-S22-O-D,
CRCB.E3.S2.C2P.D.FndTran.BoxGirder.TCB.Circ.M17,component,Sa_1_Fragility Database.csv,"PRJ-5910 v1, 2025-04-29",213,215,E3-S2-C2P-D,FndTran,"Box-girder,  circular column",Mangalathu (2017),M17,T-E3-S22-C-D,
CRCB.E3.S2.C2P.D.FndTran.BoxGirder.TCB.Obl.M17,component,Sa_1_Fragility Database.csv,"PRJ-5910 v1, 2025-04-29",214,216,E3-S2-C2P-D,FndTran,"Box-girder,  oblong column ",Mangalathu (2017),M17,T-E3-S22-O-D,
CRCB.E3.S2.C2P.D.System.BoxGirder.MCB.Circ.M17,portfolio,Sa_1_Fragility Database.csv,"PRJ-5910 v1, 2025-04-29",222,224,E3-S2-C2P-D,System,"Box-girder,  circular column",Mangalathu (2017),M17,M-E3-S22-C-D,
CRCB.E3.S2.C2P.D.System.BoxGirder.MCB.Obl.M17,portfolio,Sa_1_Fragility Database.csv,"PRJ-5910 v1, 2025-04-29",223,225,E3-S2-C2P-D,System,"Box-girder,  oblong column ",Mangalathu (2017),M17,M-E3-S22-O-D,
CRCB.E3.S2.C2P.D.System.BoxGirder.TCB.Circ.M17,portfolio,Sa_1_Fragility Database.csv,"PRJ-5910 v1, 2025-04-29",220,222,E3-S2-C2P-D,System,"Box-girder,  circular column",Mangalathu (2017),M17,T-E3-S22-C-D,
CRCB.E3.S2.C2P.D.System.BoxGirder.TCB.Obl.M17,portfolio,Sa_1_Fragility Database.csv,"PRJ-5910 v1, 2025-04-29",221,223,E3-S2-C2P-D,System,"Box-girder,  oblong column ",Mangalathu (2017),M17,T-E3-S22-O-D,
CRCB.E3.S2.C2P.S.AbAct.BoxGirder.MCB.Circ.M17,component,Sa_1_Fragility Database.csv,"PRJ-5910 v1, 2025-04-29",665,667,E3-S2-C2P-S,AbAct,"Box-girder,  circular column",Mangalathu (2017),M17,M-E3-S22-C-S,
CRCB.E3.S2.C2P.S.AbAct.BoxGirder.MCB.Obl.M17,component,Sa_1_Fragility Database.csv,"PRJ-5910 v1, 2025-04-29",666,668,E3-S2-C2P-S,AbAct,"Box-girder,  oblong column ",Mangalathu (2017),M17,M-E3-S22-O-S,
CRCB.E3.S2.C2P.S.AbAct.BoxGirder.TCB.Circ.M17,component,Sa_1_Fragility Database.csv,"PRJ-5910 v1, 2025-04-29",663,665,E3-S2-C2P-S,AbAct,"Box-girder,  circular column",Mangalathu (2017),M17,T-E3-S22-C-S,
CRCB.E3.S2.C2P.S.AbAct.BoxGirder.TCB.Obl.M17,component,Sa_1_Fragility Database.csv,"PRJ-5910 v1, 2025-04-29",664,666,E3-S2-C2P-S,AbAct,"Box-girder,  oblong column ",Mangalathu (2017),M17,T-E3-S22-O-S,
CRCB.E3.S2.C2P.S.AbPass.BoxGirder.MCB.Circ.M17,component,Sa_1_Fragility Database.csv,"PRJ-5910 v1, 2025-04-29",669,671,E3-S2-C2P-S,AbPass,"Box-girder,  circular column",Mangalathu (2017),M17,M-E3-S22-C-S,
CRCB.E3.S2.C2P.S.AbPass.BoxGirder.MCB.Obl.M17,component,Sa_1_Fragility Database.csv,"PRJ-5910 v1, 2025-04-29",670,672,E3-S2-C2P-S,AbPass,"Box-girder,  oblong column ",Mangalathu (2017),M17,M-E3-S22-O-S,
CRCB.E3.S2.C2P.S.AbPass.BoxGirder.TCB.Circ.M17,component,Sa_1_Fragility Database.csv,"PRJ-5910 v1, 2025-04-29",667,669,E3-S2-C2P-S,AbPass,"Box-girder,  circular column",Mangalathu (2017),M17,T-E3-S22-C-S,
CRCB.E3.S2.C2P.S.AbPass.BoxGirder.TCB.Obl.M17,component,Sa_1_Fragility Database.csv,"PRJ-5910 v1, 2025-04-29",668,670,E3-S2-C2P-S,AbPass,"Box-girder,  oblong column ",Mangalathu (2017),M17,T-E3-S22-O-S,
CRCB.E3.S2.C2P.S.AbTran.BoxGirder.MCB.Circ.M17,component,Sa_1_Fragility Database.csv,"PRJ-5910 v1, 2025-04-29",673,675,E3-S2-C2P-S,AbTran,"Box-girder,  circular column",Mangalathu (2017),M17,M-E3-S22-C-S,
CRCB.E3.S2.C2P.S.AbTran.BoxGirder.MCB.Obl.M17,component,Sa_1_Fragility Database.csv,"PRJ-5910 v1, 2025-04-29",674,676,E3-S2-C2P-S,AbTran,"Box-girder,  oblong column ",Mangalathu (2017),M17,M-E3-S22-O-S,
CRCB.E3.S2.C2P.S.AbTran.BoxGirder.TCB.Circ.M17,component,Sa_1_Fragility Database.csv,"PRJ-5910 v1, 2025-04-29",671,673,E3-S2-C2P-S,AbTran,"Box-girder,  circular column",Mangalathu (2017),M17,T-E3-S22-C-S,
CRCB.E3.S2.C2P.S.AbTran.BoxGirder.TCB.Obl.M17,component,Sa_1_Fragility Database.csv,"PRJ-5910 v1, 2025-04-29",672,674,E3-S2-C2P-S,AbTran,"Box-girder,  oblong column ",Mangalathu (2017),M17,T-E3-S22-O-S,
CRCB.E3.S2.C2P.S.Approach.Cant.Slope30.SXR22,component,Sa_1_Fragility Database.csv,"PRJ-5910 v1, 2025-04-29",703,705,E3-S2-C2P-S,Approach,"Cantilever abutment on spread footing with approach slab damage through slope offset, with an approach slab length of 30 ft.",Shao et al. (2022),SXR22,,
CRCB.E3.S2.C2P.S.Approach.Cant.Slope45.SXR22,component,Sa_1_Fragility Database.csv,"PRJ-5910 v1, 2025-04-29",706,708,E3-S2-C2P-S,Approach,"Cantilever abutment on spread footing with approach slab damage through slope offset, with an approach slab length of 45 ft.",Shao et al. (2022),SXR22,,
CRCB.E3.S2.C2P.S.Approach.Cant.Step.SXR22,component,Sa_1_Fragility Database.csv,"PRJ-5910 v1, 2025-04-29",700,702,E3-S2-C2P-S,Approach,Cantilever abutment on spread footing with approach slab damage through step offset.,Shao et al. (2022),SXR22,,
CRCB.E3.S2.C2P.S.Approach.Pile.Slope30.SXR22,component,Sa_1_Fragility Database.csv,"PRJ-5910 v1, 2025-04-29",704,706,E3-S2-C2P-S,Approach,Abutment on piles with approach slab (length 30 ft) damage through slope offset,Shao et al. (2022),SXR22,,
CRCB.E3.S2.C2P.S.Approach.Pile.Slope45.SXR22,component,Sa_1_Fragility Database.csv,"PRJ-5910 v1, 2025-04-29",707,709,E3-S2-C2P-S,Approach,Abutment on piles with approach slab (length 45 ft) damage through slope offset,Shao et al. (2022),SXR22,,
CRCB.E3.S2.C2P.S.Approach.Pile.Step.SXR22,component,Sa_1_Fragility Database.csv,"PRJ-5910 v1, 2025-04-29",701,703,E3-S2-C2P-S,Approach,Abutment on piles with approach slab damage through step offset.,Shao et al. (2022),SXR22,,
CRCB.E3.S2.C2P.S.Approach.Reg.Slope30.SXR22,component,Sa_1_Fragility Database.csv,"PRJ-5910 v1, 2025-04-29",702,704,E3-S2-C2P-S,Approach,Regular-height abutment on spread footing with approach slab (length 30 ft) damage through slope offset,Shao et al. (2022),SXR22,,
CRCB.E3.S2.C2P.S.Approach.Reg.Slope45.SXR22,component,Sa_1_Fragility Database.csv,"PRJ-5910 v1, 2025-04-29",705,707,E3-S2-C2P-S,Approach,Regular-height abutment on spread footing with approach slab (length 45 ft) damage through slope offset,Shao et al. (2022),SXR22,,
CRCB.E3.S2.C2P.S.Approach.Reg.Step.SXR22,component,Sa_1_Fragility Database.csv,"PRJ-5910 v1, 2025-04-29",699,701,E3-S2-C2P-S,Approach,Regular-height abutment on spread footing with approach slab damage through step offset.,Shao et al. (2022),SXR22,,
CRCB.E3.S2.C2P.S.Bearing.BoxGirder.MCB.Circ.M17,component,Sa_1_Fragility Database.csv,"PRJ-5910 v1, 2025-04-29",677,679,E3-S2-C2P-S,Bearing,"Box-girder,  circular column",Mangalathu (2017),M17,M-E3-S22-C-S,
CRCB.E3.S2.C2P.S.Bearing.BoxGirder.MCB.Obl.M17,component,Sa_1_Fragility Database.csv,"PRJ-5910 v1, 2025-04-29",678,680,E3-S2-C2P-S,Bearing,"Box-girder,  oblong column ",Mangalathu (2017),M17,M-E3-S22-O-S,
CRCB.E3.S2.C2P.S.Bearing.BoxGirder.TCB.Circ.M17,component,Sa_1_Fragility Database.csv,"PRJ-5910 v1, 2025-04-29",675,677,E3-S2-C2P-S,Bearing,"Box-girder,  circular column",Mangalathu (2017),M17,T-E3-S22-C-S,
CRCB.E3.S2.C2P.S.Bearing.BoxGirder.TCB.Obl.M17,component,Sa_1_Fragility Database.csv,"PRJ-5910 v1, 2025-04-29",676,678,E3-S2-C2P-S,Bearing,"Box-girder,  oblong column ",Mangalathu (2017),M17,T-E3-S22-O-S,
CRCB.E3.S2.C2P.S.Column.BoxGirder.MCB.Circ.M17,component,Sa_1_Fragility Database.csv,"PRJ-5910 v1, 2025-04-29",657,659,E3-S2-C2P-S,Column,"Box-girder,  circular column",Mangalathu (2017),M17,M-E3-S22-C-S,
CRCB.E3.S2.C2P.S.Column.BoxGirder.MCB.Obl.M17,component,Sa_1_Fragility Database.csv,"PRJ-5910 v1, 2025-04-29",658,660,E3-S2-C2P-S,Column,"Box-girder,  oblong column ",Mangalathu (2017),M17,M-E3-S22-O-S,
CRCB.E3.S2.C2P.S.Column.BoxGirder.TCB.Circ.M17,component,Sa_1_Fragility Database.csv,"PRJ-5910 v1, 2025-04-29",655,657,E3-S2-C2P-S,Column,"Box-girder,  circular column",Mangalathu (2017),M17,T-E3-S22-C-S,
CRCB.E3.S2.C2P.S.Column.BoxGirder.TCB.Obl.M17,component,Sa_1_Fragility Database.csv,"PRJ-5910 v1, 2025-04-29",656,658,E3-S2-C2P-S,Column,"Box-girder,  oblong column ",Mangalathu (2017),M17,T-E3-S22-O-S,
CRCB.E3.S2.C2P.S.DeckMax.BoxGirder.MCB.Circ.M17,component,Sa_1_Fragility Database.csv,"PRJ-5910 v1, 2025-04-29",681,683,E3-S2-C2P-S,DeckMax,"Box-girder,  circular column",Mangalathu (2017),M17,M-E3-S22-C-S,
CRCB.E3.S2.C2P.S.DeckMax.BoxGirder.MCB.Obl.M17,component,Sa_1_Fragility Database.csv,"PRJ-5910 v1, 2025-04-29",682,684,E3-S2-C2P-S,DeckMax,"Box-girder,  oblong column ",Mangalathu (2017),M17,M-E3-S22-O-S,
CRCB.E3.S2.C2P.S.DeckMax.BoxGirder.TCB.Circ.M17,component,Sa_1_Fragility Database.csv,"PRJ-5910 v1, 2025-04-29",679,681,E3-S2-C2P-S,DeckMax,"Box-girder,  circular column",Mangalathu (2017),M17,T-E3-S22-C-S,
CRCB.E3.S2.C2P.S.DeckMax.BoxGirder.TCB.Obl.M17,component,Sa_1_Fragility Database.csv,"PRJ-5910 v1, 2025-04-29",680,682,E3-S2-C2P-S,DeckMax,"Box-girder,  oblong column ",Mangalathu (2017),M17,T-E3-S22-O-S,
CRCB.E3.S2.C2P.S.FndTran.BoxGirder.MCB.Circ.M17,component,Sa_1_Fragility Database.csv,"PRJ-5910 v1, 2025-04-29",689,691,E3-S2-C2P-S,FndTran,"Box-girder,  circular column",Mangalathu (2017),M17,M-E3-S22-C-S,
CRCB.E3.S2.C2P.S.FndTran.BoxGirder.MCB.Obl.M17,component,Sa_1_Fragility Database.csv,"PRJ-5910 v1, 2025-04-29",690,692,E3-S2-C2P-S,FndTran,"Box-girder,  oblong column ",Mangalathu (2017),M17,M-E3-S22-O-S,
CRCB.E3.S2.C2P.S.FndTran.BoxGirder.TCB.Circ.M17,component,Sa_1_Fragility Database.csv,"PRJ-5910 v1, 2025-04-29",687,689,E3-S2-C2P-S,FndTran,"Box-girder,  circular column",Mangalathu (2017),M17,T-E3-S22-C-S,
CRCB.E3.S2.C2P.S.FndTran.BoxGirder.TCB.Obl.M17,component,Sa_1_Fragility Database.csv,"PRJ-5910 v1, 2025-04-29",688,690,E3-S2-C2P-S,FndTran,"Box-girder,  oblong column ",Mangalathu (2017),M17,T-E3-S22-O-S,
CRCB.E3.S2.C2P.S.Seal.BoxGirder.MCB.Circ.M17,component,Sa_1_Fragility Database.csv,"PRJ-5910 v1, 2025-04-29",697,699,E3-S2-C2P-S,Seal,"Box-girder,  circular column",Mangalathu (2017),M17,M-E3-S22-C-S,
CRCB.E3.S2.C2P.S.Seal.BoxGirder.MCB.Obl.M17,component,Sa_1_Fragility Database.csv,"PRJ-5910 v1, 2025-04-29",698,700,E3-S2-C2P-S,Seal,"Box-girder,  oblong column ",Mangalathu (2017),M17,M-E3-S22-O-S,
CRCB.E3.S2.C2P.S.Seal.BoxGirder.TCB.Circ.M17,component,Sa_1_Fragility Database.csv,"PRJ-5910 v1, 2025-04-29",695,697,E3-S2-C2P-S,Seal,"Box-girder,  circular column",Mangalathu (2017),M17,T-E3-S22-C-S,
CRCB.E3.S2.C2P.S.Seal.BoxGirder.TCB.Obl.M17,component,Sa_1_Fragility Database.csv,"PRJ-5910 v1, 2025-04-29",696,698,E3-S2-C2P-S,Seal,"Box-girder,  oblong column ",Mangalathu (2017),M17,T-E3-S22-O-S,
CRCB.E3.S2.C2P.S.System.BoxGirder.MCB.Circ.M17,portfolio,Sa_1_Fragility Database.csv,"PRJ-5910 v1, 2025-04-29",710,712,E3-S2-C2P-S,System,"Box-girder,  circular column",Mangalathu (2017),M17,M-E3-S22-C-S,
CRCB.E3.S2.C2P.S.System.BoxGirder.MCB.Obl.M17,portfolio,Sa_1_Fragility Database.csv,"PRJ-5910 v1, 2025-04-29",711,713,E3-S2-C2P-S,System,"Box-girder,  oblong column ",Mangalathu (2017),M17,M-E3-S22-O-S,
CRCB.E3.S2.C2P.S.System.BoxGirder.TCB.Circ.M17,portfolio,Sa_1_Fragility Database.csv,"PRJ-5910 v1, 2025-04-29",708,710,E3-S2-C2P-S,System,"Box-girder,  circular column",Mangalathu (2017),M17,T-E3-S22-C-S,
CRCB.E3.S2.C2P.S.System.BoxGirder.TCB.Obl.M17,portfolio,Sa_1_Fragility Database.csv,"PRJ-5910 v1, 2025-04-29",709,711,E3-S2-C2P-S,System,"Box-girder,  oblong column ",Mangalathu (2017),M17,T-E3-S22-O-S,
CRCB.E3.S2.C2P.S.Unseating.BoxGirder.MCB.Circ.M17,component,Sa_1_Fragility Database.csv,"PRJ-5910 v1, 2025-04-29",661,663,E3-S2-C2P-S,Unseating,"Box-girder,  circular column",Mangalathu (2017),M17,M-E3-S22-C-S,
CRCB.E3.S2.C2P.S.Unseating.BoxGirder.MCB.Obl.M17,component,Sa_1_Fragility Database.csv,"PRJ-5910 v1, 2025-04-29",662,664,E3-S2-C2P-S,Unseating,"Box-girder,  oblong column ",Mangalathu (2017),M17,M-E3-S22-O-S,
CRCB.E3.S2.C2P.S.Unseating.BoxGirder.TCB.Circ.M17,component,Sa_1_Fragility Database.csv,"PRJ-5910 v1, 2025-04-29",659,661,E3-S2-C2P-S,Unseating,"Box-girder,  circular column",Mangalathu (2017),M17,T-E3-S22-C-S,
CRCB.E3.S2.C2P.S.Unseating.BoxGirder.TCB.Obl.M17,component,Sa_1_Fragility Database.csv,"PRJ-5910 v1, 2025-04-29",660,662,E3-S2-C2P-S,Unseating,"Box-girder,  oblong column ",Mangalathu (2017),M17,T-E3-S22-O-S,
CRCB.E3.S3P.C1.D.AbAct.BoxGirder.Circ.M17,component,Sa_1_Fragility Database.csv,"PRJ-5910 v1, 2025-04-29",381,383,E3-S3P-C1-D,AbAct,"Box-girder,  circular column",Mangalathu (2017),M17,S-E3-S34-C-D,
CRCB.E3.S3P.C1.D.AbAct.BoxGirder.Obl.M17,component,Sa_1_Fragility Database.csv,"PRJ-5910 v1, 2025-04-29",382,384,E3-S3P-C1-D,AbAct,"Box-girder,  oblong column ",Mangalathu (2017),M17,S-E3-S34-O-D,
CRCB.E3.S3P.C1.D.AbAct.BoxGirder.Span5.MF.Circ.MCP18,component,Sa_1_Fragility Database.csv,"PRJ-5910 v1, 2025-04-29",383,385,E3-S3P-C1-D,AbAct,"Box-girder, multiple frames,  circular column",Mangalathu et al. (2018),MCP18,,
CRCB.E3.S3P.C1.D.AbPass.BoxGirder.Circ.M17,component,Sa_1_Fragility Database.csv,"PRJ-5910 v1, 2025-04-29",384,386,E3-S3P-C1-D,AbPass,"Box-girder,  circular column",Mangalathu (2017),M17,S-E3-S34-C-D,
CRCB.E3.S3P.C1.D.AbPass.BoxGirder.Obl.M17,component,Sa_1_Fragility Database.csv,"PRJ-5910 v1, 2025-04-29",385,387,E3-S3P-C1-D,AbPass,"Box-girder,  oblong column ",Mangalathu (2017),M17,S-E3-S34-O-D,
CRCB.E3.S3P.C1.D.AbPass.BoxGirder.Span5.MF.Circ.MCP18,component,Sa_1_Fragility Database.csv,"PRJ-5910 v1, 2025-04-29",386,388,E3-S3P-C1-D,AbPass,"Box-girder, multiple frames,  circular column",Mangalathu et al. (2018),MCP18,,
CRCB.E3.S3P.C1.D.AbTran.BoxGirder.Circ.M17,component,Sa_1_Fragility Database.csv,"PRJ-5910 v1, 2025-04-29",387,389,E3-S3P-C1-D,AbTran,"Box-girder,  circular column",Mangalathu (2017),M17,S-E3-S34-C-D,
CRCB.E3.S3P.C1.D.AbTran.BoxGirder.Obl.M17,component,Sa_1_Fragility Database.csv,"PRJ-5910 v1, 2025-04-29",388,390,E3-S3P-C1-D,AbTran,"Box-girder,  oblong column ",Mangalathu (2017),M17,S-E3-S34-O-D,
CRCB.E3.S3P.C1.D.AbTran.BoxGirder.Span5.MF.Circ.MCP18,component,Sa_1_Fragility Database.csv,"PRJ-5910 v1, 2025-04-29",389,391,E3-S3P-C1-D,AbTran,"Box-girder, multiple frames,  circular column",Mangalathu et al. (2018),MCP18,,
CRCB.E3.S3P.C1.D.Approach.Pile.Slope30.SXR22,component,Sa_1_Fragility Database.csv,"PRJ-5910 v1, 2025-04-29",397,399,E3-S3P-C1-D,Approach,Abutment on piles with approach slab (length 30 ft) damage through slope offset,Shao et al. (2022),SXR22,,
CRCB.E3.S3P.C1.D.Approach.Pile.Slope45.SXR22,component,Sa_1_Fragility Database.csv,"PRJ-5910 v1, 2025-04-29",398,400,E3-S3P-C1-D,Approach,Abutment on piles with approach slab (length 45 ft) damage through slope offset,Shao et al. (2022),SXR22,,
CRCB.E3.S3P.C1.D.Approach.Pile.Step.SXR22,component,Sa_1_Fragility Database.csv,"PRJ-5910 v1, 2025-04-29",396,398,E3-S3P-C1-D,Approach,Abutment on piles with approach slab damage through step offset,Shao et al. (2022),SXR22,,
CRCB.E3.S3P.C1.D.Bearing.BoxGirder.Span5.MF.Disc.Circ.MCP18,component,Sa_1_Fragility Database.csv,"PRJ-5910 v1, 2025-04-29",399,401,E3-S3P-C1-D,Bearing,"Box-girder, multiple frames,  circular columnonly for discontinuous bridges",Mangalathu et al. (2018),MCP18,,
CRCB.E3.S3P.C1.D.Column.BoxGirder.Circ.M17,component,Sa_1_Fragility Database.csv,"PRJ-5910 v1, 2025-04-29",378,380,E3-S3P-C1-D,Column,"Box-girder,  circular column",Mangalathu (2017),M17,S-E3-S34-C-D,
CRCB.E3.S3P.C1.D.Column.BoxGirder.Obl.M17,component,Sa_1_Fragility Database.csv,"PRJ-5910 v1, 2025-04-29",379,381,E3-S3P-C1-D,Column,"Box-girder,  oblong column ",Mangalathu (2017),M17,S-E3-S34-O-D,
CRCB.E3.S3P.C1.D.Column.BoxGirder.Span5.MF.Circ.MCP18,component,Sa_1_Fragility Database.csv,"PRJ-5910 v1, 2025-04-29",380,382,E3-S3P-C1-D,Column,"Box-girder, multiple frames,  circular column",Mangalathu et al. (2018),MCP18,,
CRCB.E3.S3P.C1.D.DeckMax.BoxGirder.Circ.M17,component,Sa_1_Fragility Database.csv,"PRJ-5910 v1, 2025-04-29",390,392,E3-S3P-C1-D,DeckMax,"Box-girder,  circular column",Mangalathu (2017),M17,S-E3-S34-C-D,
CRCB.E3.S3P.C1.D.DeckMax.BoxGirder.Obl.M17,component,Sa_1_Fragility Database.csv,"PRJ-5910 v1, 2025-04-29",391,393,E3-S3P-C1-D,DeckMax,"Box-girder,  oblong column ",Mangalathu (2017),M17,S-E3-S34-O-D,
CRCB.E3.S3P.C1.D.FndTran.BoxGirder.Circ.M17,component,Sa_1_Fragility Database.csv,"PRJ-5910 v1, 2025-04-29",394,396,E3-S3P-C1-D,FndTran,"Box-girder,  circular column",Mangalathu (2017),M17,S-E3-S34-C-D,
CRCB.E3.S3P.C1.D.FndTran.BoxGirder.Obl.M17,component,Sa_1_Fragility Database.csv,"PRJ-5910 v1, 2025-04-29",395,397,E3-S3P-C1-D,FndTran,"Box-girder,  oblong column ",Mangalathu (2017),M17,S-E3-S34-O-D,
CRCB.E3.S3P.C1.D.System.BoxGirder.Circ.M17,portfolio,Sa_1_Fragility Database.csv,"PRJ-5910 v1, 2025-04-29",401,403,E3-S3P-C1-D,System,"Box-girder,  circular column",Mangalathu (2017),M17,S-E3-S34-C-D,
CRCB.E3.S3P.C1.D.System.BoxGirder.Obl.M17,portfolio,Sa_1_Fragility Database.csv,"PRJ-5910 v1, 2025-04-29",402,404,E3-S3P-C1-D,System,"Box-girder,  oblong column ",Mangalathu (2017),M17,S-E3-S34-O-D,
CRCB.E3.S3P.C1.D.System.BoxGirder.Span5.MF.Circ.MCP18,portfolio,Sa_1_Fragility Database.csv,"PRJ-5910 v1, 2025-04-29",403,405,E3-S3P-C1-D,System,"Box-girder, multiple frames,  circular column",Mangalathu et al. (2018),MCP18,,
CRCB.E3.S3P.C1.D.Unseating.BoxGirder.Span5.MF.Disc.Circ.MCP18,component,Sa_1_Fragility Database.csv,"PRJ-5910 v1, 2025-04-29",400,402,E3-S3P-C1-D,Unseating,"Box-girder, multiple frames,  circular columnonly for discontinuous bridges",Mangalathu et al. (2018),MCP18,,filled_lower_states
CRCB.E3.S3P.C1.S.AbAct.BoxGirder.Circ.M17,component,Sa_1_Fragility Database.csv,"PRJ-5910 v1, 2025-04-29",928,930,E3-S3P-C1-S,AbAct,"Box-girder,  circular column",Mangalathu (2017),M17,S-E3-S34-C-S,
CRCB.E3.S3P.C1.S.AbAct.BoxGirder.Obl.M17,component,Sa_1_Fragility Database.csv,"PRJ-5910 v1, 2025-04-29",929,931,E3-S3P-C1-S,AbAct,"Box-girder,  oblong column ",Mangalathu (2017),M17,S-E3-S34-O-S,
CRCB.E3.S3P.C1.S.AbPass.BoxGirder.Circ.M17,component,Sa_1_Fragility Database.csv,"PRJ-5910 v1, 2025-04-29",930,932,E3-S3P-C1-S,AbPass,"Box-girder,  circular column",Mangalathu (2017),M17,S-E3-S34-C-S,
CRCB.E3.S3P.C1.S.AbPass.BoxGirder.Obl.M17,component,Sa_1_Fragility Database.csv,"PRJ-5910 v1, 2025-04-29",931,933,E3-S3P-C1-S,AbPass,"Box-girder,  oblong column ",Mangalathu (2017),M17,S-E3-S34-O-S,
CRCB.E3.S3P.C1.S.AbTran.BoxGirder.Circ.M17,component,Sa_1_Fragility Database.csv,"PRJ-5910 v1, 2025-04-29",932,934,E3-S3P-C1-S,AbTran,"Box-girder,  circular column",Mangalathu (2017),M17,S-E3-S34-C-S,
CRCB.E3.S3P.C1.S.AbTran.BoxGirder.Obl.M17,component,Sa_1_Fragility Database.csv,"PRJ-5910 v1, 2025-04-29",933,935,E3-S3P-C1-S,AbTran,"Box-girder,  oblong column ",Mangalathu (2017),M17,S-E3-S34-O-S,
CRCB.E3.S3P.C1.S.Approach.Cant.Slope30.SXR22,component,Sa_1_Fragility Database.csv,"PRJ-5910 v1, 2025-04-29",950,952,E3-S3P-C1-S,Approach,"Cantilever abutment on spread footing with approach slab damage through slope offset, with an approach slab length of 30 ft.",Shao et al. (2022),SXR22,,
CRCB.E3.S3P.C1.S.Approach.Cant.Slope45.SXR22,component,Sa_1_Fragility Database.csv,"PRJ-5910 v1, 2025-04-29",953,955,E3-S3P-C1-S,Approach,"Cantilever abutment on spread footing with approach slab damage through slope offset, with an approach slab length of 45 ft.",Shao et al. (2022),SXR22,,
CRCB.E3.S3P.C1.S.Approach.Cant.Step.SXR22,component,Sa_1_Fragility Database.csv,"PRJ-5910 v1, 2025-04-29",947,949,E3-S3P-C1-S,Approach,Cantilever abutment on spread footing with approach slab damage through step offset.,Shao et al. (2022),SXR22,,
CRCB.E3.S3P.C1.S.Approach.Pile.Slope30.SXR22,component,Sa_1_Fragility Database.csv,"PRJ-5910 v1, 2025-04-29",951,953,E3-S3P-C1-S,Approach,Abutment on piles with approach slab (length 30 ft) damage through slope offset,Shao et al. (2022),SXR22,,
CRCB.E3.S3P.C1.S.Approach.Pile.Slope45.SXR22,component,Sa_1_Fragility Database.csv,"PRJ-5910 v1, 2025-04-29",954,956,E3-S3P-C1-S,Approach,Abutment on piles with approach slab (length 45 ft) damage through slope offset,Shao et al. (2022),SXR22,,
CRCB.E3.S3P.C1.S.Approach.Pile.Step.SXR22,component,Sa_1_Fragility Database.csv,"PRJ-5910 v1, 2025-04-29",948,950,E3-S3P-C1-S,Approach,Abutment on piles with approach slab damage through step offset.,Shao et al. (2022),SXR22,,
CRCB.E3.S3P.C1.S.Approach.Reg.Slope30.SXR22,component,Sa_1_Fragility Database.csv,"PRJ-5910 v1, 2025-04-29",949,951,E3-S3P-C1-S,Approach,Regular-height abutment on spread footing with approach slab (length 30 ft) damage through slope offset,Shao et al. (2022),SXR22,,
CRCB.E3.S3P.C1.S.Approach.Reg.Slope45.SXR22,component,Sa_1_Fragility Database.csv,"PRJ-5910 v1, 2025-04-29",952,954,E3-S3P-C1-S,Approach,Regular-height abutment on spread footing with approach slab (length 45 ft) damage through slope offset,Shao et al. (2022),SXR22,,
CRCB.E3.S3P.C1.S.Approach.Reg.Step.SXR22,component,Sa_1_Fragility Database.csv,"PRJ-5910 v1, 2025-04-29",946,948,E3-S3P-C1-S,Approach,Regular-height abutment on spread footing with approach slab damage through step offset.,Shao et al. (2022),SXR22,,
CRCB.E3.S3P.C1.S.Bearing.BoxGirder.Circ.M17,component,Sa_1_Fragility Database.csv,"PRJ-5910 v1, 2025-04-29",934,936,E3-S3P-C1-S,Bearing,"Box-girder,  circular column",Mangalathu (2017),M17,S-E3-S34-C-S,
CRCB.E3.S3P.C1.S.Bearing.BoxGirder.Obl.M17,component,Sa_1_Fragility Database.csv,"PRJ-5910 v1, 2025-04-29",935,937,E3-S3P-C1-S,Bearing,"Box-girder,  oblong column ",Mangalathu (2017),M17,S-E3-S34-O-S,
CRCB.E3.S3P.C1.S.Column.BoxGirder.Circ.M17,component,Sa_1_Fragility Database.csv,"PRJ-5910 v1, 2025-04-29",924,926,E3-S3P-C1-S,Column,"Box-girder,  circular column",Mangalathu (2017),M17,S-E3-S34-C-S,
CRCB.E3.S3P.C1.S.Column.BoxGirder.Obl.M17,component,Sa_1_Fragility Database.csv,"PRJ-5910 v1, 2025-04-29",925,927,E3-S3P-C1-S,Column,"Box-girder,  oblong column ",Mangalathu (2017),M17,S-E3-S34-O-S,
CRCB.E3.S3P.C1.S.DeckMax.BoxGirder.Circ.M17,component,Sa_1_Fragility Database.csv,"PRJ-5910 v1, 2025-04-29",936,938,E3-S3P-C1-S,DeckMax,"Box-girder,  circular column",Mangalathu (2017),M17,S-E3-S34-C-S,
CRCB.E3.S3P.C1.S.DeckMax.BoxGirder.Obl.M17,component,Sa_1_Fragility Database.csv,"PRJ-5910 v1, 2025-04-29",937,939,E3-S3P-C1-S,DeckMax,"Box-girder,  oblong column ",Mangalathu (2017),M17,S-E3-S34-O-S,
CRCB.E3.S3P.C1.S.FndTran.BoxGirder.Circ.M17,component,Sa_1_Fragility Database.csv,"PRJ-5910 v1, 2025-04-29",940,942,E3-S3P-C1-S,FndTran,"Box-girder,  circular column",Mangalathu (2017),M17,S-E3-S34-C-S,
CRCB.E3.S3P.C1.S.FndTran.BoxGirder.Obl.M17,component,Sa_1_Fragility Database.csv,"PRJ-5910 v1, 2025-04-29",941,943,E3-S3P-C1-S,FndTran,"Box-girder,  oblong column ",Mangalathu (2017),M17,S-E3-S34-O-S,
CRCB.E3.S3P.C1.S.Seal.BoxGirder.Circ.M17,component,Sa_1_Fragility Database.csv,"PRJ-5910 v1, 2025-04-29",944,946,E3-S3P-C1-S,Seal,"Box-girder,  circular column",Mangalathu (2017),M17,S-E3-S34-C-S,
CRCB.E3.S3P.C1.S.Seal.BoxGirder.Obl.M17,component,Sa_1_Fragility Database.csv,"PRJ-5910 v1, 2025-04-29",945,947,E3-S3P-C1-S,Seal,"Box-girder,  oblong column ",Mangalathu (2017),M17,S-E3-S34-O-S,
CRCB.E3.S3P.C1.S.System.BoxGirder.Circ.M17,portfolio,Sa_1_Fragility Database.csv,"PRJ-5910 v1, 2025-04-29",955,957,E3-S3P-C1-S,System,"Box-girder,  circular column",Mangalathu (2017),M17,S-E3-S34-C-S,
CRCB.E3.S3P.C1.S.System.BoxGirder.Circ.S17,portfolio,Sa_1_Fragility Database.csv,"PRJ-5910 v1, 2025-04-29",958,960,E3-S3P-C1-S,System,"Box-girder,  circular column",Soleimani (2017),S17,,
CRCB.E3.S3P.C1.S.System.BoxGirder.Obl.M17,portfolio,Sa_1_Fragility Database.csv,"PRJ-5910 v1, 2025-04-29",956,958,E3-S3P-C1-S,System,"Box-girder,  oblong column ",Mangalathu (2017),M17,S-E3-S34-O-S,
CRCB.E3.S3P.C1.S.System.BoxGirder.Obl.S17,portfolio,Sa_1_Fragility Database.csv,"PRJ-5910 v1, 2025-04-29",960,962,E3-S3P-C1-S,System,"Box-girder,  oblong column ",Soleimani (2017),S17,,
CRCB.E3.S3P.C1.S.Unseating.BoxGirder.Circ.M17,component,Sa_1_Fragility Database.csv,"PRJ-5910 v1, 2025-04-29",926,928,E3-S3P-C1-S,Unseating,"Box-girder,  circular column",Mangalathu (2017),M17,S-E3-S34-C-S,
CRCB.E3.S3P.C1.S.Unseating.BoxGirder.Obl.M17,component,Sa_1_Fragility Database.csv,"PRJ-5910 v1, 2025-04-29",927,929,E3-S3P-C1-S,Unseating,"Box-girder,  oblong column ",Mangalathu (2017),M17,S-E3-S34-O-S,
CRCB.E3.S3P.C2P.D.AbAct.BoxGirder.MCB.Circ.M17,component,Sa_1_Fragility Database.csv,"PRJ-5910 v1, 2025-04-29",410,412,E3-S3P-C2P-D,AbAct,"Box-girder,  circular column",Mangalathu (2017),M17,M-E3-S34-C-D,
CRCB.E3.S3P.C2P.D.AbAct.BoxGirder.MCB.Obl.M17,component,Sa_1_Fragility Database.csv,"PRJ-5910 v1, 2025-04-29",411,413,E3-S3P-C2P-D,AbAct,"Box-girder,  oblong column ",Mangalathu (2017),M17,M-E3-S34-O-D,
CRCB.E3.S3P.C2P.D.AbAct.BoxGirder.TCB.Circ.M17,component,Sa_1_Fragility Database.csv,"PRJ-5910 v1, 2025-04-29",408,410,E3-S3P-C2P-D,AbAct,"Box-girder,  circular column",Mangalathu (2017),M17,T-E3-S34-C-D,
CRCB.E3.S3P.C2P.D.AbAct.BoxGirder.TCB.Obl.M17,component,Sa_1_Fragility Database.csv,"PRJ-5910 v1, 2025-04-29",409,411,E3-S3P-C2P-D,AbAct,"Box-girder,  oblong column ",Mangalathu (2017),M17,T-E3-S34-O-D,
CRCB.E3.S3P.C2P.D.AbPass.BoxGirder.MCB.Circ.M17,component,Sa_1_Fragility Database.csv,"PRJ-5910 v1, 2025-04-29",414,416,E3-S3P-C2P-D,AbPass,"Box-girder,  circular column",Mangalathu (2017),M17,M-E3-S34-C-D,
CRCB.E3.S3P.C2P.D.AbPass.BoxGirder.MCB.Obl.M17,component,Sa_1_Fragility Database.csv,"PRJ-5910 v1, 2025-04-29",415,417,E3-S3P-C2P-D,AbPass,"Box-girder,  oblong column ",Mangalathu (2017),M17,M-E3-S34-O-D,
CRCB.E3.S3P.C2P.D.AbPass.BoxGirder.TCB.Circ.M17,component,Sa_1_Fragility Database.csv,"PRJ-5910 v1, 2025-04-29",412,414,E3-S3P-C2P-D,AbPass,"Box-girder,  circular column",Mangalathu (2017),M17,T-E3-S34-C-D,
CRCB.E3.S3P.C2P.D.AbPass.BoxGirder.TCB.Obl.M17,component,Sa_1_Fragility Database.csv,"PRJ-5910 v1, 2025-04-29",413,415,E3-S3P-C2P-D,AbPass,"Box-girder,  oblong column ",Mangalathu (2017),M17,T-E3-S34-O-D,
CRCB.E3.S3P.C2P.D.AbTran.BoxGirder.MCB.Circ.M17,component,Sa_1_Fragility Database.csv,"PRJ-5910 v1, 2025-04-29",418,420,E3-S3P-C2P-D,AbTran,"Box-girder,  circular column",Mangalathu (2017),M17,M-E3-S34-C-D,
CRCB.E3.S3P.C2P.D.AbTran.BoxGirder.MCB.Obl.M17,component,Sa_1_Fragility Database.csv,"PRJ-5910 v1, 2025-04-29",419,421,E3-S3P-C2P-D,AbTran,"Box-girder,  oblong column ",Mangalathu (2017),M17,M-E3-S34-O-D,
CRCB.E3.S3P.C2P.D.AbTran.BoxGirder.TCB.Circ.M17,component,Sa_1_Fragility Database.csv,"PRJ-5910 v1, 2025-04-29",416,418,E3-S3P-C2P-D,AbTran,"Box-girder,  circular column",Mangalathu (2017),M17,T-E3-S34-C-D,
CRCB.E3.S3P.C2P.D.AbTran.BoxGirder.TCB.Obl.M17,component,Sa_1_Fragility Database.csv,"PRJ-5910 v1, 2025-04-29",417,419,E3-S3P-C2P-D,AbTran,"Box-girder,  oblong column ",Mangalathu (2017),M17,T-E3-S34-O-D,
CRCB.E3.S3P.C2P.D.Approach.Pile.Slope30.SXR22,component,Sa_1_Fragility Database.csv,"PRJ-5910 v1, 2025-04-29",433,435,E3-S3P-C2P-D,Approach,Abutment on piles with approach slab (length 30 ft) damage through slope offset,Shao et al. (2022),SXR22,,
CRCB.E3.S3P.C2P.D.Approach.Pile.Slope45.SXR22,component,Sa_1_Fragility Database.csv,"PRJ-5910 v1, 2025-04-29",434,436,E3-S3P-C2P-D,Approach,Abutment on piles with approach slab (length 45 ft) damage through slope offset,Shao et al. (2022),SXR22,,
CRCB.E3.S3P.C2P.D.Approach.Pile.Step.SXR22,component,Sa_1_Fragility Database.csv,"PRJ-5910 v1, 2025-04-29",432,434,E3-S3P-C2P-D,Approach,Abutment on piles with approach slab damage through step offset.,Shao et al. (2022),SXR22,,
CRCB.E3.S3P.C2P.D.Column.BoxGirder.MCB.Circ.M17,component,Sa_1_Fragility Database.csv,"PRJ-5910 v1, 2025-04-29",406,408,E3-S3P-C2P-D,Column,"Box-girder,  circular column",Mangalathu (2017),M17,M-E3-S34-C-D,
CRCB.E3.S3P.C2P.D.Column.BoxGirder.MCB.Obl.M17,component,Sa_1_Fragility Database.csv,"PRJ-5910 v1, 2025-04-29",407,409,E3-S3P-C2P-D,Column,"Box-girder,  oblong column ",Mangalathu (2017),M17,M-E3-S34-O-D,
CRCB.E3.S3P.C2P.D.Column.BoxGirder.TCB.Circ.M17,component,Sa_1_Fragility Database.csv,"PRJ-5910 v1, 2025-04-29",404,406,E3-S3P-C2P-D,Column,"Box-girder,  circular column",Mangalathu (2017),M17,T-E3-S34-C-D,
CRCB.E3.S3P.C2P.D.Column.BoxGirder.TCB.Obl.M17,component,Sa_1_Fragility Database.csv,"PRJ-5910 v1, 2025-04-29",405,407,E3-S3P-C2P-D,Column,"Box-girder,  oblong column ",Mangalathu (2017),M17,T-E3-S34-O-D,
CRCB.E3.S3P.C2P.D.DeckMax.BoxGirder.MCB.Circ.M17,component,Sa_1_Fragility Database.csv,"PRJ-5910 v1, 2025-04-29",422,424,E3-S3P-C2P-D,DeckMax,"Box-girder,  circular column",Mangalathu (2017),M17,M-E3-S34-C-D,
CRCB.E3.S3P.C2P.D.DeckMax.BoxGirder.MCB.Obl.M17,component,Sa_1_Fragility Database.csv,"PRJ-5910 v1, 2025-04-29",423,425,E3-S3P-C2P-D,DeckMax,"Box-girder,  oblong column ",Mangalathu (2017),M17,M-E3-S34-O-D,
CRCB.E3.S3P.C2P.D.DeckMax.BoxGirder.TCB.Circ.M17,component,Sa_1_Fragility Database.csv,"PRJ-5910 v1, 2025-04-29",420,422,E3-S3P-C2P-D,DeckMax,"Box-girder,  circular column",Mangalathu (2017),M17,T-E3-S34-C-D,
CRCB.E3.S3P.C2P.D.DeckMax.BoxGirder.TCB.Obl.M17,component,Sa_1_Fragility Database.csv,"PRJ-5910 v1, 2025-04-29",421,423,E3-S3P-C2P-D,DeckMax,"Box-girder,  oblong column ",Mangalathu (2017),M17,T-E3-S34-O-D,
CRCB.E3.S3P.C2P.D.FndTran.BoxGirder.MCB.Circ.M17,component,Sa_1_Fragility Database.csv,"PRJ-5910 v1, 2025-04-29",430,432,E3-S3P-C2P-D,FndTran,"Box-girder,  circular column",Mangalathu (2017),M17,M-E3-S34-C-D,
CRCB.E3.S3P.C2P.D.FndTran.BoxGirder.MCB.Obl.M17,component,Sa_1_Fragility Database.csv,"PRJ-5910 v1, 2025-04-29",431,433,E3-S3P-C2P-D,FndTran,"Box-girder,  oblong column ",Mangalathu (2017),M17,M-E3-S34-O-D,
CRCB.E3.S3P.C2P.D.FndTran.BoxGirder.TCB.Circ.M17,component,Sa_1_Fragility Database.csv,"PRJ-5910 v1, 2025-04-29",428,430,E3-S3P-C2P-D,FndTran,"Box-girder,  circular column",Mangalathu (2017),M17,T-E3-S34-C-D,
CRCB.E3.S3P.C2P.D.FndTran.BoxGirder.TCB.Obl.M17,component,Sa_1_Fragility Database.csv,"PRJ-5910 v1, 2025-04-29",429,431,E3-S3P-C2P-D,FndTran,"Box-girder,  oblong column ",Mangalathu (2017),M17,T-E3-S34-O-D,
CRCB.E3.S3P.C2P.D.System.BoxGirder.MCB.Circ.M17,portfolio,Sa_1_Fragility Database.csv,"PRJ-5910 v1, 2025-04-29",437,439,E3-S3P-C2P-D,System,"Box-girder,  circular column",Mangalathu (2017),M17,M-E3-S34-C-D,
CRCB.E3.S3P.C2P.D.System.BoxGirder.MCB.Obl.M17,portfolio,Sa_1_Fragility Database.csv,"PRJ-5910 v1, 2025-04-29",438,440,E3-S3P-C2P-D,System,"Box-girder,  oblong column ",Mangalathu (2017),M17,M-E3-S34-O-D,
CRCB.E3.S3P.C2P.D.System.BoxGirder.TCB.Circ.M17,portfolio,Sa_1_Fragility Database.csv,"PRJ-5910 v1, 2025-04-29",435,437,E3-S3P-C2P-D,System,"Box-girder,  circular column",Mangalathu (2017),M17,T-E3-S34-C-D,
CRCB.E3.S3P.C2P.D.System.BoxGirder.TCB.Obl.M17,portfolio,Sa_1_Fragility Database.csv,"PRJ-5910 v1, 2025-04-29",436,438,E3-S3P-C2P-D,System,"Box-girder,  oblong column ",Mangalathu (2017),M17,T-E3-S34-O-D,
CRCB.E3.S3P.C2P.S.AbAct.BoxGirder.MCB.Circ.M17,component,Sa_1_Fragility Database.csv,"PRJ-5910 v1, 2025-04-29",971,973,E3-S3P-C2P-S,AbAct,"Box-girder,  circular column",Mangalathu (2017),M17,M-E3-S34-C-S,
CRCB.E3.S3P.C2P.S.AbAct.BoxGirder.MCB.Obl.M17,component,Sa_1_Fragility Database.csv,"PRJ-5910 v1, 2025-04-29",972,974,E3-S3P-C2P-S,AbAct,"Box-girder,  oblong column ",Mangalathu (2017),M17,M-E3-S34-O-S,
CRCB.E3.S3P.C2P.S.AbAct.BoxGirder.TCB.Circ.M17,component,Sa_1_Fragility Database.csv,"PRJ-5910 v1, 2025-04-29",969,971,E3-S3P-C2P-S,AbAct,"Box-girder,  circular column",Mangalathu (2017),M17,T-E3-S34-C-S,
CRCB.E3.S3P.C2P.S.AbAct.BoxGirder.TCB.Obl.M17,component,Sa_1_Fragility Database.csv,"PRJ-5910 v1, 2025-04-29",970,972,E3-S3P-C2P-S,AbAct,"Box-girder,  oblong column ",Mangalathu (2017),M17,T-E3-S34-O-S,
CRCB.E3.S3P.C2P.S.AbPass.BoxGirder.MCB.Circ.M17,component,Sa_1_Fragility Database.csv,"PRJ-5910 v1, 2025-04-29",975,977,E3-S3P-C2P-S,AbPass,"Box-girder,  circular column",Mangalathu (2017),M17,M-E3-S34-C-S,
CRCB.E3.S3P.C2P.S.AbPass.BoxGirder.MCB.Obl.M17,component,Sa_1_Fragility Database.csv,"PRJ-5910 v1, 2025-04-29",976,978,E3-S3P-C2P-S,AbPass,"Box-girder,  oblong column ",Mangalathu (2017),M17,M-E3-S34-O-S,
CRCB.E3.S3P.C2P.S.AbPass.BoxGirder.TCB.Circ.M17,component,Sa_1_Fragility Database.csv,"PRJ-5910 v1, 2025-04-29",973,975,E3-S3P-C2P-S,AbPass,"Box-girder,  circular column",Mangalathu (2017),M17,T-E3-S34-C-S,
CRCB.E3.S3P.C2P.S.AbPass.BoxGirder.TCB.Obl.M17,component,Sa_1_Fragility Database.csv,"PRJ-5910 v1, 2025-04-29",974,976,E3-S3P-C2P-S,AbPass,"Box-girder,  oblong column ",Mangalathu (2017),M17,T-E3-S34-O-S,
CRCB.E3.S3P.C2P.S.AbTran.BoxGirder.MCB.Circ.M17,component,Sa_1_Fragility Database.csv,"PRJ-5910 v1, 2025-04-29",979,981,E3-S3P-C2P-S,AbTran,"Box-girder,  circular column",Mangalathu (2017),M17,M-E3-S34-C-S,
CRCB.E3.S3P.C2P.S.AbTran.BoxGirder.MCB.Obl.M17,component,Sa_1_Fragility Database.csv,"PRJ-5910 v1, 2025-04-29",980,982,E3-S3P-C2P-S,AbTran,"Box-girder,  oblong column ",Mangalathu (2017),M17,M-E3-S34-O-S,
CRCB.E3.S3P.C2P.S.AbTran.BoxGirder.TCB.Circ.M17,component,Sa_1_Fragility Database.csv,"PRJ-5910 v1, 2025-04-29",977,979,E3-S3P-C2P-S,AbTran,"Box-girder,  circular column",Mangalathu (2017),M17,T-E3-S34-C-S,
CRCB.E3.S3P.C2P.S.AbTran.BoxGirder.TCB.Obl.M17,component,Sa_1_Fragility Database.csv,"PRJ-5910 v1, 2025-04-29",978,980,E3-S3P-C2P-S,AbTran,"Box-girder,  oblong column ",Mangalathu (2017),M17,T-E3-S34-O-S,
CRCB.E3.S3P.C2P.S.Approach.Cant.Slope30.SXR22,component,Sa_1_Fragility Database.csv,"PRJ-5910 v1, 2025-04-29",1009,1011,E3-S3P-C2P-S,Approach,"Cantilever abutment on spread footing with approach slab damage through slope offset, with an approach slab length of 30 ft.",Shao et al. (2022),SXR22,,
CRCB.E3.S3P.C2P.S.Approach.Cant.Slope45.SXR22,component,Sa_1_Fragility Database.csv,"PRJ-5910 v1, 2025-04-29",1012,1014,E3-S3P-C2P-S,Approach,"Cantilever abutment on spread footing with approach slab damage through slope offset, with an approach slab length of 45 ft.",Shao et al. (2022),SXR22,,
CRCB.E3.S3P.C2P.S.Approach.Cant.Step.SXR22,component,Sa_1_Fragility Database.csv,"PRJ-5910 v1, 2025-04-29",1006,1008,E3-S3P-C2P-S,Approach,Cantilever abutment on spread footing with approach slab damage through step offset.,Shao et al. (2022),SXR22,,
CRCB.E3.S3P.C2P.S.Approach.Pile.Slope30.SXR22,component,Sa_1_Fragility Database.csv,"PRJ-5910 v1, 2025-04-29",1010,1012,E3-S3P-C2P-S,Approach,Abutment on piles with approach slab (length 30 ft) damage through slope offset,Shao et al. (2022),SXR22,,
CRCB.E3.S3P.C2P.S.Approach.Pile.Slope45.SXR22,component,Sa_1_Fragility Database.csv,"PRJ-5910 v1, 2025-04-29",1013,1015,E3-S3P-C2P-S,Approach,Abutment on piles with approach slab (length 45 ft) damage through slope offset,Shao et al. (2022),SXR22,,
CRCB.E3.S3P.C2P.S.Approach.Pile.Step.SXR22,component,Sa_1_Fragility Database.csv,"PRJ-5910 v1, 2025-04-29",1007,1009,E3-S3P-C2P-S,Approach,Abutment on piles with approach slab damage through step offset.,Shao et al. (2022),SXR22,,
CRCB.E3.S3P.C2P.S.Approach.Reg.Slope30.SXR22,component,Sa_1_Fragility Database.csv,"PRJ-5910 v1, 2025-04-29",1008,1010,E3-S3P-C2P-S,Approach,Regular-height abutment on spread footing with approach slab (length 30 ft) damage through slope offset,Shao et al. (2022),SXR22,,
CRCB.E3.S3P.C2P.S.Approach.Reg.Slope45.SXR22,component,Sa_1_Fragility Database.csv,"PRJ-5910 v1, 2025-04-29",1011,1013,E3-S3P-C2P-S,Approach,Regular-height abutment on spread footing with approach slab (length 45 ft) damage through slope offset,Shao et al. (2022),SXR22,,
CRCB.E3.S3P.C2P.S.Approach.Reg.Step.SXR22,component,Sa_1_Fragility Database.csv,"PRJ-5910 v1, 2025-04-29",1005,1007,E3-S3P-C2P-S,Approach,Regular-height abutment on spread footing with approach slab damage through step offset.,Shao et al. (2022),SXR22,,
CRCB.E3.S3P.C2P.S.Bearing.BoxGirder.MCB.Circ.M17,component,Sa_1_Fragility Database.csv,"PRJ-5910 v1, 2025-04-29",983,985,E3-S3P-C2P-S,Bearing,"Box-girder,  circular column",Mangalathu (2017),M17,M-E3-S34-C-S,
CRCB.E3.S3P.C2P.S.Bearing.BoxGirder.MCB.Obl.M17,component,Sa_1_Fragility Database.csv,"PRJ-5910 v1, 2025-04-29",984,986,E3-S3P-C2P-S,Bearing,"Box-girder,  oblong column ",Mangalathu (2017),M17,M-E3-S34-O-S,
CRCB.E3.S3P.C2P.S.Bearing.BoxGirder.TCB.Circ.M17,component,Sa_1_Fragility Database.csv,"PRJ-5910 v1, 2025-04-29",981,983,E3-S3P-C2P-S,Bearing,"Box-girder,  circular column",Mangalathu (2017),M17,T-E3-S34-C-S,
CRCB.E3.S3P.C2P.S.Bearing.BoxGirder.TCB.Obl.M17,component,Sa_1_Fragility Database.csv,"PRJ-5910 v1, 2025-04-29",982,984,E3-S3P-C2P-S,Bearing,"Box-girder,  oblong column ",Mangalathu (2017),M17,T-E3-S34-O-S,
CRCB.E3.S3P.C2P.S.Column.BoxGirder.MCB.Circ.M17,component,Sa_1_Fragility Database.csv,"PRJ-5910 v1, 2025-04-29",963,965,E3-S3P-C2P-S,Column,"Box-girder,  circular column",Mangalathu (2017),M17,M-E3-S34-C-S,
CRCB.E3.S3P.C2P.S.Column.BoxGirder.MCB.Obl.M17,component,Sa_1_Fragility Database.csv,"PRJ-5910 v1, 2025-04-29",964,966,E3-S3P-C2P-S,Column,"Box-girder,  oblong column ",Mangalathu (2017),M17,M-E3-S34-O-S,
CRCB.E3.S3P.C2P.S.Column.BoxGirder.TCB.Circ.M17,component,Sa_1_Fragility Database.csv,"PRJ-5910 v1, 2025-04-29",961,963,E3-S3P-C2P-S,Column,"Box-girder,  circular column",Mangalathu (2017),M17,T-E3-S34-C-S,
CRCB.E3.S3P.C2P.S.Column.BoxGirder.TCB.Obl.M17,component,Sa_1_Fragility Database.csv,"PRJ-5910 v1, 2025-04-29",962,964,E3-S3P-C2P-S,Column,"Box-girder,  oblong column ",Mangalathu (2017),M17,T-E3-S34-O-S,
CRCB.E3.S3P.C2P.S.DeckMax.BoxGirder.MCB.Circ.M17,component,Sa_1_Fragility Database.csv,"PRJ-5910 v1, 2025-04-29",987,989,E3-S3P-C2P-S,DeckMax,"Box-girder,  circular column",Mangalathu (2017),M17,M-E3-S34-C-S,
CRCB.E3.S3P.C2P.S.DeckMax.BoxGirder.MCB.Obl.M17,component,Sa_1_Fragility Database.csv,"PRJ-5910 v1, 2025-04-29",988,990,E3-S3P-C2P-S,DeckMax,"Box-girder,  oblong column ",Mangalathu (2017),M17,M-E3-S34-O-S,
CRCB.E3.S3P.C2P.S.DeckMax.BoxGirder.TCB.Circ.M17,component,Sa_1_Fragility Database.csv,"PRJ-5910 v1, 2025-04-29",985,987,E3-S3P-C2P-S,DeckMax,"Box-girder,  circular column",Mangalathu (2017),M17,T-E3-S34-C-S,
CRCB.E3.S3P.C2P.S.DeckMax.BoxGirder.TCB.Obl.M17,component,Sa_1_Fragility Database.csv,"PRJ-5910 v1, 2025-04-29",986,988,E3-S3P-C2P-S,DeckMax,"Box-girder,  oblong column ",Mangalathu (2017),M17,T-E3-S34-O-S,
CRCB.E3.S3P.C2P.S.FndTran.BoxGirder.MCB.Circ.M17,component,Sa_1_Fragility Database.csv,"PRJ-5910 v1, 2025-04-29",995,997,E3-S3P-C2P-S,FndTran,"Box-girder,  circular column",Mangalathu (2017),M17,M-E3-S34-C-S,
CRCB.E3.S3P.C2P.S.FndTran.BoxGirder.MCB.Obl.M17,component,Sa_1_Fragility Database.csv,"PRJ-5910 v1, 2025-04-29",996,998,E3-S3P-C2P-S,FndTran,"Box-girder,  oblong column ",Mangalathu (2017),M17,M-E3-S34-O-S,
CRCB.E3.S3P.C2P.S.FndTran.BoxGirder.TCB.Circ.M17,component,Sa_1_Fragility Database.csv,"PRJ-5910 v1, 2025-04-29",993,995,E3-S3P-C2P-S,FndTran,"Box-girder,  circular column",Mangalathu (2017),M17,T-E3-S34-C-S,
CRCB.E3.S3P.C2P.S.FndTran.BoxGirder.TCB.Obl.M17,component,Sa_1_Fragility Database.csv,"PRJ-5910 v1, 2025-04-29",994,996,E3-S3P-C2P-S,FndTran,"Box-girder,  oblong column ",Mangalathu (2017),M17,T-E3-S34-O-S,
CRCB.E3.S3P.C2P.S.Seal.BoxGirder.MCB.Circ.M17,component,Sa_1_Fragility Database.csv,"PRJ-5910 v1, 2025-04-29",1003,1005,E3-S3P-C2P-S,Seal,"Box-girder,  circular column",Mangalathu (2017),M17,M-E3-S34-C-S,
CRCB.E3.S3P.C2P.S.Seal.BoxGirder.MCB.Obl.M17,component,Sa_1_Fragility Database.csv,"PRJ-5910 v1, 2025-04-29",1004,1006,E3-S3P-C2P-S,Seal,"Box-girder,  oblong column ",Mangalathu (2017),M17,M-E3-S34-O-S,
CRCB.E3.S3P.C2P.S.Seal.BoxGirder.TCB.Circ.M17,component,Sa_1_Fragility Database.csv,"PRJ-5910 v1, 2025-04-29",1001,1003,E3-S3P-C2P-S,Seal,"Box-girder,  circular column",Mangalathu (2017),M17,T-E3-S34-C-S,
CRCB.E3.S3P.C2P.S.Seal.BoxGirder.TCB.Obl.M17,component,Sa_1_Fragility Database.csv,"PRJ-5910 v1, 2025-04-29",1002,1004,E3-S3P-C2P-S,Seal,"Box-girder,  oblong column ",Mangalathu (2017),M17,T-E3-S34-O-S,
CRCB.E3.S3P.C2P.S.System.BoxGirder.MCB.Circ.M17,portfolio,Sa_1_Fragility Database.csv,"PRJ-5910 v1, 2025-04-29",1016,1018,E3-S3P-C2P-S,System,"Box-girder,  circular column",Mangalathu (2017),M17,M-E3-S34-C-S,
CRCB.E3.S3P.C2P.S.System.BoxGirder.MCB.Obl.M17,portfolio,Sa_1_Fragility Database.csv,"PRJ-5910 v1, 2025-04-29",1017,1019,E3-S3P-C2P-S,System,"Box-girder,  oblong column ",Mangalathu (2017),M17,M-E3-S34-O-S,
CRCB.E3.S3P.C2P.S.System.BoxGirder.TCB.Circ.M17,portfolio,Sa_1_Fragility Database.csv,"PRJ-5910 v1, 2025-04-29",1014,1016,E3-S3P-C2P-S,System,"Box-girder,  circular column",Mangalathu (2017),M17,T-E3-S34-C-S,
CRCB.E3.S3P.C2P.S.System.BoxGirder.TCB.Obl.M17,portfolio,Sa_1_Fragility Database.csv,"PRJ-5910 v1, 2025-04-29",1015,1017,E3-S3P-C2P-S,System,"Box-girder,  oblong column ",Mangalathu (2017),M17,T-E3-S34-O-S,
CRCB.E3.S3P.C2P.S.Unseating.BoxGirder.MCB.Circ.M17,component,Sa_1_Fragility Database.csv,"PRJ-5910 v1, 2025-04-29",967,969,E3-S3P-C2P-S,Unseating,"Box-girder,  circular column",Mangalathu (2017),M17,M-E3-S34-C-S,
CRCB.E3.S3P.C2P.S.Unseating.BoxGirder.MCB.Obl.M17,component,Sa_1_Fragility Database.csv,"PRJ-5910 v1, 2025-04-29",968,970,E3-S3P-C2P-S,Unseating,"Box-girder,  oblong column ",Mangalathu (2017),M17,M-E3-S34-O-S,
CRCB.E3.S3P.C2P.S.Unseating.BoxGirder.TCB.Circ.M17,component,Sa_1_Fragility Database.csv,"PRJ-5910 v1, 2025-04-29",965,967,E3-S3P-C2P-S,Unseating,"Box-girder,  circular column",Mangalathu (2017),M17,T-E3-S34-C-S,
CRCB.E3.S3P.C2P.S.Unseating.BoxGirder.TCB.Obl.M17,component,Sa_1_Fragility Database.csv,"PRJ-5910 v1, 2025-04-29",966,968,E3-S3P-C2P-S,Unseating,"Box-girder,  oblong column ",Mangalathu (2017),M17,T-E3-S34-O-S,
,omitted,Sa_1_Fragility Database.csv,"PRJ-5910 v1, 2025-04-29",48,50,E1-S2-C1-D,FndRot,"Box-girder,  circular column",Mangalathu (2017),M17,S-E1-S22-C-D,all_na
,omitted,Sa_1_Fragility Database.csv,"PRJ-5910 v1, 2025-04-29",49,51,E1-S2-C1-D,FndRot,"Box-girder,  rectangular column",Mangalathu (2017),M17,S-E1-S22-R-D,all_na
,omitted,Sa_1_Fragility Database.csv,"PRJ-5910 v1, 2025-04-29",90,92,E1-S2-C2P-D,FndRot,"Box-girder,  circular column",Mangalathu (2017),M17,T-E1-S22-C-D,all_na
,omitted,Sa_1_Fragility Database.csv,"PRJ-5910 v1, 2025-04-29",91,93,E1-S2-C2P-D,FndRot,"Box-girder,  rectangular column",Mangalathu (2017),M17,T-E1-S22-R-D,all_na
,omitted,Sa_1_Fragility Database.csv,"PRJ-5910 v1, 2025-04-29",92,94,E1-S2-C2P-D,FndRot,"Box-girder,  circular column",Mangalathu (2017),M17,M-E1-S22-C-D,all_na
,omitted,Sa_1_Fragility Database.csv,"PRJ-5910 v1, 2025-04-29",93,95,E1-S2-C2P-D,FndRot,"Box-girder,  rectangular column",Mangalathu (2017),M17,M-E1-S22-R-D,all_na
,omitted,Sa_1_Fragility Database.csv,"PRJ-5910 v1, 2025-04-29",122,124,E2-S2-C1-D,FndRot,"Box-girder,  circular column",Mangalathu (2017),M17,S-E2-S22-C-D,all_na
,omitted,Sa_1_Fragility Database.csv,"PRJ-5910 v1, 2025-04-29",123,125,E2-S2-C1-D,FndRot,"Box-girder,  oblong column ",Mangalathu (2017),M17,S-E2-S22-O-D,all_na
,omitted,Sa_1_Fragility Database.csv,"PRJ-5910 v1, 2025-04-29",153,155,E2-S2-C2P-D,FndRot,"Box-girder,  circular column",Mangalathu (2017),M17,T-E2-S22-C-D,all_na
,omitted,Sa_1_Fragility Database.csv,"PRJ-5910 v1, 2025-04-29",154,156,E2-S2-C2P-D,FndRot,"Box-girder,  oblong column ",Mangalathu (2017),M17,T-E2-S22-O-D,all_na
,omitted,Sa_1_Fragility Database.csv,"PRJ-5910 v1, 2025-04-29",155,157,E2-S2-C2P-D,FndRot,"Box-girder,  circular column",Mangalathu (2017),M17,M-E2-S22-C-D,all_na
,omitted,Sa_1_Fragility Database.csv,"PRJ-5910 v1, 2025-04-29",156,158,E2-S2-C2P-D,FndRot,"Box-girder,  oblong column ",Mangalathu (2017),M17,M-E2-S22-O-D,all_na
,omitted,Sa_1_Fragility Database.csv,"PRJ-5910 v1, 2025-04-29",181,183,E3-S2-C1-D,FndRot,"Box-girder,  circular column",Mangalathu (2017),M17,S-E3-S22-C-D,all_na
,omitted,Sa_1_Fragility Database.csv,"PRJ-5910 v1, 2025-04-29",182,184,E3-S2-C1-D,FndRot,"Box-girder,  oblong column ",Mangalathu (2017),M17,S-E3-S22-O-D,all_na
,omitted,Sa_1_Fragility Database.csv,"PRJ-5910 v1, 2025-04-29",209,211,E3-S2-C2P-D,FndRot,"Box-girder,  circular column",Mangalathu (2017),M17,T-E3-S22-C-D,all_na
,omitted,Sa_1_Fragility Database.csv,"PRJ-5910 v1, 2025-04-29",210,212,E3-S2-C2P-D,FndRot,"Box-girder,  oblong column ",Mangalathu (2017),M17,T-E3-S22-O-D,all_na
,omitted,Sa_1_Fragility Database.csv,"PRJ-5910 v1, 2025-04-29",211,213,E3-S2-C2P-D,FndRot,"Box-girder,  circular column",Mangalathu (2017),M17,M-E3-S22-C-D,all_na
,omitted,Sa_1_Fragility Database.csv,"PRJ-5910 v1, 2025-04-29",212,214,E3-S2-C2P-D,FndRot,"Box-girder,  oblong column ",Mangalathu (2017),M17,M-E3-S22-O-D,all_na
,omitted,Sa_1_Fragility Database.csv,"PRJ-5910 v1, 2025-04-29",238,240,E1-S3P-C1-D,FndRot,"Box-girder,  circular column",Mangalathu (2017),M17,S-E1-S34-C-D,all_na
,omitted,Sa_1_Fragility Database.csv,"PRJ-5910 v1, 2025-04-29",239,241,E1-S3P-C1-D,FndRot,"Box-girder,  rectangular column",Mangalathu (2017),M17,S-E1-S34-R-D,all_na
,omitted,Sa_1_Fragility Database.csv,"PRJ-5910 v1, 2025-04-29",273,275,E1-S3P-C2P-D,FndRot,"Box-girder,  circular column",Mangalathu (2017),M17,T-E1-S34-C-D,all_na
,omitted,Sa_1_Fragility Database.csv,"PRJ-5910 v1, 2025-04-29",274,276,E1-S3P-C2P-D,FndRot,"Box-girder,  rectangular column",Mangalathu (2017),M17,T-E1-S34-R-D,all_na
,omitted,Sa_1_Fragility Database.csv,"PRJ-5910 v1, 2025-04-29",275,277,E1-S3P-C2P-D,FndRot,"Box-girder,  circular column",Mangalathu (2017),M17,M-E1-S34-C-D,all_na
,omitted,Sa_1_Fragility Database.csv,"PRJ-5910 v1, 2025-04-29",276,278,E1-S3P-C2P-D,FndRot,"Box-girder,  rectangular column",Mangalathu (2017),M17,M-E1-S34-R-D,all_na
,omitted,Sa_1_Fragility Database.csv,"PRJ-5910 v1, 2025-04-29",305,307,E2-S3P-C1-D,FndRot,"Box-girder,  circular column",Mangalathu (2017),M17,S-E2-S34-C-D,all_na
,omitted,Sa_1_Fragility Database.csv,"PRJ-5910 v1, 2025-04-29",306,308,E2-S3P-C1-D,FndRot,"Box-girder,  oblong column ",Mangalathu (2017),M17,S-E2-S34-O-D,all_na
,omitted,Sa_1_Fragility Database.csv,"PRJ-5910 v1, 2025-04-29",356,358,E2-S3P-C2P-D,FndRot,"Box-girder,  circular column",Mangalathu (2017),M17,T-E2-S34-C-D,all_na
,omitted,Sa_1_Fragility Database.csv,"PRJ-5910 v1, 2025-04-29",357,359,E2-S3P-C2P-D,FndRot,"Box-girder,  oblong column ",Mangalathu (2017),M17,T-E2-S34-O-D,all_na
,omitted,Sa_1_Fragility Database.csv,"PRJ-5910 v1, 2025-04-29",358,360,E2-S3P-C2P-D,FndRot,"Box-girder,  circular column",Mangalathu (2017),M17,M-E2-S34-C-D,all_na
,omitted,Sa_1_Fragility Database.csv,"PRJ-5910 v1, 2025-04-29",359,361,E2-S3P-C2P-D,FndRot,"Box-girder,  oblong column ",Mangalathu (2017),M17,M-E2-S34-O-D,all_na
,omitted,Sa_1_Fragility Database.csv,"PRJ-5910 v1, 2025-04-29",392,394,E3-S3P-C1-D,FndRot,"Box-girder,  circular column",Mangalathu (2017),M17,S-E3-S34-C-D,all_na
,omitted,Sa_1_Fragility Database.csv,"PRJ-5910 v1, 2025-04-29",393,395,E3-S3P-C1-D,FndRot,"Box-girder,  oblong column ",Mangalathu (2017),M17,S-E3-S34-O-D,all_na
,omitted,Sa_1_Fragility Database.csv,"PRJ-5910 v1, 2025-04-29",424,426,E3-S3P-C2P-D,FndRot,"Box-girder,  circular column",Mangalathu (2017),M17,T-E3-S34-C-D,all_na
,omitted,Sa_1_Fragility Database.csv,"PRJ-5910 v1, 2025-04-29",425,427,E3-S3P-C2P-D,FndRot,"Box-girder,  oblong column ",Mangalathu (2017),M17,T-E3-S34-O-D,all_na
,omitted,Sa_1_Fragility Database.csv,"PRJ-5910 v1, 2025-04-29",426,428,E3-S3P-C2P-D,FndRot,"Box-girder,  circular column",Mangalathu (2017),M17,M-E3-S34-C-D,all_na
,omitted,Sa_1_Fragility Database.csv,"PRJ-5910 v1, 2025-04-29",427,429,E3-S3P-C2P-D,FndRot,"Box-girder,  oblong column ",Mangalathu (2017),M17,M-E3-S34-O-D,all_na
,omitted,Sa_1_Fragility Database.csv,"PRJ-5910 v1, 2025-04-29",453,455,E1-S2-C1-S,FndRot,"Box-girder,  circular column",Mangalathu (2017),M17,S-E1-S22-C-S,all_na
,omitted,Sa_1_Fragility Database.csv,"PRJ-5910 v1, 2025-04-29",454,456,E1-S2-C1-S,FndRot,"Box-girder,  rectangular column",Mangalathu (2017),M17,S-E1-S22-R-S,all_na
,omitted,Sa_1_Fragility Database.csv,"PRJ-5910 v1, 2025-04-29",501,503,E1-S2-C2P-S,FndRot,"Box-girder,  circular column",Mangalathu (2017),M17,T-E1-S22-C-S,all_na
,omitted,Sa_1_Fragility Database.csv,"PRJ-5910 v1, 2025-04-29",502,504,E1-S2-C2P-S,FndRot,"Box-girder,  rectangular column",Mangalathu (2017),M17,T-E1-S22-R-S,all_na
,omitted,Sa_1_Fragility Database.csv,"PRJ-5910 v1, 2025-04-29",503,505,E1-S2-C2P-S,FndRot,"Box-girder,  circular column",Mangalathu (2017),M17,M-E1-S22-C-S,all_na
,omitted,Sa_1_Fragility Database.csv,"PRJ-5910 v1, 2025-04-29",546,548,E2-S2-C1-S,FndRot,"Box-girder,  circular column",Mangalathu (2017),M17,S-E2-S22-C-S,all_na
,omitted,Sa_1_Fragility Database.csv,"PRJ-5910 v1, 2025-04-29",547,549,E2-S2-C1-S,FndRot,"Box-girder,  oblong column ",Mangalathu (2017),M17,S-E2-S22-O-S,all_na
,omitted,Sa_1_Fragility Database.csv,"PRJ-5910 v1, 2025-04-29",550,552,E2-S2-C1-S,Key,"Box-girder,  circular column",Mangalathu (2017),M17,S-E2-S22-C-S,all_na
,omitted,Sa_1_Fragility Database.csv,"PRJ-5910 v1, 2025-04-29",551,553,E2-S2-C1-S,Key,"Box-girder,  oblong column ",Mangalathu (2017),M17,S-E2-S22-O-S,all_na
,omitted,Sa_1_Fragility Database.csv,"PRJ-5910 v1, 2025-04-29",593,595,E2-S2-C2P-S,FndRot,"Box-girder,  circular column",Mangalathu (2017),M17,T-E2-S22-C-S,all_na
,omitted,Sa_1_Fragility Database.csv,"PRJ-5910 v1, 2025-04-29",594,596,E2-S2-C2P-S,FndRot,"Box-girder,  oblong column ",Mangalathu (2017),M17,T-E2-S22-O-S,all_na
,omitted,Sa_1_Fragility Database.csv,"PRJ-5910 v1, 2025-04-29",595,597,E2-S2-C2P-S,FndRot,"Box-girder,  circular column",Mangalathu (2017),M17,M-E2-S22-C-S,all_na
,omitted,Sa_1_Fragility Database.csv,"PRJ-5910 v1, 2025-04-29",596,598,E2-S2-C2P-S,FndRot,"Box-girder,  oblong column ",Mangalathu (2017),M17,M-E2-S22-O-S,all_na
,omitted,Sa_1_Fragility Database.csv,"PRJ-5910 v1, 2025-04-29",601,603,E2-S2-C2P-S,Key,"Box-girder,  circular column",Mangalathu (2017),M17,T-E2-S22-C-S,all_na
,omitted,Sa_1_Fragility Database.csv,"PRJ-5910 v1, 2025-04-29",602,604,E2-S2-C2P-S,Key,"Box-girder,  oblong column ",Mangalathu (2017),M17,T-E2-S22-O-S,all_na
,omitted,Sa_1_Fragility Database.csv,"PRJ-5910 v1, 2025-04-29",603,605,E2-S2-C2P-S,Key,"Box-girder,  circular column",Mangalathu (2017),M17,M-E2-S22-C-S,all_na
,omitted,Sa_1_Fragility Database.csv,"PRJ-5910 v1, 2025-04-29",604,606,E2-S2-C2P-S,Key,"Box-girder,  oblong column ",Mangalathu (2017),M17,M-E2-S22-O-S,all_na
,omitted,Sa_1_Fragility Database.csv,"PRJ-5910 v1, 2025-04-29",636,638,E3-S2-C1-S,FndRot,"Box-girder,  circular column",Mangalathu (2017),M17,S-E3-S22-C-S,all_na
,omitted,Sa_1_Fragility Database.csv,"PRJ-5910 v1, 2025-04-29",637,639,E3-S2-C1-S,FndRot,"Box-girder,  oblong column ",Mangalathu (2017),M17,S-E3-S22-O-S,all_na
,omitted,Sa_1_Fragility Database.csv,"PRJ-5910 v1, 2025-04-29",640,642,E3-S2-C1-S,Key,"Box-girder,  circular column",Mangalathu (2017),M17,S-E3-S22-C-S,all_na
,omitted,Sa_1_Fragility Database.csv,"PRJ-5910 v1, 2025-04-29",641,643,E3-S2-C1-S,Key,"Box-girder,  oblong column ",Mangalathu (2017),M17,S-E3-S22-O-S,all_na
,omitted,Sa_1_Fragility Database.csv,"PRJ-5910 v1, 2025-04-29",683,685,E3-S2-C2P-S,FndRot,"Box-girder,  circular column",Mangalathu (2017),M17,T-E3-S22-C-S,all_na
,omitted,Sa_1_Fragility Database.csv,"PRJ-5910 v1, 2025-04-29",684,686,E3-S2-C2P-S,FndRot,"Box-girder,  oblong column ",Mangalathu (2017),M17,T-E3-S22-O-S,all_na
,omitted,Sa_1_Fragility Database.csv,"PRJ-5910 v1, 2025-04-29",685,687,E3-S2-C2P-S,FndRot,"Box-girder,  circular column",Mangalathu (2017),M17,M-E3-S22-C-S,all_na
,omitted,Sa_1_Fragility Database.csv,"PRJ-5910 v1, 2025-04-29",686,688,E3-S2-C2P-S,FndRot,"Box-girder,  oblong column ",Mangalathu (2017),M17,M-E3-S22-O-S,all_na
,omitted,Sa_1_Fragility Database.csv,"PRJ-5910 v1, 2025-04-29",691,693,E3-S2-C2P-S,Key,"Box-girder,  circular column",Mangalathu (2017),M17,T-E3-S22-C-S,all_na
,omitted,Sa_1_Fragility Database.csv,"PRJ-5910 v1, 2025-04-29",692,694,E3-S2-C2P-S,Key,"Box-girder,  oblong column ",Mangalathu (2017),M17,T-E3-S22-O-S,all_na
,omitted,Sa_1_Fragility Database.csv,"PRJ-5910 v1, 2025-04-29",693,695,E3-S2-C2P-S,Key,"Box-girder,  circular column",Mangalathu (2017),M17,M-E3-S22-C-S,all_na
,omitted,Sa_1_Fragility Database.csv,"PRJ-5910 v1, 2025-04-29",694,696,E3-S2-C2P-S,Key,"Box-girder,  oblong column ",Mangalathu (2017),M17,M-E3-S22-O-S,all_na
,omitted,Sa_1_Fragility Database.csv,"PRJ-5910 v1, 2025-04-29",726,728,E1-S3P-C1-S,FndRot,"Box-girder,  circular column",Mangalathu (2017),M17,S-E1-S34-C-S,all_na
,omitted,Sa_1_Fragility Database.csv,"PRJ-5910 v1, 2025-04-29",727,729,E1-S3P-C1-S,FndRot,"Box-girder,  rectangular column",Mangalathu (2017),M17,S-E1-S34-R-S,all_na
,omitted,Sa_1_Fragility Database.csv,"PRJ-5910 v1, 2025-04-29",742,744,E1-S3P-C1-S,System,"Box-girder,  circular column",Soleimani (2017),S17,,duplicate
,omitted,Sa_1_Fragility Database.csv,"PRJ-5910 v1, 2025-04-29",744,746,E1-S3P-C1-S,System,"Box-girder,  rectangular column",Soleimani (2017),S17,,duplicate
,omitted,Sa_1_Fragility Database.csv,"PRJ-5910 v1, 2025-04-29",774,776,E1-S3P-C2P-S,FndRot,"Box-girder,  circular column",Mangalathu (2017),M17,T-E1-S34-C-S,all_na
,omitted,Sa_1_Fragility Database.csv,"PRJ-5910 v1, 2025-04-29",775,777,E1-S3P-C2P-S,FndRot,"Box-girder,  rectangular column",Mangalathu (2017),M17,T-E1-S34-R-S,all_na
,omitted,Sa_1_Fragility Database.csv,"PRJ-5910 v1, 2025-04-29",776,778,E1-S3P-C2P-S,FndRot,"Box-girder,  circular column",Mangalathu (2017),M17,M-E1-S34-C-S,all_na
,omitted,Sa_1_Fragility Database.csv,"PRJ-5910 v1, 2025-04-29",777,779,E1-S3P-C2P-S,FndRot,"Box-girder,  rectangular column",Mangalathu (2017),M17,M-E1-S34-R-S,all_na
,omitted,Sa_1_Fragility Database.csv,"PRJ-5910 v1, 2025-04-29",816,818,E2-S3P-C1-S,FndRot,"Box-girder,  circular column",Mangalathu (2017),M17,S-E2-S34-C-S,all_na
,omitted,Sa_1_Fragility Database.csv,"PRJ-5910 v1, 2025-04-29",817,819,E2-S3P-C1-S,FndRot,"Box-girder,  oblong column ",Mangalathu (2017),M17,S-E2-S34-O-S,all_na
,omitted,Sa_1_Fragility Database.csv,"PRJ-5910 v1, 2025-04-29",820,822,E2-S3P-C1-S,Key,"Box-girder,  circular column",Mangalathu (2017),M17,S-E2-S34-C-S,all_na
,omitted,Sa_1_Fragility Database.csv,"PRJ-5910 v1, 2025-04-29",821,823,E2-S3P-C1-S,Key,"Box-girder,  oblong column ",Mangalathu (2017),M17,S-E2-S34-O-S,all_na
,omitted,Sa_1_Fragility Database.csv,"PRJ-5910 v1, 2025-04-29",835,837,E2-S3P-C1-S,System,"Box-girder,  circular column",Soleimani (2017),S17,,duplicate
,omitted,Sa_1_Fragility Database.csv,"PRJ-5910 v1, 2025-04-29",837,839,E2-S3P-C1-S,System,"Box-girder,  oblong column ",Soleimani (2017),S17,,duplicate
,omitted,Sa_1_Fragility Database.csv,"PRJ-5910 v1, 2025-04-29",891,893,E2-S3P-C2P-S,FndRot,"Box-girder,  circular column",Mangalathu (2017),M17,T-E2-S34-C-S,all_na
,omitted,Sa_1_Fragility Database.csv,"PRJ-5910 v1, 2025-04-29",892,894,E2-S3P-C2P-S,FndRot,"Box-girder,  oblong column ",Mangalathu (2017),M17,T-E2-S34-O-S,all_na
,omitted,Sa_1_Fragility Database.csv,"PRJ-5910 v1, 2025-04-29",893,895,E2-S3P-C2P-S,FndRot,"Box-girder,  circular column",Mangalathu (2017),M17,M-E2-S34-C-S,all_na
,omitted,Sa_1_Fragility Database.csv,"PRJ-5910 v1, 2025-04-29",894,896,E2-S3P-C2P-S,FndRot,"Box-girder,  oblong column ",Mangalathu (2017),M17,M-E2-S34-O-S,all_na
,omitted,Sa_1_Fragility Database.csv,"PRJ-5910 v1, 2025-04-29",899,901,E2-S3P-C2P-S,Key,"Box-girder,  circular column",Mangalathu (2017),M17,T-E2-S34-C-S,all_na
,omitted,Sa_1_Fragility Database.csv,"PRJ-5910 v1, 2025-04-29",900,902,E2-S3P-C2P-S,Key,"Box-girder,  oblong column ",Mangalathu (2017),M17,T-E2-S34-O-S,all_na
,omitted,Sa_1_Fragility Database.csv,"PRJ-5910 v1, 2025-04-29",901,903,E2-S3P-C2P-S,Key,"Box-girder,  circular column",Mangalathu (2017),M17,M-E2-S34-C-S,all_na
,omitted,Sa_1_Fragility Database.csv,"PRJ-5910 v1, 2025-04-29",902,904,E2-S3P-C2P-S,Key,"Box-girder,  oblong column ",Mangalathu (2017),M17,M-E2-S34-O-S,all_na
,omitted,Sa_1_Fragility Database.csv,"PRJ-5910 v1, 2025-04-29",938,940,E3-S3P-C1-S,FndRot,"Box-girder,  circular column",Mangalathu (2017),M17,S-E3-S34-C-S,all_na
,omitted,Sa_1_Fragility Database.csv,"PRJ-5910 v1, 2025-04-29",939,941,E3-S3P-C1-S,FndRot,"Box-girder,  oblong column ",Mangalathu (2017),M17,S-E3-S34-O-S,all_na
,omitted,Sa_1_Fragility Database.csv,"PRJ-5910 v1, 2025-04-29",942,944,E3-S3P-C1-S,Key,"Box-girder,  circular column",Mangalathu (2017),M17,S-E3-S34-C-S,all_na
,omitted,Sa_1_Fragility Database.csv,"PRJ-5910 v1, 2025-04-29",943,945,E3-S3P-C1-S,Key,"Box-girder,  oblong column ",Mangalathu (2017),M17,S-E3-S34-O-S,all_na
,omitted,Sa_1_Fragility Database.csv,"PRJ-5910 v1, 2025-04-29",957,959,E3-S3P-C1-S,System,"Box-girder,  circular column",Soleimani (2017),S17,,duplicate
,omitted,Sa_1_Fragility Database.csv,"PRJ-5910 v1, 2025-04-29",959,961,E3-S3P-C1-S,System,"Box-girder,  oblong column ",Soleimani (2017),S17,,duplicate
,omitted,Sa_1_Fragility Database.csv,"PRJ-5910 v1, 2025-04-29",989,991,E3-S3P-C2P-S,FndRot,"Box-girder,  circular column",Mangalathu (2017),M17,T-E3-S34-C-S,all_na
,omitted,Sa_1_Fragility Database.csv,"PRJ-5910 v1, 2025-04-29",990,992,E3-S3P-C2P-S,FndRot,"Box-girder,  oblong column ",Mangalathu (2017),M17,T-E3-S34-O-S,all_na
,omitted,Sa_1_Fragility Database.csv,"PRJ-5910 v1, 2025-04-29",991,993,E3-S3P-C2P-S,FndRot,"Box-girder,  circular column",Mangalathu (2017),M17,M-E3-S34-C-S,all_na
,omitted,Sa_1_Fragility Database.csv,"PRJ-5910 v1, 2025-04-29",992,994,E3-S3P-C2P-S,FndRot,"Box-girder,  oblong column ",Mangalathu (2017),M17,M-E3-S34-O-S,all_na
,omitted,Sa_1_Fragility Database.csv,"PRJ-5910 v1, 2025-04-29",997,999,E3-S3P-C2P-S,Key,"Box-girder,  circular column",Mangalathu (2017),M17,T-E3-S34-C-S,all_na
,omitted,Sa_1_Fragility Database.csv,"PRJ-5910 v1, 2025-04-29",998,1000,E3-S3P-C2P-S,Key,"Box-girder,  oblong column ",Mangalathu (2017),M17,T-E3-S34-O-S,all_na
,omitted,Sa_1_Fragility Database.csv,"PRJ-5910 v1, 2025-04-29",999,1001,E3-S3P-C2P-S,Key,"Box-girder,  circular column",Mangalathu (2017),M17,M-E3-S34-C-S,all_na
,omitted,Sa_1_Fragility Database.csv,"PRJ-5910 v1, 2025-04-29",1000,1002,E3-S3P-C2P-S,Key,"Box-girder,  oblong column ",Mangalathu (2017),M17,M-E3-S34-O-S,all_na
