ID,Incomplete,Demand-Type,Demand-Unit,Demand-Offset,Demand-Directional,LS1-Family,LS1-Theta_0,LS1-Theta_1,LS2-Family,LS2-Theta_0,LS2-Theta_1,LS3-Family,LS3-Theta_0,LS3-Theta_1,LS4-Family,LS4-Theta_0,LS4-Theta_1
CRCB.E1.S2.C1.D.AbAct.BoxGirder.Circ.M17,0,Spectral Acceleration|1.0,g,0,0,lognormal,0.5,0.73,lognormal,1.38,0.73,,,,,,
CRCB.E1.S2.C1.D.AbAct.BoxGirder.Rect.M17,0,Spectral Acceleration|1.0,g,0,0,lognormal,0.47,0.7,lognormal,1.13,0.7,,,,,,
CRCB.E1.S2.C1.D.AbPass.BoxGirder.Circ.M17,0,Spectral Acceleration|1.0,g,0,0,lognormal,1.04,0.73,lognormal,3.47,0.73,,,,,,
CRCB.E1.S2.C1.D.AbPass.BoxGirder.Rect.M17,0,Spectral Acceleration|1.0,g,0,0,lognormal,0.91,0.71,lognormal,2.65,0.71,,,,,,
CRCB.E1.S2.C1.D.AbTran.BoxGirder.Circ.M17,0,Spectral Acceleration|1.0,g,0,0,lognormal,0.18,0.62,lognormal,0.71,0.62,,,,,,
CRCB.E1.S2.C1.D.AbTran.BoxGirder.Rect.M17,0,Spectral Acceleration|1.0,g,0,0,lognormal,0.22,0.63,lognormal,0.82,0.63,,,,,,
CRCB.E1.S2.C1.D.Approach.Cant.Slope10.SXR22,0,Spectral Acceleration|1.0,g,0,0,lognormal,0.86,0.91,lognormal,1.25,1.05,,,,,,
CRCB.E1.S2.C1.D.Approach.Cant.Step.SXR22,0,Spectral Acceleration|1.0,g,0,0,lognormal,0.71,0.86,lognormal,1,0.96,,,,,,
CRCB.E1.S2.C1.D.Approach.Pile.Slope10.SXR22,0,Spectral Acceleration|1.0,g,0,0,lognormal,0.62,0.9,lognormal,0.92,0.99,,,,,,
CRCB.E1.S2.C1.D.Approach.Pile.Step.SXR22,0,Spectral Acceleration|1.0,g,0,0,lognormal,0.53,0.8,lognormal,0.74,0.93,,,,,,
CRCB.E1.S2.C1.D.Approach.Reg.Slope10.SXR22,0,Spectral Acceleration|1.0,g,0,0,lognormal,1.33,0.89,lognormal,1.94,1.1,,,,,,
CRCB.E1.S2.C1.D.Approach.Reg.Step.SXR22,0,Spectral Acceleration|1.0,g,0,0,lognormal,1.16,0.86,lognormal,1.51,0.97,,,,,,
CRCB.E1.S2.C1.D.Column.BoxGirder.Circ.M17,0,Spectral Acceleration|1.0,g,0,0,lognormal,0.13,0.62,lognormal,0.31,0.62,lognormal,0.69,0.62,lognormal,1.05,0.62
CRCB.E1.S2.C1.D.Column.BoxGirder.Rect.M17,0,Spectral Acceleration|1.0,g,0,0,lognormal,0.21,0.66,lognormal,0.41,0.66,lognormal,0.82,0.66,lognormal,1.17,0.66
CRCB.E1.S2.C1.D.DeckMax.BoxGirder.Circ.M17,0,Spectral Acceleration|1.0,g,0,0,lognormal,0.65,0.59,lognormal,1.94,0.59,,,,,,
CRCB.E1.S2.C1.D.DeckMax.BoxGirder.Rect.M17,0,Spectral Acceleration|1.0,g,0,0,lognormal,0.73,0.59,lognormal,2.02,0.59,,,,,,
CRCB.E1.S2.C1.D.FndTran.BoxGirder.Circ.M17,0,Spectral Acceleration|1.0,g,0,0,lognormal,1.61,0.96,lognormal,11.04,0.96,,,,,,
CRCB.E1.S2.C1.D.FndTran.BoxGirder.Rect.M17,0,Spectral Acceleration|1.0,g,0,0,lognormal,1.05,0.98,lognormal,7.59,0.98,,,,,,
CRCB.E1.S2.C1.S.AbAct.BoxGirder.Circ.M17,0,Spectral Acceleration|1.0,g,0,0,lognormal,0.68,0.69,lognormal,1.69,0.69,,,,,,
CRCB.E1.S2.C1.S.AbAct.BoxGirder.Rect.M17,0,Spectral Acceleration|1.0,g,0,0,lognormal,0.69,0.74,lognormal,1.62,0.74,,,,,,
CRCB.E1.S2.C1.S.AbPass.BoxGirder.Circ.M17,0,Spectral Acceleration|1.0,g,0,0,lognormal,1.39,0.64,lognormal,4.31,0.64,,,,,,
CRCB.E1.S2.C1.S.AbPass.BoxGirder.Rect.M17,0,Spectral Acceleration|1.0,g,0,0,lognormal,1.35,0.73,lognormal,3.94,0.73,,,,,,
CRCB.E1.S2.C1.S.AbTran.BoxGirder.Circ.M17,0,Spectral Acceleration|1.0,g,0,0,lognormal,0.31,0.74,lognormal,1.38,0.74,,,,,,
CRCB.E1.S2.C1.S.AbTran.BoxGirder.Rect.M17,0,Spectral Acceleration|1.0,g,0,0,lognormal,0.38,0.68,lognormal,1.5,0.68,,,,,,
CRCB.E1.S2.C1.S.Approach.Cant.Slope10.SXR22,0,Spectral Acceleration|1.0,g,0,0,lognormal,0.86,0.91,lognormal,1.25,1.05,,,,,,
CRCB.E1.S2.C1.S.Approach.Cant.Step.SXR22,0,Spectral Acceleration|1.0,g,0,0,lognormal,0.71,0.86,lognormal,1,0.96,,,,,,
CRCB.E1.S2.C1.S.Approach.Pile.Slope10.SXR22,0,Spectral Acceleration|1.0,g,0,0,lognormal,0.62,0.9,lognormal,0.92,0.99,,,,,,
CRCB.E1.S2.C1.S.Approach.Pile.Step.SXR22,0,Spectral Acceleration|1.0,g,0,0,lognormal,0.53,0.8,lognormal,0.74,0.93,,,,,,
CRCB.E1.S2.C1.S.Approach.Reg.Slope10.SXR22,0,Spectral Acceleration|1.0,g,0,0,lognormal,1.33,0.89,lognormal,1.94,1.1,,,,,,
CRCB.E1.S2.C1.S.Approach.Reg.Step.SXR22,0,Spectral Acceleration|1.0,g,0,0,lognormal,1.16,0.86,lognormal,1.51,0.97,,,,,,
CRCB.E1.S2.C1.S.Bearing.BoxGirder.Circ.M17,0,Spectral Acceleration|1.0,g,0,0,lognormal,0.16,0.59,lognormal,0.55,0.59,,,,,,
CRCB.E1.S2.C1.S.Bearing.BoxGirder.Rect.M17,0,Spectral Acceleration|1.0,g,0,0,lognormal,0.15,0.53,lognormal,0.49,0.53,,,,,,
CRCB.E1.S2.C1.S.Column.BoxGirder.Circ.M17,0,Spectral Acceleration|1.0,g,0,0,lognormal,0.1,0.67,lognormal,0.23,0.67,lognormal,0.54,0.67,lognormal,0.83,0.67
CRCB.E1.S2.C1.S.Column.BoxGirder.Rect.M17,0,Spectral Acceleration|1.0,g,0,0,lognormal,0.12,0.61,lognormal,0.24,0.61,lognormal,0.51,0.61,lognormal,0.74,0.61
CRCB.E1.S2.C1.S.DeckMax.BoxGirder.Circ.M17,0,Spectral Acceleration|1.0,g,0,0,lognormal,0.53,0.57,lognormal,1.58,0.57,,,,,,
CRCB.E1.S2.C1.S.DeckMax.BoxGirder.Rect.M17,0,Spectral Acceleration|1.0,g,0,0,lognormal,0.49,0.51,lognormal,1.33,0.51,,,,,,
CRCB.E1.S2.C1.S.FndTran.BoxGirder.Circ.M17,0,Spectral Acceleration|1.0,g,0,0,lognormal,1.53,1.07,lognormal,12.21,1.07,,,,,,
CRCB.E1.S2.C1.S.FndTran.BoxGirder.Rect.M17,0,Spectral Acceleration|1.0,g,0,0,lognormal,0.97,1.02,lognormal,7.44,1.02,,,,,,
CRCB.E1.S2.C1.S.Key.BoxGirder.Circ.M17,0,Spectral Acceleration|1.0,g,0,0,lognormal,7.75,1.32,lognormal,59.34,1.32,,,,,,
CRCB.E1.S2.C1.S.Key.BoxGirder.Rect.M17,0,Spectral Acceleration|1.0,g,0,0,lognormal,5.41,1.19,lognormal,32.43,1.19,,,,,,
CRCB.E1.S2.C1.S.Seal.BoxGirder.Circ.M17,0,Spectral Acceleration|1.0,g,0,0,lognormal,0.3,0.59,lognormal,7.36,0.59,,,,,,
CRCB.E1.S2.C1.S.Seal.BoxGirder.Rect.M17,0,Spectral Acceleration|1.0,g,0,0,lognormal,0.28,0.53,lognormal,5.79,0.53,,,,,,
CRCB.E1.S2.C1.S.Unseating.BoxGirder.Circ.M17,0,Spectral Acceleration|1.0,g,0,0,lognormal,0.09,0.59,lognormal,0.16,0.59,lognormal,0.3,0.59,lognormal,0.43,0.59
CRCB.E1.S2.C1.S.Unseating.BoxGirder.Rect.M17,0,Spectral Acceleration|1.0,g,0,0,lognormal,0.09,0.53,lognormal,0.15,0.53,lognormal,0.28,0.53,lognormal,0.39,0.53
CRCB.E1.S2.C2P.D.AbAct.BoxGirder.MCB.Circ.M17,0,Spectral Acceleration|1.0,g,0,0,lognormal,0.43,0.65,lognormal,0.93,0.65,,,,,,
CRCB.E1.S2.C2P.D.AbAct.BoxGirder.MCB.Rect.M17,0,Spectral Acceleration|1.0,g,0,0,lognormal,0.47,0.9,lognormal,1.28,0.9,,,,,,
CRCB.E1.S2.C2P.D.AbAct.BoxGirder.TCB.Circ.M17,0,Spectral Acceleration|1.0,g,0,0,lognormal,0.35,0.73,lognormal,0.98,0.73,,,,,,
CRCB.E1.S2.C2P.D.AbAct.BoxGirder.TCB.Rect.M17,0,Spectral Acceleration|1.0,g,0,0,lognormal,0.45,0.66,lognormal,1.05,0.66,,,,,,
CRCB.E1.S2.C2P.D.AbPass.BoxGirder.MCB.Circ.M17,0,Spectral Acceleration|1.0,g,0,0,lognormal,0.77,0.65,lognormal,1.91,0.65,,,,,,
CRCB.E1.S2.C2P.D.AbPass.BoxGirder.MCB.Rect.M17,0,Spectral Acceleration|1.0,g,0,0,lognormal,0.99,0.9,lognormal,3.31,0.9,,,,,,
CRCB.E1.S2.C2P.D.AbPass.BoxGirder.TCB.Circ.M17,0,Spectral Acceleration|1.0,g,0,0,lognormal,0.75,0.72,lognormal,2.55,0.72,,,,,,
CRCB.E1.S2.C2P.D.AbPass.BoxGirder.TCB.Rect.M17,0,Spectral Acceleration|1.0,g,0,0,lognormal,0.83,0.65,lognormal,2.27,0.65,,,,,,
CRCB.E1.S2.C2P.D.AbTran.BoxGirder.MCB.Circ.M17,0,Spectral Acceleration|1.0,g,0,0,lognormal,0.12,0.69,lognormal,0.42,0.69,,,,,,
CRCB.E1.S2.C2P.D.AbTran.BoxGirder.MCB.Rect.M17,0,Spectral Acceleration|1.0,g,0,0,lognormal,0.15,0.65,lognormal,0.58,0.65,,,,,,
CRCB.E1.S2.C2P.D.AbTran.BoxGirder.TCB.Circ.M17,0,Spectral Acceleration|1.0,g,0,0,lognormal,0.11,0.58,lognormal,0.43,0.58,,,,,,
CRCB.E1.S2.C2P.D.AbTran.BoxGirder.TCB.Rect.M17,0,Spectral Acceleration|1.0,g,0,0,lognormal,0.15,0.63,lognormal,0.52,0.63,,,,,,
CRCB.E1.S2.C2P.D.Approach.Cant.Slope10.SXR22,0,Spectral Acceleration|1.0,g,0,0,lognormal,0.86,0.91,lognormal,1.25,1.05,,,,,,
CRCB.E1.S2.C2P.D.Approach.Cant.Step.SXR22,0,Spectral Acceleration|1.0,g,0,0,lognormal,0.71,0.86,lognormal,1,0.96,,,,,,
CRCB.E1.S2.C2P.D.Approach.Pile.Slope10.SXR22,0,Spectral Acceleration|1.0,g,0,0,lognormal,0.62,0.9,lognormal,0.92,0.99,,,,,,
CRCB.E1.S2.C2P.D.Approach.Pile.Step.SXR22,0,Spectral Acceleration|1.0,g,0,0,lognormal,0.53,0.8,lognormal,0.74,0.93,,,,,,
CRCB.E1.S2.C2P.D.Approach.Reg.Slope10.SXR22,0,Spectral Acceleration|1.0,g,0,0,lognormal,1.33,0.89,lognormal,1.94,1.1,,,,,,
CRCB.E1.S2.C2P.D.Approach.Reg.Step.SXR22,0,Spectral Acceleration|1.0,g,0,0,lognormal,1.16,0.86,lognormal,1.51,0.97,,,,,,
CRCB.E1.S2.C2P.D.Column.BoxGirder.MCB.Circ.M17,0,Spectral Acceleration|1.0,g,0,0,lognormal,0.07,1.11,lognormal,0.18,1.11,lognormal,0.44,1.11,lognormal,0.69,1.11
CRCB.E1.S2.C2P.D.Column.BoxGirder.MCB.Rect.M17,0,Spectral Acceleration|1.0,g,0,0,lognormal,0.06,1.36,lognormal,0.15,1.36,lognormal,0.41,1.36,lognormal,0.69,1.36
CRCB.E1.S2.C2P.D.Column.BoxGirder.TCB.Circ.M17,0,Spectral Acceleration|1.0,g,0,0,lognormal,0.08,0.71,lognormal,0.2,0.71,lognormal,0.46,0.71,lognormal,0.72,0.71
CRCB.E1.S2.C2P.D.Column.BoxGirder.TCB.Rect.M17,0,Spectral Acceleration|1.0,g,0,0,lognormal,0.11,0.75,lognormal,0.21,0.75,lognormal,0.43,0.75,lognormal,0.62,0.75
CRCB.E1.S2.C2P.D.DeckMax.BoxGirder.MCB.Circ.M17,0,Spectral Acceleration|1.0,g,0,0,lognormal,0.41,0.7,lognormal,1.1,0.7,,,,,,
CRCB.E1.S2.C2P.D.DeckMax.BoxGirder.MCB.Rect.M17,0,Spectral Acceleration|1.0,g,0,0,lognormal,0.55,0.6,lognormal,1.54,0.6,,,,,,
CRCB.E1.S2.C2P.D.DeckMax.BoxGirder.TCB.Circ.M17,0,Spectral Acceleration|1.0,g,0,0,lognormal,0.41,0.54,lognormal,1.17,0.54,,,,,,
CRCB.E1.S2.C2P.D.DeckMax.BoxGirder.TCB.Rect.M17,0,Spectral Acceleration|1.0,g,0,0,lognormal,0.52,0.62,lognormal,1.4,0.62,,,,,,
CRCB.E1.S2.C2P.D.FndTran.BoxGirder.MCB.Circ.M17,0,Spectral Acceleration|1.0,g,0,0,lognormal,2.05,0.82,lognormal,10.22,0.82,,,,,,
CRCB.E1.S2.C2P.D.FndTran.BoxGirder.MCB.Rect.M17,0,Spectral Acceleration|1.0,g,0,0,lognormal,1.75,1.08,lognormal,10.24,1.08,,,,,,
CRCB.E1.S2.C2P.D.FndTran.BoxGirder.TCB.Circ.M17,0,Spectral Acceleration|1.0,g,0,0,lognormal,2.23,0.9,lognormal,11.25,0.9,,,,,,
CRCB.E1.S2.C2P.D.FndTran.BoxGirder.TCB.Rect.M17,0,Spectral Acceleration|1.0,g,0,0,lognormal,2.98,1.09,lognormal,23.6,1.09,,,,,,
CRCB.E1.S2.C2P.S.AbAct.BoxGirder.MCB.Circ.M17,0,Spectral Acceleration|1.0,g,0,0,lognormal,0.6,0.71,lognormal,1.48,0.71,,,,,,
CRCB.E1.S2.C2P.S.AbAct.BoxGirder.MCB.Rect.M17,0,Spectral Acceleration|1.0,g,0,0,lognormal,0.62,0.77,lognormal,1.41,0.77,,,,,,
CRCB.E1.S2.C2P.S.AbAct.BoxGirder.TCB.Circ.M17,0,Spectral Acceleration|1.0,g,0,0,lognormal,0.62,0.7,lognormal,1.64,0.7,,,,,,
CRCB.E1.S2.C2P.S.AbAct.BoxGirder.TCB.Rect.M17,0,Spectral Acceleration|1.0,g,0,0,lognormal,0.57,0.8,lognormal,1.38,0.8,,,,,,
CRCB.E1.S2.C2P.S.AbPass.BoxGirder.MCB.Circ.M17,0,Spectral Acceleration|1.0,g,0,0,lognormal,1.17,0.72,lognormal,3.54,0.72,,,,,,
CRCB.E1.S2.C2P.S.AbPass.BoxGirder.MCB.Rect.M17,0,Spectral Acceleration|1.0,g,0,0,lognormal,1.18,0.71,lognormal,3.33,0.71,,,,,,
CRCB.E1.S2.C2P.S.AbPass.BoxGirder.TCB.Circ.M17,0,Spectral Acceleration|1.0,g,0,0,lognormal,1.32,0.68,lognormal,4.57,0.68,,,,,,
CRCB.E1.S2.C2P.S.AbPass.BoxGirder.TCB.Rect.M17,0,Spectral Acceleration|1.0,g,0,0,lognormal,1.25,0.74,lognormal,3.96,0.74,,,,,,
CRCB.E1.S2.C2P.S.AbTran.BoxGirder.MCB.Circ.M17,0,Spectral Acceleration|1.0,g,0,0,lognormal,0.25,0.8,lognormal,1.12,0.8,,,,,,
CRCB.E1.S2.C2P.S.AbTran.BoxGirder.MCB.Rect.M17,0,Spectral Acceleration|1.0,g,0,0,lognormal,0.34,0.7,lognormal,1.2,0.7,,,,,,
CRCB.E1.S2.C2P.S.AbTran.BoxGirder.TCB.Circ.M17,0,Spectral Acceleration|1.0,g,0,0,lognormal,0.26,0.64,lognormal,0.97,0.64,,,,,,
CRCB.E1.S2.C2P.S.AbTran.BoxGirder.TCB.Rect.M17,0,Spectral Acceleration|1.0,g,0,0,lognormal,0.29,0.68,lognormal,1.12,0.68,,,,,,
CRCB.E1.S2.C2P.S.Approach.Cant.Slope10.SXR22,0,Spectral Acceleration|1.0,g,0,0,lognormal,0.86,0.91,lognormal,1.25,1.05,,,,,,
CRCB.E1.S2.C2P.S.Approach.Cant.Step.SXR22,0,Spectral Acceleration|1.0,g,0,0,lognormal,0.71,0.86,lognormal,1,0.96,,,,,,
CRCB.E1.S2.C2P.S.Approach.Pile.Slope10.SXR22,0,Spectral Acceleration|1.0,g,0,0,lognormal,0.62,0.9,lognormal,0.92,0.99,,,,,,
CRCB.E1.S2.C2P.S.Approach.Pile.Step.SXR22,0,Spectral Acceleration|1.0,g,0,0,lognormal,0.53,0.8,lognormal,0.74,0.93,,,,,,
CRCB.E1.S2.C2P.S.Approach.Reg.Slope10.SXR22,0,Spectral Acceleration|1.0,g,0,0,lognormal,1.33,0.89,lognormal,1.94,1.1,,,,,,
CRCB.E1.S2.C2P.S.Approach.Reg.Step.SXR22,0,Spectral Acceleration|1.0,g,0,0,lognormal,1.16,0.86,lognormal,1.51,0.97,,,,,,
CRCB.E1.S2.C2P.S.Bearing.BoxGirder.MCB.Circ.M17,0,Spectral Acceleration|1.0,g,0,0,lognormal,0.11,0.48,lognormal,0.36,0.48,,,,,,
CRCB.E1.S2.C2P.S.Bearing.BoxGirder.MCB.Rect.M17,0,Spectral Acceleration|1.0,g,0,0,lognormal,0.16,0.58,lognormal,0.47,0.58,,,,,,
CRCB.E1.S2.C2P.S.Bearing.BoxGirder.TCB.Circ.M17,0,Spectral Acceleration|1.0,g,0,0,lognormal,0.11,0.58,lognormal,0.35,0.58,,,,,,
CRCB.E1.S2.C2P.S.Bearing.BoxGirder.TCB.Rect.M17,0,Spectral Acceleration|1.0,g,0,0,lognormal,0.14,0.56,lognormal,0.43,0.56,,,,,,
CRCB.E1.S2.C2P.S.Column.BoxGirder.MCB.Circ.M17,0,Spectral Acceleration|1.0,g,0,0,lognormal,0.04,1.19,lognormal,0.11,1.19,lognormal,0.29,1.19,lognormal,0.48,1.19
CRCB.E1.S2.C2P.S.Column.BoxGirder.MCB.Rect.M17,0,Spectral Acceleration|1.0,g,0,0,lognormal,0.13,0.71,lognormal,0.25,0.71,lognormal,0.49,0.71,lognormal,0.7,0.71
CRCB.E1.S2.C2P.S.Column.BoxGirder.TCB.Circ.M17,0,Spectral Acceleration|1.0,g,0,0,lognormal,0.09,0.65,lognormal,0.19,0.65,lognormal,0.41,0.65,lognormal,0.61,0.65
CRCB.E1.S2.C2P.S.Column.BoxGirder.TCB.Rect.M17,0,Spectral Acceleration|1.0,g,0,0,lognormal,0.12,0.69,lognormal,0.23,0.69,lognormal,0.45,0.69,lognormal,0.63,0.69
CRCB.E1.S2.C2P.S.DeckMax.BoxGirder.MCB.Circ.M17,0,Spectral Acceleration|1.0,g,0,0,lognormal,0.35,0.51,lognormal,0.97,0.51,,,,,,
CRCB.E1.S2.C2P.S.DeckMax.BoxGirder.MCB.Rect.M17,0,Spectral Acceleration|1.0,g,0,0,lognormal,0.46,0.55,lognormal,1.25,0.55,,,,,,
CRCB.E1.S2.C2P.S.DeckMax.BoxGirder.TCB.Circ.M17,0,Spectral Acceleration|1.0,g,0,0,lognormal,0.33,0.55,lognormal,0.87,0.55,,,,,,
CRCB.E1.S2.C2P.S.DeckMax.BoxGirder.TCB.Rect.M17,0,Spectral Acceleration|1.0,g,0,0,lognormal,0.41,0.55,lognormal,1.1,0.55,,,,,,
CRCB.E1.S2.C2P.S.FndRot.BoxGirder.MCB.Rect.M17,0,Spectral Acceleration|1.0,g,0,0,lognormal,53.72,0.49,,,,,,,,,
CRCB.E1.S2.C2P.S.FndTran.BoxGirder.MCB.Circ.M17,0,Spectral Acceleration|1.0,g,0,0,lognormal,3.3,1.13,lognormal,28.69,1.13,,,,,,
CRCB.E1.S2.C2P.S.FndTran.BoxGirder.MCB.Rect.M17,0,Spectral Acceleration|1.0,g,0,0,lognormal,0.9,0.99,lognormal,7.25,0.99,,,,,,
CRCB.E1.S2.C2P.S.FndTran.BoxGirder.TCB.Circ.M17,0,Spectral Acceleration|1.0,g,0,0,lognormal,3.4,1.08,lognormal,33.47,1.08,,,,,,
CRCB.E1.S2.C2P.S.FndTran.BoxGirder.TCB.Rect.M17,0,Spectral Acceleration|1.0,g,0,0,lognormal,0.95,1.02,lognormal,7.62,1.02,,,,,,
CRCB.E1.S2.C2P.S.Key.BoxGirder.MCB.Circ.M17,0,Spectral Acceleration|1.0,g,0,0,lognormal,6.99,1.38,lognormal,52.84,1.38,,,,,,
CRCB.E1.S2.C2P.S.Key.BoxGirder.MCB.Rect.M17,0,Spectral Acceleration|1.0,g,0,0,lognormal,6.36,1.29,lognormal,35.05,1.29,,,,,,
CRCB.E1.S2.C2P.S.Key.BoxGirder.TCB.Circ.M17,0,Spectral Acceleration|1.0,g,0,0,lognormal,7.24,1.04,lognormal,55.39,1.04,,,,,,
CRCB.E1.S2.C2P.S.Key.BoxGirder.TCB.Rect.M17,0,Spectral Acceleration|1.0,g,0,0,lognormal,5.67,1.41,lognormal,27.83,1.41,,,,,,
CRCB.E1.S2.C2P.S.Seal.BoxGirder.MCB.Circ.M17,0,Spectral Acceleration|1.0,g,0,0,lognormal,0.22,0.5,lognormal,4.83,0.5,,,,,,
CRCB.E1.S2.C2P.S.Seal.BoxGirder.MCB.Rect.M17,0,Spectral Acceleration|1.0,g,0,0,lognormal,0.28,0.58,lognormal,4.89,0.58,,,,,,
CRCB.E1.S2.C2P.S.Seal.BoxGirder.TCB.Circ.M17,0,Spectral Acceleration|1.0,g,0,0,lognormal,0.21,0.6,lognormal,4.49,0.6,,,,,,
CRCB.E1.S2.C2P.S.Seal.BoxGirder.TCB.Rect.M17,0,Spectral Acceleration|1.0,g,0,0,lognormal,0.26,0.56,lognormal,4.5,0.56,,,,,,
CRCB.E1.S2.C2P.S.Unseating.BoxGirder.MCB.Circ.M17,0,Spectral Acceleration|1.0,g,0,0,lognormal,0.07,0.5,lognormal,0.12,0.5,lognormal,0.22,0.5,lognormal,0.31,0.5
CRCB.E1.S2.C2P.S.Unseating.BoxGirder.MCB.Rect.M17,0,Spectral Acceleration|1.0,g,0,0,lognormal,0.09,0.58,lognormal,0.16,0.58,lognormal,0.28,0.58,lognormal,0.39,0.58
CRCB.E1.S2.C2P.S.Unseating.BoxGirder.TCB.Circ.M17,0,Spectral Acceleration|1.0,g,0,0,lognormal,0.07,0.6,lognormal,0.12,0.6,lognormal,0.21,0.6,lognormal,0.3,0.6
CRCB.E1.S2.C2P.S.Unseating.BoxGirder.TCB.Rect.M17,0,Spectral Acceleration|1.0,g,0,0,lognormal,0.09,0.56,lognormal,0.15,0.56,lognormal,0.26,0.56,lognormal,0.36,0.56
CRCB.E1.S3P.C1.D.AbAct.BoxGirder.Circ.M17,0,Spectral Acceleration|1.0,g,0,0,lognormal,0.46,0.68,lognormal,1.29,0.68,,,,,,
CRCB.E1.S3P.C1.D.AbAct.BoxGirder.Rect.M17,0,Spectral Acceleration|1.0,g,0,0,lognormal,0.51,0.63,lognormal,1.45,0.63,,,,,,
CRCB.E1.S3P.C1.D.AbAct.BoxGirder.Span5.MF.Circ.MCP18,0,Spectral Acceleration|1.0,g,0,0,lognormal,0.52,0.87,lognormal,1.83,0.87,,,,,,
CRCB.E1.S3P.C1.D.AbPass.BoxGirder.Circ.M17,0,Spectral Acceleration|1.0,g,0,0,lognormal,1.05,0.73,lognormal,3.66,0.73,,,,,,
CRCB.E1.S3P.C1.D.AbPass.BoxGirder.Rect.M17,0,Spectral Acceleration|1.0,g,0,0,lognormal,1.09,0.62,lognormal,3.71,0.62,,,,,,
CRCB.E1.S3P.C1.D.AbPass.BoxGirder.Span5.MF.Circ.MCP18,0,Spectral Acceleration|1.0,g,0,0,lognormal,1.86,0.88,lognormal,7.07,0.88,,,,,,
CRCB.E1.S3P.C1.D.AbTran.BoxGirder.Circ.M17,0,Spectral Acceleration|1.0,g,0,0,lognormal,0.2,0.57,lognormal,0.8,0.57,,,,,,
CRCB.E1.S3P.C1.D.AbTran.BoxGirder.Rect.M17,0,Spectral Acceleration|1.0,g,0,0,lognormal,0.29,0.6,lognormal,1.3,0.6,,,,,,
CRCB.E1.S3P.C1.D.AbTran.BoxGirder.Span5.MF.Circ.MCP18,0,Spectral Acceleration|1.0,g,0,0,lognormal,0.26,0.57,lognormal,0.91,0.57,,,,,,
CRCB.E1.S3P.C1.D.Approach.Cant.Slope10.SXR22,0,Spectral Acceleration|1.0,g,0,0,lognormal,0.86,0.91,lognormal,1.25,1.05,,,,,,
CRCB.E1.S3P.C1.D.Approach.Cant.Step.SXR22,0,Spectral Acceleration|1.0,g,0,0,lognormal,0.71,0.86,lognormal,1,0.96,,,,,,
CRCB.E1.S3P.C1.D.Approach.Pile.Slope10.SXR22,0,Spectral Acceleration|1.0,g,0,0,lognormal,0.62,0.9,lognormal,0.92,0.99,,,,,,
CRCB.E1.S3P.C1.D.Approach.Pile.Step.SXR22,0,Spectral Acceleration|1.0,g,0,0,lognormal,0.53,0.8,lognormal,0.74,0.93,,,,,,
CRCB.E1.S3P.C1.D.Approach.Reg.Slope10.SXR22,0,Spectral Acceleration|1.0,g,0,0,lognormal,1.33,0.89,lognormal,1.94,1.1,,,,,,
CRCB.E1.S3P.C1.D.Approach.Reg.Step.SXR22,0,Spectral Acceleration|1.0,g,0,0,lognormal,1.16,0.86,lognormal,1.51,0.97,,,,,,
CRCB.E1.S3P.C1.D.Bearing.BoxGirder.Span5.MF.Disc.Circ.MCP18,0,Spectral Acceleration|1.0,g,0,0,lognormal,0.65,1.4,lognormal,21.6,1.4,,,,,,
CRCB.E1.S3P.C1.D.Column.BoxGirder.Circ.M17,0,Spectral Acceleration|1.0,g,0,0,lognormal,0.14,0.7,lognormal,0.34,0.7,lognormal,0.84,0.7,lognormal,1.34,0.7
CRCB.E1.S3P.C1.D.Column.BoxGirder.Rect.M17,0,Spectral Acceleration|1.0,g,0,0,lognormal,0.06,1.32,lognormal,0.24,1.32,lognormal,0.99,1.32,lognormal,2.03,1.32
CRCB.E1.S3P.C1.D.Column.BoxGirder.Span5.MF.Circ.MCP18,0,Spectral Acceleration|1.0,g,0,0,lognormal,0.39,0.6,lognormal,0.84,0.6,lognormal,1.41,0.6,lognormal,2.84,0.6
CRCB.E1.S3P.C1.D.DeckMax.BoxGirder.Circ.M17,0,Spectral Acceleration|1.0,g,0,0,lognormal,0.76,0.57,lognormal,2.37,0.57,,,,,,
CRCB.E1.S3P.C1.D.DeckMax.BoxGirder.Rect.M17,0,Spectral Acceleration|1.0,g,0,0,lognormal,1.06,0.58,lognormal,3.47,0.58,,,,,,
CRCB.E1.S3P.C1.D.FndTran.BoxGirder.Circ.M17,0,Spectral Acceleration|1.0,g,0,0,lognormal,1.36,0.86,lognormal,8.49,0.86,,,,,,
CRCB.E1.S3P.C1.D.FndTran.BoxGirder.Rect.M17,0,Spectral Acceleration|1.0,g,0,0,lognormal,1.09,0.8,lognormal,6.96,0.8,,,,,,
CRCB.E1.S3P.C1.D.Unseating.BoxGirder.Span5.MF.Disc.Circ.MCP18,0,Spectral Acceleration|1.0,g,0,0,lognormal,3.87,1.12,lognormal,3.87,1.12,lognormal,3.87,1.12,lognormal,7.29,1.12
CRCB.E1.S3P.C1.S.AbAct.BoxGirder.Circ.M17,0,Spectral Acceleration|1.0,g,0,0,lognormal,0.74,0.73,lognormal,1.78,0.73,,,,,,
CRCB.E1.S3P.C1.S.AbAct.BoxGirder.Rect.M17,0,Spectral Acceleration|1.0,g,0,0,lognormal,0.71,0.67,lognormal,1.62,0.67,,,,,,
CRCB.E1.S3P.C1.S.AbPass.BoxGirder.Circ.M17,0,Spectral Acceleration|1.0,g,0,0,lognormal,1.47,0.72,lognormal,4.39,0.72,,,,,,
CRCB.E1.S3P.C1.S.AbPass.BoxGirder.Rect.M17,0,Spectral Acceleration|1.0,g,0,0,lognormal,1.37,0.67,lognormal,3.86,0.67,,,,,,
CRCB.E1.S3P.C1.S.AbTran.BoxGirder.Circ.M17,0,Spectral Acceleration|1.0,g,0,0,lognormal,0.34,0.67,lognormal,1.38,0.67,,,,,,
CRCB.E1.S3P.C1.S.AbTran.BoxGirder.Rect.M17,0,Spectral Acceleration|1.0,g,0,0,lognormal,0.54,0.88,lognormal,2.8,0.88,,,,,,
CRCB.E1.S3P.C1.S.Approach.Cant.Slope10.SXR22,0,Spectral Acceleration|1.0,g,0,0,lognormal,0.86,0.91,lognormal,1.25,1.05,,,,,,
CRCB.E1.S3P.C1.S.Approach.Cant.Step.SXR22,0,Spectral Acceleration|1.0,g,0,0,lognormal,0.71,0.86,lognormal,1,0.96,,,,,,
CRCB.E1.S3P.C1.S.Approach.Pile.Slope10.SXR22,0,Spectral Acceleration|1.0,g,0,0,lognormal,0.62,0.9,lognormal,0.92,0.99,,,,,,
CRCB.E1.S3P.C1.S.Approach.Pile.Step.SXR22,0,Spectral Acceleration|1.0,g,0,0,lognormal,0.53,0.8,lognormal,0.74,0.93,,,,,,
CRCB.E1.S3P.C1.S.Approach.Reg.Slope10.SXR22,0,Spectral Acceleration|1.0,g,0,0,lognormal,1.33,0.89,lognormal,1.94,1.1,,,,,,
CRCB.E1.S3P.C1.S.Approach.Reg.Step.SXR22,0,Spectral Acceleration|1.0,g,0,0,lognormal,1.16,0.86,lognormal,1.51,0.97,,,,,,
CRCB.E1.S3P.C1.S.Bearing.BoxGirder.Circ.M17,0,Spectral Acceleration|1.0,g,0,0,lognormal,0.22,0.5,lognormal,0.71,0.5,,,,,,
CRCB.E1.S3P.C1.S.Bearing.BoxGirder.Rect.M17,0,Spectral Acceleration|1.0,g,0,0,lognormal,0.18,0.49,lognormal,0.61,0.49,,,,,,
CRCB.E1.S3P.C1.S.Column.BoxGirder.Circ.M17,0,Spectral Acceleration|1.0,g,0,0,lognormal,0.12,0.58,lognormal,0.28,0.58,lognormal,0.63,0.58,lognormal,0.96,0.58
CRCB.E1.S3P.C1.S.Column.BoxGirder.Rect.M17,0,Spectral Acceleration|1.0,g,0,0,lognormal,0.06,1.07,lognormal,0.17,1.07,lognormal,0.5,1.07,lognormal,0.88,1.07
CRCB.E1.S3P.C1.S.DeckMax.BoxGirder.Circ.M17,0,Spectral Acceleration|1.0,g,0,0,lognormal,0.68,0.48,lognormal,1.99,0.48,,,,,,
CRCB.E1.S3P.C1.S.DeckMax.BoxGirder.Rect.M17,0,Spectral Acceleration|1.0,g,0,0,lognormal,0.61,0.51,lognormal,1.82,0.51,,,,,,
CRCB.E1.S3P.C1.S.FndTran.BoxGirder.Circ.M17,0,Spectral Acceleration|1.0,g,0,0,lognormal,1.24,0.81,lognormal,7.07,0.81,,,,,,
CRCB.E1.S3P.C1.S.FndTran.BoxGirder.Rect.M17,0,Spectral Acceleration|1.0,g,0,0,lognormal,1.59,0.95,lognormal,12.69,0.95,,,,,,
CRCB.E1.S3P.C1.S.Key.BoxGirder.Circ.M17,0,Spectral Acceleration|1.0,g,0,0,lognormal,3.98,1.04,lognormal,18.68,1.04,,,,,,
CRCB.E1.S3P.C1.S.Key.BoxGirder.Rect.M17,0,Spectral Acceleration|1.0,g,0,0,lognormal,5.7,1.14,lognormal,32.67,1.14,,,,,,
CRCB.E1.S3P.C1.S.Seal.BoxGirder.Circ.M17,0,Spectral Acceleration|1.0,g,0,0,lognormal,0.4,0.5,lognormal,8.12,0.5,,,,,,
CRCB.E1.S3P.C1.S.Seal.BoxGirder.Rect.M17,0,Spectral Acceleration|1.0,g,0,0,lognormal,0.33,0.49,lognormal,8,0.49,,,,,,
CRCB.E1.S3P.C1.S.Unseating.BoxGirder.Circ.M17,0,Spectral Acceleration|1.0,g,0,0,lognormal,0.13,0.5,lognormal,0.22,0.5,lognormal,0.4,0.5,lognormal,0.56,0.5
CRCB.E1.S3P.C1.S.Unseating.BoxGirder.Rect.M17,0,Spectral Acceleration|1.0,g,0,0,lognormal,0.1,0.49,lognormal,0.18,0.49,lognormal,0.33,0.49,lognormal,0.47,0.49
CRCB.E1.S3P.C2P.D.AbAct.BoxGirder.MCB.Circ.M17,0,Spectral Acceleration|1.0,g,0,0,lognormal,0.41,0.62,lognormal,1.08,0.62,,,,,,
CRCB.E1.S3P.C2P.D.AbAct.BoxGirder.MCB.Rect.M17,0,Spectral Acceleration|1.0,g,0,0,lognormal,0.41,0.62,lognormal,1.08,0.62,,,,,,
CRCB.E1.S3P.C2P.D.AbAct.BoxGirder.TCB.Circ.M17,0,Spectral Acceleration|1.0,g,0,0,lognormal,0.35,0.57,lognormal,0.9,0.57,,,,,,
CRCB.E1.S3P.C2P.D.AbAct.BoxGirder.TCB.Rect.M17,0,Spectral Acceleration|1.0,g,0,0,lognormal,0.43,0.63,lognormal,1.08,0.63,,,,,,
CRCB.E1.S3P.C2P.D.AbPass.BoxGirder.MCB.Circ.M17,0,Spectral Acceleration|1.0,g,0,0,lognormal,0.81,0.6,lognormal,2.52,0.6,,,,,,
CRCB.E1.S3P.C2P.D.AbPass.BoxGirder.MCB.Rect.M17,0,Spectral Acceleration|1.0,g,0,0,lognormal,0.81,0.6,lognormal,2.52,0.6,,,,,,
CRCB.E1.S3P.C2P.D.AbPass.BoxGirder.TCB.Circ.M17,0,Spectral Acceleration|1.0,g,0,0,lognormal,0.71,0.56,lognormal,2.15,0.56,,,,,,
CRCB.E1.S3P.C2P.D.AbPass.BoxGirder.TCB.Rect.M17,0,Spectral Acceleration|1.0,g,0,0,lognormal,0.86,0.63,lognormal,2.58,0.63,,,,,,
CRCB.E1.S3P.C2P.D.AbTran.BoxGirder.MCB.Circ.M17,0,Spectral Acceleration|1.0,g,0,0,lognormal,0.17,0.46,lognormal,0.6,0.46,,,,,,
CRCB.E1.S3P.C2P.D.AbTran.BoxGirder.MCB.Rect.M17,0,Spectral Acceleration|1.0,g,0,0,lognormal,0.17,0.46,lognormal,0.6,0.46,,,,,,
CRCB.E1.S3P.C2P.D.AbTran.BoxGirder.TCB.Circ.M17,0,Spectral Acceleration|1.0,g,0,0,lognormal,0.11,0.59,lognormal,0.46,0.59,,,,,,
CRCB.E1.S3P.C2P.D.AbTran.BoxGirder.TCB.Rect.M17,0,Spectral Acceleration|1.0,g,0,0,lognormal,0.15,0.55,lognormal,0.58,0.55,,,,,,
CRCB.E1.S3P.C2P.D.Approach.Cant.Slope10.SXR22,0,Spectral Acceleration|1.0,g,0,0,lognormal,0.86,0.91,lognormal,1.25,1.05,,,,,,
CRCB.E1.S3P.C2P.D.Approach.Cant.Step.SXR22,0,Spectral Acceleration|1.0,g,0,0,lognormal,0.71,0.86,lognormal,1,0.96,,,,,,
CRCB.E1.S3P.C2P.D.Approach.Pile.Slope10.SXR22,0,Spectral Acceleration|1.0,g,0,0,lognormal,0.62,0.9,lognormal,0.92,0.99,,,,,,
CRCB.E1.S3P.C2P.D.Approach.Pile.Step.SXR22,0,Spectral Acceleration|1.0,g,0,0,lognormal,0.53,0.8,lognormal,0.74,0.93,,,,,,
CRCB.E1.S3P.C2P.D.Approach.Reg.Slope10.SXR22,0,Spectral Acceleration|1.0,g,0,0,lognormal,1.33,0.89,lognormal,1.94,1.1,,,,,,
CRCB.E1.S3P.C2P.D.Approach.Reg.Step.SXR22,0,Spectral Acceleration|1.0,g,0,0,lognormal,1.16,0.86,lognormal,1.51,0.97,,,,,,
CRCB.E1.S3P.C2P.D.Column.BoxGirder.MCB.Circ.M17,0,Spectral Acceleration|1.0,g,0,0,lognormal,0.01,1.13,lognormal,0.04,1.13,lognormal,0.19,1.13,lognormal,0.4,1.13
CRCB.E1.S3P.C2P.D.Column.BoxGirder.MCB.Rect.M17,0,Spectral Acceleration|1.0,g,0,0,lognormal,0.01,1.13,lognormal,0.04,1.13,lognormal,0.19,1.13,lognormal,0.4,1.13
CRCB.E1.S3P.C2P.D.Column.BoxGirder.TCB.Circ.M17,0,Spectral Acceleration|1.0,g,0,0,lognormal,0.06,0.89,lognormal,0.15,0.89,lognormal,0.36,0.89,lognormal,0.56,0.89
CRCB.E1.S3P.C2P.D.Column.BoxGirder.TCB.Rect.M17,0,Spectral Acceleration|1.0,g,0,0,lognormal,0.07,0.91,lognormal,0.17,0.91,lognormal,0.41,0.91,lognormal,0.66,0.91
CRCB.E1.S3P.C2P.D.DeckMax.BoxGirder.MCB.Circ.M17,0,Spectral Acceleration|1.0,g,0,0,lognormal,0.54,0.46,lognormal,1.42,0.46,,,,,,
CRCB.E1.S3P.C2P.D.DeckMax.BoxGirder.MCB.Rect.M17,0,Spectral Acceleration|1.0,g,0,0,lognormal,0.54,0.46,lognormal,1.42,0.46,,,,,,
CRCB.E1.S3P.C2P.D.DeckMax.BoxGirder.TCB.Circ.M17,0,Spectral Acceleration|1.0,g,0,0,lognormal,0.44,0.57,lognormal,1.31,0.57,,,,,,
CRCB.E1.S3P.C2P.D.DeckMax.BoxGirder.TCB.Rect.M17,0,Spectral Acceleration|1.0,g,0,0,lognormal,0.54,0.53,lognormal,1.57,0.53,,,,,,
CRCB.E1.S3P.C2P.D.FndTran.BoxGirder.MCB.Circ.M17,0,Spectral Acceleration|1.0,g,0,0,lognormal,3.68,1.05,lognormal,34.68,1.05,,,,,,
CRCB.E1.S3P.C2P.D.FndTran.BoxGirder.MCB.Rect.M17,0,Spectral Acceleration|1.0,g,0,0,lognormal,3.68,1.05,lognormal,34.68,1.05,,,,,,
CRCB.E1.S3P.C2P.D.FndTran.BoxGirder.TCB.Circ.M17,0,Spectral Acceleration|1.0,g,0,0,lognormal,1.72,0.9,lognormal,8.84,0.9,,,,,,
CRCB.E1.S3P.C2P.D.FndTran.BoxGirder.TCB.Rect.M17,0,Spectral Acceleration|1.0,g,0,0,lognormal,3.86,0.93,lognormal,37.46,0.93,,,,,,
CRCB.E1.S3P.C2P.S.AbAct.BoxGirder.MCB.Circ.M17,0,Spectral Acceleration|1.0,g,0,0,lognormal,0.75,0.99,lognormal,1.67,0.99,,,,,,
CRCB.E1.S3P.C2P.S.AbAct.BoxGirder.MCB.Rect.M17,0,Spectral Acceleration|1.0,g,0,0,lognormal,0.75,0.99,lognormal,1.67,0.99,,,,,,
CRCB.E1.S3P.C2P.S.AbAct.BoxGirder.TCB.Circ.M17,0,Spectral Acceleration|1.0,g,0,0,lognormal,0.54,0.78,lognormal,1.28,0.78,,,,,,
CRCB.E1.S3P.C2P.S.AbAct.BoxGirder.TCB.Rect.M17,0,Spectral Acceleration|1.0,g,0,0,lognormal,0.54,0.65,lognormal,1.29,0.65,,,,,,
CRCB.E1.S3P.C2P.S.AbPass.BoxGirder.MCB.Circ.M17,0,Spectral Acceleration|1.0,g,0,0,lognormal,1.55,1.01,lognormal,4.35,1.01,,,,,,
CRCB.E1.S3P.C2P.S.AbPass.BoxGirder.MCB.Rect.M17,0,Spectral Acceleration|1.0,g,0,0,lognormal,1.55,1.01,lognormal,4.35,1.01,,,,,,
CRCB.E1.S3P.C2P.S.AbPass.BoxGirder.TCB.Circ.M17,0,Spectral Acceleration|1.0,g,0,0,lognormal,1.06,0.64,lognormal,3.31,0.64,,,,,,
CRCB.E1.S3P.C2P.S.AbPass.BoxGirder.TCB.Rect.M17,0,Spectral Acceleration|1.0,g,0,0,lognormal,1.09,0.6,lognormal,3.18,0.6,,,,,,
CRCB.E1.S3P.C2P.S.AbTran.BoxGirder.MCB.Circ.M17,0,Spectral Acceleration|1.0,g,0,0,lognormal,0.22,0.6,lognormal,0.71,0.6,,,,,,
CRCB.E1.S3P.C2P.S.AbTran.BoxGirder.MCB.Rect.M17,0,Spectral Acceleration|1.0,g,0,0,lognormal,0.22,0.6,lognormal,0.71,0.6,,,,,,
CRCB.E1.S3P.C2P.S.AbTran.BoxGirder.TCB.Circ.M17,0,Spectral Acceleration|1.0,g,0,0,lognormal,0.24,0.78,lognormal,0.95,0.78,,,,,,
CRCB.E1.S3P.C2P.S.AbTran.BoxGirder.TCB.Rect.M17,0,Spectral Acceleration|1.0,g,0,0,lognormal,0.29,0.7,lognormal,1.14,0.7,,,,,,
CRCB.E1.S3P.C2P.S.Approach.Cant.Slope10.SXR22,0,Spectral Acceleration|1.0,g,0,0,lognormal,0.86,0.91,lognormal,1.25,1.05,,,,,,
CRCB.E1.S3P.C2P.S.Approach.Cant.Step.SXR22,0,Spectral Acceleration|1.0,g,0,0,lognormal,0.71,0.86,lognormal,1,0.96,,,,,,
CRCB.E1.S3P.C2P.S.Approach.Pile.Slope10.SXR22,0,Spectral Acceleration|1.0,g,0,0,lognormal,0.62,0.9,lognormal,0.92,0.99,,,,,,
CRCB.E1.S3P.C2P.S.Approach.Pile.Step.SXR22,0,Spectral Acceleration|1.0,g,0,0,lognormal,0.53,0.8,lognormal,0.74,0.93,,,,,,
CRCB.E1.S3P.C2P.S.Approach.Reg.Slope10.SXR22,0,Spectral Acceleration|1.0,g,0,0,lognormal,1.33,0.89,lognormal,1.94,1.1,,,,,,
CRCB.E1.S3P.C2P.S.Approach.Reg.Step.SXR22,0,Spectral Acceleration|1.0,g,0,0,lognormal,1.16,0.86,lognormal,1.51,0.97,,,,,,
CRCB.E1.S3P.C2P.S.Bearing.BoxGirder.MCB.Circ.M17,0,Spectral Acceleration|1.0,g,0,0,lognormal,0.16,0.54,lognormal,0.5,0.54,,,,,,
CRCB.E1.S3P.C2P.S.Bearing.BoxGirder.MCB.Rect.M17,0,Spectral Acceleration|1.0,g,0,0,lognormal,0.16,0.54,lognormal,0.5,0.54,,,,,,
CRCB.E1.S3P.C2P.S.Bearing.BoxGirder.TCB.Circ.M17,0,Spectral Acceleration|1.0,g,0,0,lognormal,0.15,0.52,lognormal,0.44,0.52,,,,,,
CRCB.E1.S3P.C2P.S.Bearing.BoxGirder.TCB.Rect.M17,0,Spectral Acceleration|1.0,g,0,0,lognormal,0.13,0.56,lognormal,0.47,0.56,,,,,,
CRCB.E1.S3P.C2P.S.Column.BoxGirder.MCB.Circ.M17,0,Spectral Acceleration|1.0,g,0,0,lognormal,0.01,1.36,lognormal,0.02,1.36,lognormal,0.11,1.36,lognormal,0.24,1.36
CRCB.E1.S3P.C2P.S.Column.BoxGirder.MCB.Rect.M17,0,Spectral Acceleration|1.0,g,0,0,lognormal,0.01,1.36,lognormal,0.02,1.36,lognormal,0.11,1.36,lognormal,0.24,1.36
CRCB.E1.S3P.C2P.S.Column.BoxGirder.TCB.Circ.M17,0,Spectral Acceleration|1.0,g,0,0,lognormal,0.06,0.9,lognormal,0.13,0.9,lognormal,0.29,0.9,lognormal,0.44,0.9
CRCB.E1.S3P.C2P.S.Column.BoxGirder.TCB.Rect.M17,0,Spectral Acceleration|1.0,g,0,0,lognormal,0.02,1.1,lognormal,0.08,1.1,lognormal,0.26,1.1,lognormal,0.49,1.1
CRCB.E1.S3P.C2P.S.DeckMax.BoxGirder.MCB.Circ.M17,0,Spectral Acceleration|1.0,g,0,0,lognormal,0.45,0.45,lognormal,1.23,0.45,,,,,,
CRCB.E1.S3P.C2P.S.DeckMax.BoxGirder.MCB.Rect.M17,0,Spectral Acceleration|1.0,g,0,0,lognormal,0.45,0.45,lognormal,1.23,0.45,,,,,,
CRCB.E1.S3P.C2P.S.DeckMax.BoxGirder.TCB.Circ.M17,0,Spectral Acceleration|1.0,g,0,0,lognormal,0.39,0.58,lognormal,1.01,0.58,,,,,,
CRCB.E1.S3P.C2P.S.DeckMax.BoxGirder.TCB.Rect.M17,0,Spectral Acceleration|1.0,g,0,0,lognormal,0.45,0.54,lognormal,1.33,0.54,,,,,,
CRCB.E1.S3P.C2P.S.FndTran.BoxGirder.MCB.Circ.M17,0,Spectral Acceleration|1.0,g,0,0,lognormal,3.54,1.3,lognormal,28.44,1.3,,,,,,
CRCB.E1.S3P.C2P.S.FndTran.BoxGirder.MCB.Rect.M17,0,Spectral Acceleration|1.0,g,0,0,lognormal,3.54,1.3,lognormal,28.44,1.3,,,,,,
CRCB.E1.S3P.C2P.S.FndTran.BoxGirder.TCB.Circ.M17,0,Spectral Acceleration|1.0,g,0,0,lognormal,2.93,0.87,lognormal,18.56,0.87,,,,,,
CRCB.E1.S3P.C2P.S.FndTran.BoxGirder.TCB.Rect.M17,0,Spectral Acceleration|1.0,g,0,0,lognormal,5.04,1.29,lognormal,86.51,1.29,,,,,,
CRCB.E1.S3P.C2P.S.Key.BoxGirder.MCB.Circ.M17,0,Spectral Acceleration|1.0,g,0,0,lognormal,15.07,1.94,,,,,,,,,
CRCB.E1.S3P.C2P.S.Key.BoxGirder.MCB.Rect.M17,0,Spectral Acceleration|1.0,g,0,0,lognormal,15.07,1.94,,,,,,,,,
CRCB.E1.S3P.C2P.S.Key.BoxGirder.TCB.Circ.M17,0,Spectral Acceleration|1.0,g,0,0,lognormal,3.12,0.99,lognormal,12.03,0.99,,,,,,
CRCB.E1.S3P.C2P.S.Key.BoxGirder.TCB.Rect.M17,0,Spectral Acceleration|1.0,g,0,0,lognormal,24.57,1.96,,,,,,,,,
CRCB.E1.S3P.C2P.S.Seal.BoxGirder.MCB.Circ.M17,0,Spectral Acceleration|1.0,g,0,0,lognormal,0.32,0.58,lognormal,5.58,0.58,,,,,,
CRCB.E1.S3P.C2P.S.Seal.BoxGirder.MCB.Rect.M17,0,Spectral Acceleration|1.0,g,0,0,lognormal,0.32,0.58,lognormal,5.58,0.58,,,,,,
CRCB.E1.S3P.C2P.S.Seal.BoxGirder.TCB.Circ.M17,0,Spectral Acceleration|1.0,g,0,0,lognormal,0.27,0.51,lognormal,4.34,0.51,,,,,,
CRCB.E1.S3P.C2P.S.Seal.BoxGirder.TCB.Rect.M17,0,Spectral Acceleration|1.0,g,0,0,lognormal,0.27,0.56,lognormal,7.18,0.56,,,,,,
CRCB.E1.S3P.C2P.S.Unseating.BoxGirder.MCB.Circ.M17,0,Spectral Acceleration|1.0,g,0,0,lognormal,0.11,0.58,lognormal,0.18,0.58,lognormal,0.32,0.58,lognormal,0.44,0.58
CRCB.E1.S3P.C2P.S.Unseating.BoxGirder.MCB.Rect.M17,0,Spectral Acceleration|1.0,g,0,0,lognormal,0.11,0.58,lognormal,0.18,0.58,lognormal,0.32,0.58,lognormal,0.44,0.58
CRCB.E1.S3P.C2P.S.Unseating.BoxGirder.TCB.Circ.M17,0,Spectral Acceleration|1.0,g,0,0,lognormal,0.09,0.51,lognormal,0.16,0.51,lognormal,0.27,0.51,lognormal,0.37,0.51
CRCB.E1.S3P.C2P.S.Unseating.BoxGirder.TCB.Rect.M17,0,Spectral Acceleration|1.0,g,0,0,lognormal,0.08,0.56,lognormal,0.14,0.56,lognormal,0.27,0.56,lognormal,0.39,0.56
CRCB.E123.S1.C0.D.AbAct.Slab.Mod1.CPR22,0,Spectral Acceleration|1.0,g,0,0,lognormal,7.7179,0.95,lognormal,26.9499,0.95,,,,,,
CRCB.E123.S1.C0.D.AbAct.Slab.Mod23.CPR22,0,Spectral Acceleration|1.0,g,0,0,lognormal,7.1993,1.17,lognormal,32.574,1.17,,,,,,
CRCB.E123.S1.C0.D.AbAct.TBeam.Mod1.CPR22,0,Spectral Acceleration|1.0,g,0,0,lognormal,9.1371,0.77,lognormal,32.5514,0.77,,,,,,
CRCB.E123.S1.C0.D.AbAct.TBeam.Mod23.CPR22,0,Spectral Acceleration|1.0,g,0,0,lognormal,8.5224,0.9477,lognormal,39.3468,0.9477,,,,,,
CRCB.E123.S1.C0.D.AbPass.Slab.Mod1.CPR22,0,Spectral Acceleration|1.0,g,0,0,lognormal,17.633,1,lognormal,76.8315,1,,,,,,
CRCB.E123.S1.C0.D.AbPass.Slab.Mod23.CPR22,0,Spectral Acceleration|1.0,g,0,0,lognormal,19.3394,1.19,lognormal,108.7326,1.19,,,,,,
CRCB.E123.S1.C0.D.AbPass.TBeam.Mod1.CPR22,0,Spectral Acceleration|1.0,g,0,0,lognormal,19.6906,0.8205,lognormal,86.444,0.8205,,,,,,
CRCB.E123.S1.C0.D.AbPass.TBeam.Mod23.CPR22,0,Spectral Acceleration|1.0,g,0,0,lognormal,21.6017,0.9725,lognormal,122.333,0.9725,,,,,,
CRCB.E123.S1.C0.D.AbTran.Slab.Mod1.CPR22,0,Spectral Acceleration|1.0,g,0,0,lognormal,6.26,0.9,lognormal,37.09,0.89,,,,,,
CRCB.E123.S1.C0.D.AbTran.Slab.Mod23.CPR22,0,Spectral Acceleration|1.0,g,0,0,lognormal,4.77,1.31,lognormal,49.94,1.3,,,,,,
CRCB.E123.S1.C0.D.AbTran.TBeam.Mod1.CPR22,0,Spectral Acceleration|1.0,g,0,0,lognormal,4.17,0.66,lognormal,21.22,0.66,,,,,,
CRCB.E123.S1.C0.D.AbTran.TBeam.Mod23.CPR22,0,Spectral Acceleration|1.0,g,0,0,lognormal,3.18,0.96,lognormal,28.58,0.96,,,,,,
CRCB.E123.S1.C0.D.Approach.Cant.Slope10.SXR22,0,Spectral Acceleration|1.0,g,0,0,lognormal,0.86,0.91,lognormal,1.25,1.05,,,,,,
CRCB.E123.S1.C0.D.Approach.Cant.Step.SXR22,0,Spectral Acceleration|1.0,g,0,0,lognormal,0.71,0.86,lognormal,1,0.96,,,,,,
CRCB.E123.S1.C0.D.Approach.Pile.Slope10.SXR22,0,Spectral Acceleration|1.0,g,0,0,lognormal,0.62,0.9,lognormal,0.92,0.99,,,,,,
CRCB.E123.S1.C0.D.Approach.Pile.Step.SXR22,0,Spectral Acceleration|1.0,g,0,0,lognormal,0.53,0.8,lognormal,0.74,0.93,,,,,,
CRCB.E123.S1.C0.D.Approach.Reg.Slope10.SXR22,0,Spectral Acceleration|1.0,g,0,0,lognormal,1.33,0.89,lognormal,1.94,1.1,,,,,,
CRCB.E123.S1.C0.D.Approach.Reg.Step.SXR22,0,Spectral Acceleration|1.0,g,0,0,lognormal,1.16,0.86,lognormal,1.51,0.97,,,,,,
CRCB.E123.S1.C0.S.AbAct.Slab.CPR22,0,Spectral Acceleration|1.0,g,0,0,lognormal,10.9,0.95,lognormal,35.6,0.95,,,,,,
CRCB.E123.S1.C0.S.AbAct.TBeam.CPR22,0,Spectral Acceleration|1.0,g,0,0,lognormal,12.9,0.77,lognormal,43,0.77,,,,,,
CRCB.E123.S1.C0.S.AbPass.Slab.CPR22,0,Spectral Acceleration|1.0,g,0,0,lognormal,24.8,0.95,lognormal,104,0.95,,,,,,
CRCB.E123.S1.C0.S.AbPass.TBeam.CPR22,0,Spectral Acceleration|1.0,g,0,0,lognormal,27.7,0.78,lognormal,117,0.78,,,,,,
CRCB.E123.S1.C0.S.AbTran.Slab.CPR22,0,Spectral Acceleration|1.0,g,0,0,lognormal,10.8,1.02,lognormal,69.9,1.01,,,,,,
CRCB.E123.S1.C0.S.AbTran.TBeam.CPR22,0,Spectral Acceleration|1.0,g,0,0,lognormal,7.2,0.75,lognormal,40,0.75,,,,,,
CRCB.E123.S1.C0.S.Approach.Cant.Slope10.SXR22,0,Spectral Acceleration|1.0,g,0,0,lognormal,0.86,0.91,lognormal,1.25,1.05,,,,,,
CRCB.E123.S1.C0.S.Approach.Cant.Step.SXR22,0,Spectral Acceleration|1.0,g,0,0,lognormal,0.71,0.86,lognormal,1,0.96,,,,,,
CRCB.E123.S1.C0.S.Approach.Pile.Slope10.SXR22,0,Spectral Acceleration|1.0,g,0,0,lognormal,0.62,0.9,lognormal,0.92,0.99,,,,,,
CRCB.E123.S1.C0.S.Approach.Pile.Step.SXR22,0,Spectral Acceleration|1.0,g,0,0,lognormal,0.53,0.8,lognormal,0.74,0.93,,,,,,
CRCB.E123.S1.C0.S.Approach.Reg.Slope10.SXR22,0,Spectral Acceleration|1.0,g,0,0,lognormal,1.33,0.89,lognormal,1.94,1.1,,,,,,
CRCB.E123.S1.C0.S.Approach.Reg.Step.SXR22,0,Spectral Acceleration|1.0,g,0,0,lognormal,1.16,0.86,lognormal,1.51,0.97,,,,,,
CRCB.E123.S1.C0.S.Bearing.Slab.Lng.CPR22,0,Spectral Acceleration|1.0,g,0,0,lognormal,0.11,0.64,lognormal,0.4,0.64,,,,,,
CRCB.E123.S1.C0.S.Bearing.Slab.Trn.CPR22,0,Spectral Acceleration|1.0,g,0,0,lognormal,0.11,0.73,lognormal,0.42,0.73,,,,,,
CRCB.E123.S1.C0.S.Bearing.TBeam.Lng.CPR22,0,Spectral Acceleration|1.0,g,0,0,lognormal,0.1,0.61,lognormal,0.37,0.61,,,,,,
CRCB.E123.S1.C0.S.Bearing.TBeam.Trn.CPR22,0,Spectral Acceleration|1.0,g,0,0,lognormal,0.1,0.64,lognormal,0.36,0.64,,,,,,
CRCB.E123.S1.C0.S.Unseating.Slab.CPR22,0,Spectral Acceleration|1.0,g,0,0,lognormal,0.94,0.73,lognormal,0.94,0.73,lognormal,0.94,0.73,lognormal,1.55,0.73
CRCB.E123.S1.C0.S.Unseating.TBeam.CPR22,0,Spectral Acceleration|1.0,g,0,0,lognormal,0.8,0.64,lognormal,0.8,0.64,lognormal,0.8,0.64,lognormal,1.3,0.64
CRCB.E2.S2.C1.D.AbAct.BoxGirder.Circ.M17,0,Spectral Acceleration|1.0,g,0,0,lognormal,0.5,0.74,lognormal,1.36,0.74,,,,,,
CRCB.E2.S2.C1.D.AbAct.BoxGirder.Obl.M17,0,Spectral Acceleration|1.0,g,0,0,lognormal,0.42,0.78,lognormal,1.23,0.78,,,,,,
CRCB.E2.S2.C1.D.AbPass.BoxGirder.Circ.M17,0,Spectral Acceleration|1.0,g,0,0,lognormal,1.05,0.73,lognormal,3.3,0.73,,,,,,
CRCB.E2.S2.C1.D.AbPass.BoxGirder.Obl.M17,0,Spectral Acceleration|1.0,g,0,0,lognormal,0.94,0.78,lognormal,3.35,0.78,,,,,,
CRCB.E2.S2.C1.D.AbTran.BoxGirder.Circ.M17,0,Spectral Acceleration|1.0,g,0,0,lognormal,0.17,0.71,lognormal,0.69,0.71,,,,,,
CRCB.E2.S2.C1.D.AbTran.BoxGirder.Obl.M17,0,Spectral Acceleration|1.0,g,0,0,lognormal,0.17,0.64,lognormal,0.79,0.64,,,,,,
CRCB.E2.S2.C1.D.Approach.Pile.Slope30.SXR22,0,Spectral Acceleration|1.0,g,0,0,lognormal,1.31,1.2,lognormal,4.17,1.6,,,,,,
CRCB.E2.S2.C1.D.Approach.Pile.Slope45.SXR22,0,Spectral Acceleration|1.0,g,0,0,lognormal,2.28,1.38,,,,,,,,,
CRCB.E2.S2.C1.D.Approach.Pile.Step.SXR22,0,Spectral Acceleration|1.0,g,0,0,lognormal,0.53,0.8,lognormal,0.74,0.93,,,,,,
CRCB.E2.S2.C1.D.Approach.Reg.Slope30.SXR22,0,Spectral Acceleration|1.0,g,0,0,lognormal,3.08,1.27,,,,,,,,,
CRCB.E2.S2.C1.D.Approach.Reg.Slope45.SXR22,0,Spectral Acceleration|1.0,g,0,0,lognormal,5.14,1.34,,,,,,,,,
CRCB.E2.S2.C1.D.Approach.Reg.Step.SXR22,0,Spectral Acceleration|1.0,g,0,0,lognormal,1.16,0.86,lognormal,1.51,0.97,,,,,,
CRCB.E2.S2.C1.D.Column.BoxGirder.Circ.M17,0,Spectral Acceleration|1.0,g,0,0,lognormal,0.23,0.69,lognormal,0.95,0.69,lognormal,1.44,0.69,lognormal,1.92,0.69
CRCB.E2.S2.C1.D.Column.BoxGirder.Obl.M17,0,Spectral Acceleration|1.0,g,0,0,lognormal,0.3,0.73,lognormal,1.48,0.73,lognormal,2.36,0.73,lognormal,3.24,0.73
CRCB.E2.S2.C1.D.DeckMax.BoxGirder.Circ.M17,0,Spectral Acceleration|1.0,g,0,0,lognormal,0.65,0.68,lognormal,1.96,0.68,,,,,,
CRCB.E2.S2.C1.D.DeckMax.BoxGirder.Obl.M17,0,Spectral Acceleration|1.0,g,0,0,lognormal,0.73,0.63,lognormal,2.52,0.63,,,,,,
CRCB.E2.S2.C1.D.FndTran.BoxGirder.Circ.M17,0,Spectral Acceleration|1.0,g,0,0,lognormal,1.72,1.14,lognormal,12.95,1.14,,,,,,
CRCB.E2.S2.C1.D.FndTran.BoxGirder.Obl.M17,0,Spectral Acceleration|1.0,g,0,0,lognormal,1.03,1,lognormal,7.89,1,,,,,,
CRCB.E2.S2.C1.S.AbAct.BoxGirder.Circ.M17,0,Spectral Acceleration|1.0,g,0,0,lognormal,0.73,0.64,lognormal,1.48,0.64,,,,,,
CRCB.E2.S2.C1.S.AbAct.BoxGirder.Obl.M17,0,Spectral Acceleration|1.0,g,0,0,lognormal,0.66,0.6,lognormal,1.35,0.6,,,,,,
CRCB.E2.S2.C1.S.AbPass.BoxGirder.Circ.M17,0,Spectral Acceleration|1.0,g,0,0,lognormal,1.31,0.62,lognormal,3.19,0.62,,,,,,
CRCB.E2.S2.C1.S.AbPass.BoxGirder.Obl.M17,0,Spectral Acceleration|1.0,g,0,0,lognormal,1.24,0.59,lognormal,3.17,0.59,,,,,,
CRCB.E2.S2.C1.S.AbTran.BoxGirder.Circ.M17,0,Spectral Acceleration|1.0,g,0,0,lognormal,0.38,0.52,lognormal,0.98,0.52,,,,,,
CRCB.E2.S2.C1.S.AbTran.BoxGirder.Obl.M17,0,Spectral Acceleration|1.0,g,0,0,lognormal,0.39,0.53,lognormal,1.09,0.53,,,,,,
CRCB.E2.S2.C1.S.Approach.Cant.Slope30.SXR22,0,Spectral Acceleration|1.0,g,0,0,lognormal,1.88,1.17,,,,,,,,,
CRCB.E2.S2.C1.S.Approach.Cant.Slope45.SXR22,0,Spectral Acceleration|1.0,g,0,0,lognormal,4.25,1.59,,,,,,,,,
CRCB.E2.S2.C1.S.Approach.Cant.Step.SXR22,0,Spectral Acceleration|1.0,g,0,0,lognormal,0.71,0.86,lognormal,1,0.96,,,,,,
CRCB.E2.S2.C1.S.Approach.Pile.Slope30.SXR22,0,Spectral Acceleration|1.0,g,0,0,lognormal,1.31,1.2,lognormal,4.17,1.6,,,,,,
CRCB.E2.S2.C1.S.Approach.Pile.Slope45.SXR22,0,Spectral Acceleration|1.0,g,0,0,lognormal,2.28,1.38,,,,,,,,,
CRCB.E2.S2.C1.S.Approach.Pile.Step.SXR22,0,Spectral Acceleration|1.0,g,0,0,lognormal,0.53,0.8,lognormal,0.74,0.93,,,,,,
CRCB.E2.S2.C1.S.Approach.Reg.Slope30.SXR22,0,Spectral Acceleration|1.0,g,0,0,lognormal,3.08,1.27,,,,,,,,,
CRCB.E2.S2.C1.S.Approach.Reg.Slope45.SXR22,0,Spectral Acceleration|1.0,g,0,0,lognormal,5.14,1.34,,,,,,,,,
CRCB.E2.S2.C1.S.Approach.Reg.Step.SXR22,0,Spectral Acceleration|1.0,g,0,0,lognormal,1.16,0.86,lognormal,1.51,0.97,,,,,,
CRCB.E2.S2.C1.S.Bearing.BoxGirder.Circ.M17,0,Spectral Acceleration|1.0,g,0,0,lognormal,0.13,0.59,lognormal,0.76,0.59,,,,,,
CRCB.E2.S2.C1.S.Bearing.BoxGirder.Obl.M17,0,Spectral Acceleration|1.0,g,0,0,lognormal,0.14,0.54,lognormal,0.7,0.54,,,,,,
CRCB.E2.S2.C1.S.Column.BoxGirder.Circ.M17,0,Spectral Acceleration|1.0,g,0,0,lognormal,0.16,0.66,lognormal,0.66,0.66,lognormal,1.01,0.66,lognormal,1.34,0.66
CRCB.E2.S2.C1.S.Column.BoxGirder.Obl.M17,0,Spectral Acceleration|1.0,g,0,0,lognormal,0.2,0.6,lognormal,0.86,0.6,lognormal,1.32,0.6,lognormal,1.77,0.6
CRCB.E2.S2.C1.S.DeckMax.BoxGirder.Circ.M17,0,Spectral Acceleration|1.0,g,0,0,lognormal,0.52,0.56,lognormal,1.69,0.56,,,,,,
CRCB.E2.S2.C1.S.DeckMax.BoxGirder.Obl.M17,0,Spectral Acceleration|1.0,g,0,0,lognormal,0.5,0.52,lognormal,1.54,0.52,,,,,,
CRCB.E2.S2.C1.S.FndTran.BoxGirder.Circ.M17,0,Spectral Acceleration|1.0,g,0,0,lognormal,1.16,1.12,lognormal,10.55,1.12,,,,,,
CRCB.E2.S2.C1.S.FndTran.BoxGirder.Obl.M17,0,Spectral Acceleration|1.0,g,0,0,lognormal,0.75,0.98,lognormal,5.06,0.98,,,,,,
CRCB.E2.S2.C1.S.Seal.BoxGirder.Circ.M17,0,Spectral Acceleration|1.0,g,0,0,lognormal,0.34,0.63,lognormal,17.71,0.63,,,,,,
CRCB.E2.S2.C1.S.Seal.BoxGirder.Obl.M17,0,Spectral Acceleration|1.0,g,0,0,lognormal,0.3,0.54,lognormal,10.35,0.54,,,,,,
CRCB.E2.S2.C1.S.Unseating.BoxGirder.Circ.M17,0,Spectral Acceleration|1.0,g,0,0,lognormal,0.16,0.63,lognormal,0.82,0.63,lognormal,1.97,0.63,lognormal,3.06,0.63
CRCB.E2.S2.C1.S.Unseating.BoxGirder.Obl.M17,0,Spectral Acceleration|1.0,g,0,0,lognormal,0.15,0.54,lognormal,0.66,0.54,lognormal,1.44,0.54,lognormal,2.14,0.54
CRCB.E2.S2.C2P.D.AbAct.BoxGirder.MCB.Circ.M17,0,Spectral Acceleration|1.0,g,0,0,lognormal,0.31,0.69,lognormal,0.73,0.69,,,,,,
CRCB.E2.S2.C2P.D.AbAct.BoxGirder.MCB.Obl.M17,0,Spectral Acceleration|1.0,g,0,0,lognormal,0.41,0.59,lognormal,1.02,0.59,,,,,,
CRCB.E2.S2.C2P.D.AbAct.BoxGirder.TCB.Circ.M17,0,Spectral Acceleration|1.0,g,0,0,lognormal,0.4,0.65,lognormal,1,0.65,,,,,,
CRCB.E2.S2.C2P.D.AbAct.BoxGirder.TCB.Obl.M17,0,Spectral Acceleration|1.0,g,0,0,lognormal,0.53,0.93,lognormal,2.1,0.93,,,,,,
CRCB.E2.S2.C2P.D.AbPass.BoxGirder.MCB.Circ.M17,0,Spectral Acceleration|1.0,g,0,0,lognormal,0.58,0.69,lognormal,1.64,0.69,,,,,,
CRCB.E2.S2.C2P.D.AbPass.BoxGirder.MCB.Obl.M17,0,Spectral Acceleration|1.0,g,0,0,lognormal,0.79,0.58,lognormal,2.35,0.58,,,,,,
CRCB.E2.S2.C2P.D.AbPass.BoxGirder.TCB.Circ.M17,0,Spectral Acceleration|1.0,g,0,0,lognormal,0.8,0.66,lognormal,2.36,0.66,,,,,,
CRCB.E2.S2.C2P.D.AbPass.BoxGirder.TCB.Obl.M17,0,Spectral Acceleration|1.0,g,0,0,lognormal,1.52,0.96,lognormal,8.03,0.96,,,,,,
CRCB.E2.S2.C2P.D.AbTran.BoxGirder.MCB.Circ.M17,0,Spectral Acceleration|1.0,g,0,0,lognormal,0.11,0.6,lognormal,0.37,0.6,,,,,,
CRCB.E2.S2.C2P.D.AbTran.BoxGirder.MCB.Obl.M17,0,Spectral Acceleration|1.0,g,0,0,lognormal,0.16,0.5,lognormal,0.63,0.5,,,,,,
CRCB.E2.S2.C2P.D.AbTran.BoxGirder.TCB.Circ.M17,0,Spectral Acceleration|1.0,g,0,0,lognormal,0.12,0.64,lognormal,0.44,0.64,,,,,,
CRCB.E2.S2.C2P.D.AbTran.BoxGirder.TCB.Obl.M17,0,Spectral Acceleration|1.0,g,0,0,lognormal,0.16,0.59,lognormal,0.59,0.59,,,,,,
CRCB.E2.S2.C2P.D.Approach.Pile.Slope30.SXR22,0,Spectral Acceleration|1.0,g,0,0,lognormal,1.31,1.2,lognormal,4.17,1.6,,,,,,
CRCB.E2.S2.C2P.D.Approach.Pile.Slope45.SXR22,0,Spectral Acceleration|1.0,g,0,0,lognormal,2.28,1.38,,,,,,,,,
CRCB.E2.S2.C2P.D.Approach.Pile.Step.SXR22,0,Spectral Acceleration|1.0,g,0,0,lognormal,0.53,0.8,lognormal,0.74,0.93,,,,,,
CRCB.E2.S2.C2P.D.Approach.Reg.Slope30.SXR22,0,Spectral Acceleration|1.0,g,0,0,lognormal,3.08,1.27,,,,,,,,,
CRCB.E2.S2.C2P.D.Approach.Reg.Slope45.SXR22,0,Spectral Acceleration|1.0,g,0,0,lognormal,5.14,1.34,,,,,,,,,
CRCB.E2.S2.C2P.D.Approach.Reg.Step.SXR22,0,Spectral Acceleration|1.0,g,0,0,lognormal,1.16,0.86,lognormal,1.51,0.97,,,,,,
CRCB.E2.S2.C2P.D.Column.BoxGirder.MCB.Circ.M17,0,Spectral Acceleration|1.0,g,0,0,lognormal,0.13,0.74,lognormal,0.47,0.74,lognormal,0.67,0.74,lognormal,0.86,0.74
CRCB.E2.S2.C2P.D.Column.BoxGirder.TCB.Circ.M17,0,Spectral Acceleration|1.0,g,0,0,lognormal,0.16,0.66,lognormal,0.64,0.66,lognormal,0.97,0.66,lognormal,1.27,0.66
CRCB.E2.S2.C2P.D.Column.BoxGirder.TCB.Obl.M17,0,Spectral Acceleration|1.0,g,0,0,lognormal,0.25,0.57,lognormal,0.83,0.57,lognormal,1.17,0.57,lognormal,1.49,0.57
CRCB.E2.S2.C2P.D.DeckMax.BoxGirder.MCB.Circ.M17,0,Spectral Acceleration|1.0,g,0,0,lognormal,0.36,0.58,lognormal,0.97,0.58,,,,,,
CRCB.E2.S2.C2P.D.DeckMax.BoxGirder.MCB.Obl.M17,0,Spectral Acceleration|1.0,g,0,0,lognormal,0.61,0.5,lognormal,1.78,0.5,,,,,,
CRCB.E2.S2.C2P.D.DeckMax.BoxGirder.TCB.Circ.M17,0,Spectral Acceleration|1.0,g,0,0,lognormal,0.43,0.63,lognormal,1.18,0.63,,,,,,
CRCB.E2.S2.C2P.D.DeckMax.BoxGirder.TCB.Obl.M17,0,Spectral Acceleration|1.0,g,0,0,lognormal,0.56,0.58,lognormal,1.62,0.58,,,,,,
CRCB.E2.S2.C2P.D.FndTran.BoxGirder.MCB.Circ.M17,0,Spectral Acceleration|1.0,g,0,0,lognormal,1.21,1.1,lognormal,8.04,1.1,,,,,,
CRCB.E2.S2.C2P.D.FndTran.BoxGirder.MCB.Obl.M17,0,Spectral Acceleration|1.0,g,0,0,lognormal,0.59,0.74,lognormal,3.18,0.74,,,,,,
CRCB.E2.S2.C2P.D.FndTran.BoxGirder.TCB.Circ.M17,0,Spectral Acceleration|1.0,g,0,0,lognormal,1.36,0.97,lognormal,8.66,0.97,,,,,,
CRCB.E2.S2.C2P.D.FndTran.BoxGirder.TCB.Obl.M17,0,Spectral Acceleration|1.0,g,0,0,lognormal,1.12,1.05,lognormal,10.61,1.05,,,,,,
CRCB.E2.S2.C2P.S.AbAct.BoxGirder.MCB.Circ.M17,0,Spectral Acceleration|1.0,g,0,0,lognormal,0.54,0.42,lognormal,1.06,0.42,,,,,,
CRCB.E2.S2.C2P.S.AbAct.BoxGirder.MCB.Obl.M17,0,Spectral Acceleration|1.0,g,0,0,lognormal,0.63,0.52,lognormal,1.28,0.52,,,,,,
CRCB.E2.S2.C2P.S.AbAct.BoxGirder.TCB.Circ.M17,0,Spectral Acceleration|1.0,g,0,0,lognormal,0.55,0.6,lognormal,1.15,0.6,,,,,,
CRCB.E2.S2.C2P.S.AbAct.BoxGirder.TCB.Obl.M17,0,Spectral Acceleration|1.0,g,0,0,lognormal,0.46,0.42,lognormal,0.9,0.42,,,,,,
CRCB.E2.S2.C2P.S.AbPass.BoxGirder.MCB.Circ.M17,0,Spectral Acceleration|1.0,g,0,0,lognormal,0.94,0.42,lognormal,2.2,0.42,,,,,,
CRCB.E2.S2.C2P.S.AbPass.BoxGirder.MCB.Obl.M17,0,Spectral Acceleration|1.0,g,0,0,lognormal,1.1,0.52,lognormal,2.74,0.52,,,,,,
CRCB.E2.S2.C2P.S.AbPass.BoxGirder.TCB.Circ.M17,0,Spectral Acceleration|1.0,g,0,0,lognormal,1.02,0.53,lognormal,2.65,0.53,,,,,,
CRCB.E2.S2.C2P.S.AbPass.BoxGirder.TCB.Obl.M17,0,Spectral Acceleration|1.0,g,0,0,lognormal,1,0.51,lognormal,2.46,0.51,,,,,,
CRCB.E2.S2.C2P.S.AbTran.BoxGirder.MCB.Circ.M17,0,Spectral Acceleration|1.0,g,0,0,lognormal,0.27,0.41,lognormal,0.67,0.41,,,,,,
CRCB.E2.S2.C2P.S.AbTran.BoxGirder.MCB.Obl.M17,0,Spectral Acceleration|1.0,g,0,0,lognormal,0.32,0.42,lognormal,0.81,0.42,,,,,,
CRCB.E2.S2.C2P.S.AbTran.BoxGirder.TCB.Circ.M17,0,Spectral Acceleration|1.0,g,0,0,lognormal,0.25,0.49,lognormal,0.71,0.49,,,,,,
CRCB.E2.S2.C2P.S.AbTran.BoxGirder.TCB.Obl.M17,0,Spectral Acceleration|1.0,g,0,0,lognormal,0.29,0.46,lognormal,0.8,0.46,,,,,,
CRCB.E2.S2.C2P.S.Approach.Cant.Slope30.SXR22,0,Spectral Acceleration|1.0,g,0,0,lognormal,1.88,1.17,,,,,,,,,
CRCB.E2.S2.C2P.S.Approach.Cant.Slope45.SXR22,0,Spectral Acceleration|1.0,g,0,0,lognormal,4.25,1.59,,,,,,,,,
CRCB.E2.S2.C2P.S.Approach.Cant.Step.SXR22,0,Spectral Acceleration|1.0,g,0,0,lognormal,0.71,0.86,lognormal,1,0.96,,,,,,
CRCB.E2.S2.C2P.S.Approach.Pile.Slope30.SXR22,0,Spectral Acceleration|1.0,g,0,0,lognormal,1.31,1.2,lognormal,4.17,1.6,,,,,,
CRCB.E2.S2.C2P.S.Approach.Pile.Slope45.SXR22,0,Spectral Acceleration|1.0,g,0,0,lognormal,2.28,1.38,,,,,,,,,
CRCB.E2.S2.C2P.S.Approach.Pile.Step.SXR22,0,Spectral Acceleration|1.0,g,0,0,lognormal,0.53,0.8,lognormal,0.74,0.93,,,,,,
CRCB.E2.S2.C2P.S.Approach.Reg.Slope30.SXR22,0,Spectral Acceleration|1.0,g,0,0,lognormal,3.08,1.27,,,,,,,,,
CRCB.E2.S2.C2P.S.Approach.Reg.Slope45.SXR22,0,Spectral Acceleration|1.0,g,0,0,lognormal,5.14,1.34,,,,,,,,,
CRCB.E2.S2.C2P.S.Approach.Reg.Step.SXR22,0,Spectral Acceleration|1.0,g,0,0,lognormal,1.16,0.86,lognormal,1.51,0.97,,,,,,
CRCB.E2.S2.C2P.S.Bearing.BoxGirder.MCB.Circ.M17,0,Spectral Acceleration|1.0,g,0,0,lognormal,0.09,0.52,lognormal,0.49,0.52,,,,,,
CRCB.E2.S2.C2P.S.Bearing.BoxGirder.MCB.Obl.M17,0,Spectral Acceleration|1.0,g,0,0,lognormal,0.1,0.58,lognormal,0.58,0.58,,,,,,
CRCB.E2.S2.C2P.S.Bearing.BoxGirder.TCB.Circ.M17,0,Spectral Acceleration|1.0,g,0,0,lognormal,0.1,0.54,lognormal,0.5,0.54,,,,,,
CRCB.E2.S2.C2P.S.Bearing.BoxGirder.TCB.Obl.M17,0,Spectral Acceleration|1.0,g,0,0,lognormal,0.1,0.46,lognormal,0.47,0.46,,,,,,
CRCB.E2.S2.C2P.S.Column.BoxGirder.MCB.Circ.M17,0,Spectral Acceleration|1.0,g,0,0,lognormal,0.11,0.67,lognormal,0.5,0.67,lognormal,0.79,0.67,lognormal,1.07,0.67
CRCB.E2.S2.C2P.S.Column.BoxGirder.MCB.Obl.M17,0,Spectral Acceleration|1.0,g,0,0,lognormal,0.14,0.75,lognormal,0.66,0.75,lognormal,1.04,0.75,lognormal,1.41,0.75
CRCB.E2.S2.C2P.S.Column.BoxGirder.TCB.Circ.M17,0,Spectral Acceleration|1.0,g,0,0,lognormal,0.11,0.59,lognormal,0.53,0.59,lognormal,0.84,0.59,lognormal,1.14,0.59
CRCB.E2.S2.C2P.S.Column.BoxGirder.TCB.Obl.M17,0,Spectral Acceleration|1.0,g,0,0,lognormal,0.14,0.65,lognormal,0.61,0.65,lognormal,0.92,0.65,lognormal,1.23,0.65
CRCB.E2.S2.C2P.S.DeckMax.BoxGirder.MCB.Circ.M17,0,Spectral Acceleration|1.0,g,0,0,lognormal,0.35,0.47,lognormal,1.07,0.47,,,,,,
CRCB.E2.S2.C2P.S.DeckMax.BoxGirder.MCB.Obl.M17,0,Spectral Acceleration|1.0,g,0,0,lognormal,0.4,0.5,lognormal,1.27,0.5,,,,,,
CRCB.E2.S2.C2P.S.DeckMax.BoxGirder.TCB.Circ.M17,0,Spectral Acceleration|1.0,g,0,0,lognormal,0.36,0.54,lognormal,1.11,0.54,,,,,,
CRCB.E2.S2.C2P.S.DeckMax.BoxGirder.TCB.Obl.M17,0,Spectral Acceleration|1.0,g,0,0,lognormal,0.35,0.44,lognormal,1.02,0.44,,,,,,
CRCB.E2.S2.C2P.S.FndTran.BoxGirder.MCB.Circ.M17,0,Spectral Acceleration|1.0,g,0,0,lognormal,0.97,0.9,lognormal,6.15,0.9,,,,,,
CRCB.E2.S2.C2P.S.FndTran.BoxGirder.MCB.Obl.M17,0,Spectral Acceleration|1.0,g,0,0,lognormal,0.49,0.87,lognormal,3.89,0.87,,,,,,
CRCB.E2.S2.C2P.S.FndTran.BoxGirder.TCB.Circ.M17,0,Spectral Acceleration|1.0,g,0,0,lognormal,1.32,0.94,lognormal,9.35,0.94,,,,,,
CRCB.E2.S2.C2P.S.FndTran.BoxGirder.TCB.Obl.M17,0,Spectral Acceleration|1.0,g,0,0,lognormal,0.47,0.89,lognormal,2.69,0.89,,,,,,
CRCB.E2.S2.C2P.S.Seal.BoxGirder.MCB.Circ.M17,0,Spectral Acceleration|1.0,g,0,0,lognormal,0.22,0.53,lognormal,9.46,0.53,,,,,,
CRCB.E2.S2.C2P.S.Seal.BoxGirder.MCB.Obl.M17,0,Spectral Acceleration|1.0,g,0,0,lognormal,0.25,0.54,lognormal,11.29,0.54,,,,,,
CRCB.E2.S2.C2P.S.Seal.BoxGirder.TCB.Circ.M17,0,Spectral Acceleration|1.0,g,0,0,lognormal,0.23,0.56,lognormal,8.27,0.56,,,,,,
CRCB.E2.S2.C2P.S.Seal.BoxGirder.TCB.Obl.M17,0,Spectral Acceleration|1.0,g,0,0,lognormal,0.22,0.46,lognormal,6.89,0.46,,,,,,
CRCB.E2.S2.C2P.S.Unseating.BoxGirder.MCB.Circ.M17,0,Spectral Acceleration|1.0,g,0,0,lognormal,0.11,0.53,lognormal,0.5,0.53,lognormal,1.16,0.53,lognormal,1.76,0.53
CRCB.E2.S2.C2P.S.Unseating.BoxGirder.MCB.Obl.M17,0,Spectral Acceleration|1.0,g,0,0,lognormal,0.12,0.54,lognormal,0.58,0.54,lognormal,1.35,0.54,lognormal,2.07,0.54
CRCB.E2.S2.C2P.S.Unseating.BoxGirder.TCB.Circ.M17,0,Spectral Acceleration|1.0,g,0,0,lognormal,0.12,0.56,lognormal,0.52,0.56,lognormal,1.14,0.56,lognormal,1.7,0.56
CRCB.E2.S2.C2P.S.Unseating.BoxGirder.TCB.Obl.M17,0,Spectral Acceleration|1.0,g,0,0,lognormal,0.12,0.46,lognormal,0.48,0.46,lognormal,1.02,0.46,lognormal,1.5,0.46
CRCB.E2.S3P.C1.D.AbAct.BoxGirder.Circ.M17,0,Spectral Acceleration|1.0,g,0,0,lognormal,0.5,0.74,lognormal,1.36,0.74,,,,,,
CRCB.E2.S3P.C1.D.AbAct.BoxGirder.Obl.M17,0,Spectral Acceleration|1.0,g,0,0,lognormal,0.42,0.78,lognormal,1.23,0.78,,,,,,
CRCB.E2.S3P.C1.D.AbAct.BoxGirder.Span5.MF.Circ.MCP18,0,Spectral Acceleration|1.0,g,0,0,lognormal,0.31,0.72,lognormal,0.95,0.72,,,,,,
CRCB.E2.S3P.C1.D.AbPass.BoxGirder.Circ.M17,0,Spectral Acceleration|1.0,g,0,0,lognormal,1.05,0.73,lognormal,3.3,0.73,,,,,,
CRCB.E2.S3P.C1.D.AbPass.BoxGirder.Obl.M17,0,Spectral Acceleration|1.0,g,0,0,lognormal,0.94,0.78,lognormal,3.35,0.78,,,,,,
CRCB.E2.S3P.C1.D.AbPass.BoxGirder.Span5.MF.Circ.MCP18,0,Spectral Acceleration|1.0,g,0,0,lognormal,0.94,0.69,lognormal,2.75,0.69,,,,,,
CRCB.E2.S3P.C1.D.AbTran.BoxGirder.Circ.M17,0,Spectral Acceleration|1.0,g,0,0,lognormal,0.17,0.71,lognormal,0.69,0.71,,,,,,
CRCB.E2.S3P.C1.D.AbTran.BoxGirder.Obl.M17,0,Spectral Acceleration|1.0,g,0,0,lognormal,0.17,0.64,lognormal,0.79,0.64,,,,,,
CRCB.E2.S3P.C1.D.AbTran.BoxGirder.Span5.MF.Circ.MCP18,0,Spectral Acceleration|1.0,g,0,0,lognormal,0.21,0.54,lognormal,0.7,0.54,,,,,,
CRCB.E2.S3P.C1.D.Approach.Pile.Slope30.SXR22,0,Spectral Acceleration|1.0,g,0,0,lognormal,1.31,1.2,lognormal,4.17,1.6,,,,,,
CRCB.E2.S3P.C1.D.Approach.Pile.Slope45.SXR22,0,Spectral Acceleration|1.0,g,0,0,lognormal,2.28,1.38,,,,,,,,,
CRCB.E2.S3P.C1.D.Approach.Pile.Step.SXR22,0,Spectral Acceleration|1.0,g,0,0,lognormal,0.53,0.8,lognormal,0.74,0.93,,,,,,
CRCB.E2.S3P.C1.D.Approach.Reg.Slope30.SXR22,0,Spectral Acceleration|1.0,g,0,0,lognormal,3.08,1.27,,,,,,,,,
CRCB.E2.S3P.C1.D.Approach.Reg.Slope45.SXR22,0,Spectral Acceleration|1.0,g,0,0,lognormal,5.14,1.34,,,,,,,,,
CRCB.E2.S3P.C1.D.Approach.Reg.Step.SXR22,0,Spectral Acceleration|1.0,g,0,0,lognormal,1.16,0.86,lognormal,1.51,0.97,,,,,,
CRCB.E2.S3P.C1.D.Bearing.BoxGirder.Span5.MF.Disc.Circ.MCP18,0,Spectral Acceleration|1.0,g,0,0,lognormal,0.39,1.51,lognormal,17.14,1.51,,,,,,
CRCB.E2.S3P.C1.D.Column.BoxGirder.Circ.M17,0,Spectral Acceleration|1.0,g,0,0,lognormal,0.23,0.69,lognormal,0.95,0.69,lognormal,1.44,0.69,lognormal,1.92,0.69
CRCB.E2.S3P.C1.D.Column.BoxGirder.Obl.M17,0,Spectral Acceleration|1.0,g,0,0,lognormal,0.3,0.73,lognormal,1.48,0.73,lognormal,2.36,0.73,lognormal,3.24,0.73
CRCB.E2.S3P.C1.D.Column.BoxGirder.Span5.MF.Circ.MCP18,0,Spectral Acceleration|1.0,g,0,0,lognormal,0.38,0.5,lognormal,0.9,0.5,lognormal,1.73,0.5,lognormal,2.54,0.5
CRCB.E2.S3P.C1.D.DeckMax.BoxGirder.Circ.M17,0,Spectral Acceleration|1.0,g,0,0,lognormal,0.65,0.68,lognormal,1.96,0.68,,,,,,
CRCB.E2.S3P.C1.D.DeckMax.BoxGirder.Obl.M17,0,Spectral Acceleration|1.0,g,0,0,lognormal,0.73,0.63,lognormal,2.52,0.63,,,,,,
CRCB.E2.S3P.C1.D.FndTran.BoxGirder.Circ.M17,0,Spectral Acceleration|1.0,g,0,0,lognormal,1.72,1.14,lognormal,12.95,1.14,,,,,,
CRCB.E2.S3P.C1.D.FndTran.BoxGirder.Obl.M17,0,Spectral Acceleration|1.0,g,0,0,lognormal,1.03,1,lognormal,7.89,1,,,,,,
CRCB.E2.S3P.C1.D.Unseating.BoxGirder.Span5.MF.Disc.Circ.MCP18,0,Spectral Acceleration|1.0,g,0,0,lognormal,9.8,0.99,lognormal,9.8,0.99,lognormal,9.8,0.99,lognormal,14.93,0.99
CRCB.E2.S3P.C1.S.AbAct.BoxGirder.Circ.M17,0,Spectral Acceleration|1.0,g,0,0,lognormal,0.99,0.63,lognormal,2.11,0.63,,,,,,
CRCB.E2.S3P.C1.S.AbAct.BoxGirder.Obl.M17,0,Spectral Acceleration|1.0,g,0,0,lognormal,0.81,0.54,lognormal,1.64,0.54,,,,,,
CRCB.E2.S3P.C1.S.AbPass.BoxGirder.Circ.M17,0,Spectral Acceleration|1.0,g,0,0,lognormal,1.75,0.61,lognormal,4.55,0.61,,,,,,
CRCB.E2.S3P.C1.S.AbPass.BoxGirder.Obl.M17,0,Spectral Acceleration|1.0,g,0,0,lognormal,1.43,0.53,lognormal,3.47,0.53,,,,,,
CRCB.E2.S3P.C1.S.AbTran.BoxGirder.Circ.M17,0,Spectral Acceleration|1.0,g,0,0,lognormal,0.39,0.48,lognormal,1.05,0.48,,,,,,
CRCB.E2.S3P.C1.S.AbTran.BoxGirder.Obl.M17,0,Spectral Acceleration|1.0,g,0,0,lognormal,0.5,0.6,lognormal,1.43,0.6,,,,,,
CRCB.E2.S3P.C1.S.Approach.Cant.Slope30.SXR22,0,Spectral Acceleration|1.0,g,0,0,lognormal,1.88,1.17,,,,,,,,,
CRCB.E2.S3P.C1.S.Approach.Cant.Slope45.SXR22,0,Spectral Acceleration|1.0,g,0,0,lognormal,4.25,1.59,,,,,,,,,
CRCB.E2.S3P.C1.S.Approach.Cant.Step.SXR22,0,Spectral Acceleration|1.0,g,0,0,lognormal,0.71,0.86,lognormal,1,0.96,,,,,,
CRCB.E2.S3P.C1.S.Approach.Pile.Slope30.SXR22,0,Spectral Acceleration|1.0,g,0,0,lognormal,1.31,1.2,lognormal,4.17,1.6,,,,,,
CRCB.E2.S3P.C1.S.Approach.Pile.Slope45.SXR22,0,Spectral Acceleration|1.0,g,0,0,lognormal,2.28,1.38,,,,,,,,,
CRCB.E2.S3P.C1.S.Approach.Pile.Step.SXR22,0,Spectral Acceleration|1.0,g,0,0,lognormal,0.53,0.8,lognormal,0.74,0.93,,,,,,
CRCB.E2.S3P.C1.S.Approach.Reg.Slope30.SXR22,0,Spectral Acceleration|1.0,g,0,0,lognormal,3.08,1.27,,,,,,,,,
CRCB.E2.S3P.C1.S.Approach.Reg.Slope45.SXR22,0,Spectral Acceleration|1.0,g,0,0,lognormal,5.14,1.34,,,,,,,,,
CRCB.E2.S3P.C1.S.Approach.Reg.Step.SXR22,0,Spectral Acceleration|1.0,g,0,0,lognormal,1.16,0.86,lognormal,1.51,0.97,,,,,,
CRCB.E2.S3P.C1.S.Bearing.BoxGirder.Circ.M17,0,Spectral Acceleration|1.0,g,0,0,lognormal,0.17,0.61,lognormal,0.96,0.61,,,,,,
CRCB.E2.S3P.C1.S.Bearing.BoxGirder.Obl.M17,0,Spectral Acceleration|1.0,g,0,0,lognormal,0.17,0.59,lognormal,1.01,0.59,,,,,,
CRCB.E2.S3P.C1.S.Column.BoxGirder.Circ.M17,0,Spectral Acceleration|1.0,g,0,0,lognormal,0.11,0.82,lognormal,0.59,0.82,lognormal,0.97,0.82,lognormal,1.36,0.82
CRCB.E2.S3P.C1.S.Column.BoxGirder.Obl.M17,0,Spectral Acceleration|1.0,g,0,0,lognormal,0.15,1.05,lognormal,1.05,1.05,lognormal,1.85,1.05,lognormal,2.7,1.05
CRCB.E2.S3P.C1.S.DeckMax.BoxGirder.Circ.M17,0,Spectral Acceleration|1.0,g,0,0,lognormal,0.65,0.57,lognormal,2.11,0.57,,,,,,
CRCB.E2.S3P.C1.S.DeckMax.BoxGirder.Obl.M17,0,Spectral Acceleration|1.0,g,0,0,lognormal,0.65,0.55,lognormal,2.22,0.55,,,,,,
CRCB.E2.S3P.C1.S.FndTran.BoxGirder.Circ.M17,0,Spectral Acceleration|1.0,g,0,0,lognormal,1.46,1.02,lognormal,12.66,1.02,,,,,,
CRCB.E2.S3P.C1.S.FndTran.BoxGirder.Obl.M17,0,Spectral Acceleration|1.0,g,0,0,lognormal,0.87,0.9,lognormal,5.98,0.9,,,,,,
CRCB.E2.S3P.C1.S.Seal.BoxGirder.Circ.M17,0,Spectral Acceleration|1.0,g,0,0,lognormal,0.46,0.64,lognormal,23.96,0.64,,,,,,
CRCB.E2.S3P.C1.S.Seal.BoxGirder.Obl.M17,0,Spectral Acceleration|1.0,g,0,0,lognormal,0.43,0.56,lognormal,18.68,0.56,,,,,,
CRCB.E2.S3P.C1.S.Unseating.BoxGirder.Circ.M17,0,Spectral Acceleration|1.0,g,0,0,lognormal,0.22,0.64,lognormal,1.12,0.64,lognormal,2.67,0.64,lognormal,4.16,0.64
CRCB.E2.S3P.C1.S.Unseating.BoxGirder.Obl.M17,0,Spectral Acceleration|1.0,g,0,0,lognormal,0.21,0.56,lognormal,1,0.56,lognormal,2.29,0.56,lognormal,3.5,0.56
CRCB.E2.S3P.C2P.D.AbAct.BoxGirder.MCB.Circ.M17,0,Spectral Acceleration|1.0,g,0,0,lognormal,0.31,0.69,lognormal,0.73,0.69,,,,,,
CRCB.E2.S3P.C2P.D.AbAct.BoxGirder.MCB.Obl.M17,0,Spectral Acceleration|1.0,g,0,0,lognormal,0.31,0.69,lognormal,0.73,0.69,,,,,,
CRCB.E2.S3P.C2P.D.AbAct.BoxGirder.TCB.Circ.M17,0,Spectral Acceleration|1.0,g,0,0,lognormal,0.4,0.65,lognormal,1,0.65,,,,,,
CRCB.E2.S3P.C2P.D.AbAct.BoxGirder.TCB.Obl.M17,0,Spectral Acceleration|1.0,g,0,0,lognormal,0.53,0.93,lognormal,2.1,0.93,,,,,,
CRCB.E2.S3P.C2P.D.AbAct.BoxGirder.TCB.Span3.Flr1.JML19,0,Spectral Acceleration|1.0,g,0,0,lognormal,0.59,0.91,lognormal,1.73,0.91,,,,,,
CRCB.E2.S3P.C2P.D.AbAct.BoxGirder.TCB.Span3.Flr1T.JML19,0,Spectral Acceleration|1.0,g,0,0,lognormal,0.61,0.92,lognormal,1.8,0.92,,,,,,
CRCB.E2.S3P.C2P.D.AbAct.BoxGirder.TCB.Span3.Flr2.JML19,0,Spectral Acceleration|1.0,g,0,0,lognormal,0.63,0.91,lognormal,1.87,0.91,,,,,,
CRCB.E2.S3P.C2P.D.AbAct.BoxGirder.TCB.Span3.Obl.JML19,0,Spectral Acceleration|1.0,g,0,0,lognormal,0.59,0.91,lognormal,1.73,0.91,,,,,,
CRCB.E2.S3P.C2P.D.AbPass.BoxGirder.MCB.Circ.M17,0,Spectral Acceleration|1.0,g,0,0,lognormal,0.58,0.69,lognormal,1.64,0.69,,,,,,
CRCB.E2.S3P.C2P.D.AbPass.BoxGirder.MCB.Obl.M17,0,Spectral Acceleration|1.0,g,0,0,lognormal,0.58,0.69,lognormal,1.64,0.69,,,,,,
CRCB.E2.S3P.C2P.D.AbPass.BoxGirder.TCB.Circ.M17,0,Spectral Acceleration|1.0,g,0,0,lognormal,0.8,0.66,lognormal,2.36,0.66,,,,,,
CRCB.E2.S3P.C2P.D.AbPass.BoxGirder.TCB.Obl.M17,0,Spectral Acceleration|1.0,g,0,0,lognormal,1.52,0.96,lognormal,8.03,0.96,,,,,,
CRCB.E2.S3P.C2P.D.AbPass.BoxGirder.TCB.Span3.Flr1.JML19,0,Spectral Acceleration|1.0,g,0,0,lognormal,1.35,0.93,lognormal,4.85,0.93,,,,,,
CRCB.E2.S3P.C2P.D.AbPass.BoxGirder.TCB.Span3.Flr1T.JML19,0,Spectral Acceleration|1.0,g,0,0,lognormal,1.4,0.94,lognormal,5.03,0.94,,,,,,
CRCB.E2.S3P.C2P.D.AbPass.BoxGirder.TCB.Span3.Flr2.JML19,0,Spectral Acceleration|1.0,g,0,0,lognormal,1.45,0.93,lognormal,5.21,0.93,,,,,,
CRCB.E2.S3P.C2P.D.AbPass.BoxGirder.TCB.Span3.Obl.JML19,0,Spectral Acceleration|1.0,g,0,0,lognormal,1.35,0.93,lognormal,4.8,0.93,,,,,,
CRCB.E2.S3P.C2P.D.AbTran.BoxGirder.MCB.Circ.M17,0,Spectral Acceleration|1.0,g,0,0,lognormal,0.11,0.6,lognormal,0.37,0.6,,,,,,
CRCB.E2.S3P.C2P.D.AbTran.BoxGirder.MCB.Obl.M17,0,Spectral Acceleration|1.0,g,0,0,lognormal,0.11,0.6,lognormal,0.37,0.6,,,,,,
CRCB.E2.S3P.C2P.D.AbTran.BoxGirder.TCB.Circ.M17,0,Spectral Acceleration|1.0,g,0,0,lognormal,0.12,0.64,lognormal,0.44,0.64,,,,,,
CRCB.E2.S3P.C2P.D.AbTran.BoxGirder.TCB.Obl.M17,0,Spectral Acceleration|1.0,g,0,0,lognormal,0.16,0.59,lognormal,0.59,0.59,,,,,,
CRCB.E2.S3P.C2P.D.AbTran.BoxGirder.TCB.Span3.Flr1.JML19,0,Spectral Acceleration|1.0,g,0,0,lognormal,0.19,0.54,lognormal,0.66,0.54,,,,,,
CRCB.E2.S3P.C2P.D.AbTran.BoxGirder.TCB.Span3.Flr1T.JML19,0,Spectral Acceleration|1.0,g,0,0,lognormal,0.23,0.61,lognormal,0.81,0.61,,,,,,
CRCB.E2.S3P.C2P.D.AbTran.BoxGirder.TCB.Span3.Flr2.JML19,0,Spectral Acceleration|1.0,g,0,0,lognormal,0.23,0.6,lognormal,0.8,0.6,,,,,,
CRCB.E2.S3P.C2P.D.AbTran.BoxGirder.TCB.Span3.Obl.JML19,0,Spectral Acceleration|1.0,g,0,0,lognormal,0.19,0.55,lognormal,0.66,0.55,,,,,,
CRCB.E2.S3P.C2P.D.Approach.Pile.Slope30.SXR22,0,Spectral Acceleration|1.0,g,0,0,lognormal,1.31,1.2,lognormal,4.17,1.6,,,,,,
CRCB.E2.S3P.C2P.D.Approach.Pile.Slope45.SXR22,0,Spectral Acceleration|1.0,g,0,0,lognormal,2.28,1.38,,,,,,,,,
CRCB.E2.S3P.C2P.D.Approach.Pile.Step.SXR22,0,Spectral Acceleration|1.0,g,0,0,lognormal,0.53,0.8,lognormal,0.74,0.93,,,,,,
CRCB.E2.S3P.C2P.D.Approach.Reg.Slope30.SXR22,0,Spectral Acceleration|1.0,g,0,0,lognormal,3.08,1.27,,,,,,,,,
CRCB.E2.S3P.C2P.D.Approach.Reg.Slope45.SXR22,0,Spectral Acceleration|1.0,g,0,0,lognormal,5.14,1.34,,,,,,,,,
CRCB.E2.S3P.C2P.D.Approach.Reg.Step.SXR22,0,Spectral Acceleration|1.0,g,0,0,lognormal,1.16,0.86,lognormal,1.51,0.97,,,,,,
CRCB.E2.S3P.C2P.D.Column.BoxGirder.MCB.Circ.M17,0,Spectral Acceleration|1.0,g,0,0,lognormal,0.13,0.74,lognormal,0.47,0.74,lognormal,0.67,0.74,lognormal,0.86,0.74
CRCB.E2.S3P.C2P.D.Column.BoxGirder.MCB.Obl.M17,0,Spectral Acceleration|1.0,g,0,0,lognormal,0.13,0.74,lognormal,0.47,0.74,lognormal,0.67,0.74,lognormal,0.86,0.74
CRCB.E2.S3P.C2P.D.Column.BoxGirder.TCB.Circ.M17,0,Spectral Acceleration|1.0,g,0,0,lognormal,0.16,0.66,lognormal,0.64,0.66,lognormal,0.97,0.66,lognormal,1.27,0.66
CRCB.E2.S3P.C2P.D.Column.BoxGirder.TCB.Obl.M17,0,Spectral Acceleration|1.0,g,0,0,lognormal,0.25,0.57,lognormal,0.83,0.57,lognormal,1.17,0.57,lognormal,1.49,0.57
CRCB.E2.S3P.C2P.D.Column.BoxGirder.TCB.Span3.Flr1.JML19,0,Spectral Acceleration|1.0,g,0,0,lognormal,0.28,0.55,lognormal,0.79,0.55,lognormal,1.07,0.55,lognormal,1.32,0.55
CRCB.E2.S3P.C2P.D.Column.BoxGirder.TCB.Span3.Flr1T.JML19,0,Spectral Acceleration|1.0,g,0,0,lognormal,0.38,0.62,lognormal,1.12,0.62,lognormal,1.54,0.62,lognormal,1.92,0.62
CRCB.E2.S3P.C2P.D.Column.BoxGirder.TCB.Span3.Flr2.JML19,0,Spectral Acceleration|1.0,g,0,0,lognormal,0.38,0.63,lognormal,1.12,0.63,lognormal,1.54,0.63,lognormal,1.91,0.63
CRCB.E2.S3P.C2P.D.Column.BoxGirder.TCB.Span3.Obl.JML19,0,Spectral Acceleration|1.0,g,0,0,lognormal,0.28,0.55,lognormal,0.79,0.55,lognormal,1.07,0.55,lognormal,1.31,0.55
CRCB.E2.S3P.C2P.D.DeckMax.BoxGirder.MCB.Circ.M17,0,Spectral Acceleration|1.0,g,0,0,lognormal,0.36,0.58,lognormal,0.97,0.58,,,,,,
CRCB.E2.S3P.C2P.D.DeckMax.BoxGirder.MCB.Obl.M17,0,Spectral Acceleration|1.0,g,0,0,lognormal,0.36,0.58,lognormal,0.97,0.58,,,,,,
CRCB.E2.S3P.C2P.D.DeckMax.BoxGirder.TCB.Circ.M17,0,Spectral Acceleration|1.0,g,0,0,lognormal,0.43,0.63,lognormal,1.18,0.63,,,,,,
CRCB.E2.S3P.C2P.D.DeckMax.BoxGirder.TCB.Obl.M17,0,Spectral Acceleration|1.0,g,0,0,lognormal,0.56,0.58,lognormal,1.62,0.58,,,,,,
CRCB.E2.S3P.C2P.D.FndTran.BoxGirder.MCB.Circ.M17,0,Spectral Acceleration|1.0,g,0,0,lognormal,1.21,1.1,lognormal,8.04,1.1,,,,,,
CRCB.E2.S3P.C2P.D.FndTran.BoxGirder.MCB.Obl.M17,0,Spectral Acceleration|1.0,g,0,0,lognormal,1.21,1.1,lognormal,8.04,1.1,,,,,,
CRCB.E2.S3P.C2P.D.FndTran.BoxGirder.TCB.Circ.M17,0,Spectral Acceleration|1.0,g,0,0,lognormal,1.36,0.97,lognormal,8.66,0.97,,,,,,
CRCB.E2.S3P.C2P.D.FndTran.BoxGirder.TCB.Obl.M17,0,Spectral Acceleration|1.0,g,0,0,lognormal,1.12,1.05,lognormal,10.61,1.05,,,,,,
CRCB.E2.S3P.C2P.S.AbAct.BoxGirder.MCB.Circ.M17,0,Spectral Acceleration|1.0,g,0,0,lognormal,0.62,0.6,lognormal,1.28,0.6,,,,,,
CRCB.E2.S3P.C2P.S.AbAct.BoxGirder.MCB.Obl.M17,0,Spectral Acceleration|1.0,g,0,0,lognormal,0.61,0.55,lognormal,1.22,0.55,,,,,,
CRCB.E2.S3P.C2P.S.AbAct.BoxGirder.TCB.Circ.M17,0,Spectral Acceleration|1.0,g,0,0,lognormal,0.58,0.56,lognormal,1.2,0.56,,,,,,
CRCB.E2.S3P.C2P.S.AbAct.BoxGirder.TCB.Obl.M17,0,Spectral Acceleration|1.0,g,0,0,lognormal,0.68,0.69,lognormal,1.35,0.69,,,,,,
CRCB.E2.S3P.C2P.S.AbAct.BoxGirder.TCB.Span3.Flr1.JML19,0,Spectral Acceleration|1.0,g,0,0,lognormal,0.87,0.8,lognormal,2.7,0.8,,,,,,
CRCB.E2.S3P.C2P.S.AbAct.BoxGirder.TCB.Span3.Flr1T.JML19,0,Spectral Acceleration|1.0,g,0,0,lognormal,0.9,0.8,lognormal,2.77,0.8,,,,,,
CRCB.E2.S3P.C2P.S.AbAct.BoxGirder.TCB.Span3.Flr2.JML19,0,Spectral Acceleration|1.0,g,0,0,lognormal,0.92,0.81,lognormal,2.82,0.81,,,,,,
CRCB.E2.S3P.C2P.S.AbAct.BoxGirder.TCB.Span3.Obl.JML19,0,Spectral Acceleration|1.0,g,0,0,lognormal,0.89,0.82,lognormal,2.79,0.82,,,,,,
CRCB.E2.S3P.C2P.S.AbPass.BoxGirder.MCB.Circ.M17,0,Spectral Acceleration|1.0,g,0,0,lognormal,1.12,0.55,lognormal,2.87,0.55,,,,,,
CRCB.E2.S3P.C2P.S.AbPass.BoxGirder.MCB.Obl.M17,0,Spectral Acceleration|1.0,g,0,0,lognormal,1.08,0.54,lognormal,2.59,0.54,,,,,,
CRCB.E2.S3P.C2P.S.AbPass.BoxGirder.TCB.Circ.M17,0,Spectral Acceleration|1.0,g,0,0,lognormal,1.08,0.55,lognormal,2.71,0.55,,,,,,
CRCB.E2.S3P.C2P.S.AbPass.BoxGirder.TCB.Obl.M17,0,Spectral Acceleration|1.0,g,0,0,lognormal,1.32,0.69,lognormal,3.29,0.69,,,,,,
CRCB.E2.S3P.C2P.S.AbPass.BoxGirder.TCB.Span3.Flr1.JML19,0,Spectral Acceleration|1.0,g,0,0,lognormal,1.14,0.64,lognormal,3.08,0.64,,,,,,
CRCB.E2.S3P.C2P.S.AbPass.BoxGirder.TCB.Span3.Flr1T.JML19,0,Spectral Acceleration|1.0,g,0,0,lognormal,1.17,0.65,lognormal,3.09,0.65,,,,,,
CRCB.E2.S3P.C2P.S.AbPass.BoxGirder.TCB.Span3.Flr2.JML19,0,Spectral Acceleration|1.0,g,0,0,lognormal,1.24,0.68,lognormal,3.28,0.68,,,,,,
CRCB.E2.S3P.C2P.S.AbPass.BoxGirder.TCB.Span3.Obl.JML19,0,Spectral Acceleration|1.0,g,0,0,lognormal,1.14,0.65,lognormal,3.11,0.65,,,,,,
CRCB.E2.S3P.C2P.S.AbTran.BoxGirder.MCB.Circ.M17,0,Spectral Acceleration|1.0,g,0,0,lognormal,0.3,0.5,lognormal,0.82,0.5,,,,,,
CRCB.E2.S3P.C2P.S.AbTran.BoxGirder.MCB.Obl.M17,0,Spectral Acceleration|1.0,g,0,0,lognormal,0.4,0.5,lognormal,1.11,0.5,,,,,,
CRCB.E2.S3P.C2P.S.AbTran.BoxGirder.TCB.Circ.M17,0,Spectral Acceleration|1.0,g,0,0,lognormal,0.29,0.48,lognormal,0.83,0.48,,,,,,
CRCB.E2.S3P.C2P.S.AbTran.BoxGirder.TCB.Obl.M17,0,Spectral Acceleration|1.0,g,0,0,lognormal,0.34,0.5,lognormal,0.87,0.5,,,,,,
CRCB.E2.S3P.C2P.S.AbTran.BoxGirder.TCB.Span3.Flr1.JML19,0,Spectral Acceleration|1.0,g,0,0,lognormal,0.22,0.57,lognormal,0.63,0.57,,,,,,
CRCB.E2.S3P.C2P.S.AbTran.BoxGirder.TCB.Span3.Flr1T.JML19,0,Spectral Acceleration|1.0,g,0,0,lognormal,0.25,0.62,lognormal,0.76,0.62,,,,,,
CRCB.E2.S3P.C2P.S.AbTran.BoxGirder.TCB.Span3.Flr2.JML19,0,Spectral Acceleration|1.0,g,0,0,lognormal,0.26,0.62,lognormal,0.77,0.62,,,,,,
CRCB.E2.S3P.C2P.S.AbTran.BoxGirder.TCB.Span3.Obl.JML19,0,Spectral Acceleration|1.0,g,0,0,lognormal,0.22,0.57,lognormal,0.64,0.57,,,,,,
CRCB.E2.S3P.C2P.S.Approach.Cant.Slope30.SXR22,0,Spectral Acceleration|1.0,g,0,0,lognormal,1.88,1.17,,,,,,,,,
CRCB.E2.S3P.C2P.S.Approach.Cant.Slope45.SXR22,0,Spectral Acceleration|1.0,g,0,0,lognormal,4.25,1.59,,,,,,,,,
CRCB.E2.S3P.C2P.S.Approach.Cant.Step.SXR22,0,Spectral Acceleration|1.0,g,0,0,lognormal,0.71,0.86,lognormal,1,0.96,,,,,,
CRCB.E2.S3P.C2P.S.Approach.Pile.Slope30.SXR22,0,Spectral Acceleration|1.0,g,0,0,lognormal,1.31,1.2,lognormal,4.17,1.6,,,,,,
CRCB.E2.S3P.C2P.S.Approach.Pile.Slope45.SXR22,0,Spectral Acceleration|1.0,g,0,0,lognormal,2.28,1.38,,,,,,,,,
CRCB.E2.S3P.C2P.S.Approach.Pile.Step.SXR22,0,Spectral Acceleration|1.0,g,0,0,lognormal,0.53,0.8,lognormal,0.74,0.93,,,,,,
CRCB.E2.S3P.C2P.S.Approach.Reg.Slope30.SXR22,0,Spectral Acceleration|1.0,g,0,0,lognormal,3.08,1.27,,,,,,,,,
CRCB.E2.S3P.C2P.S.Approach.Reg.Slope45.SXR22,0,Spectral Acceleration|1.0,g,0,0,lognormal,5.14,1.34,,,,,,,,,
CRCB.E2.S3P.C2P.S.Approach.Reg.Step.SXR22,0,Spectral Acceleration|1.0,g,0,0,lognormal,1.16,0.86,lognormal,1.51,0.97,,,,,,
CRCB.E2.S3P.C2P.S.Bearing.BoxGirder.MCB.Circ.M17,0,Spectral Acceleration|1.0,g,0,0,lognormal,0.12,0.58,lognormal,0.66,0.58,,,,,,
CRCB.E2.S3P.C2P.S.Bearing.BoxGirder.MCB.Obl.M17,0,Spectral Acceleration|1.0,g,0,0,lognormal,0.14,0.56,lognormal,0.69,0.56,,,,,,
CRCB.E2.S3P.C2P.S.Bearing.BoxGirder.TCB.Circ.M17,0,Spectral Acceleration|1.0,g,0,0,lognormal,0.11,0.49,lognormal,0.57,0.49,,,,,,
CRCB.E2.S3P.C2P.S.Bearing.BoxGirder.TCB.Obl.M17,0,Spectral Acceleration|1.0,g,0,0,lognormal,0.11,0.58,lognormal,0.67,0.58,,,,,,
CRCB.E2.S3P.C2P.S.Bearing.BoxGirder.TCB.Span3.Flr1.JML19,0,Spectral Acceleration|1.0,g,0,0,lognormal,0.11,0.58,lognormal,0.52,0.58,,,,,,
CRCB.E2.S3P.C2P.S.Bearing.BoxGirder.TCB.Span3.Flr1T.JML19,0,Spectral Acceleration|1.0,g,0,0,lognormal,0.13,0.65,lognormal,0.67,0.65,,,,,,
CRCB.E2.S3P.C2P.S.Bearing.BoxGirder.TCB.Span3.Flr2.JML19,0,Spectral Acceleration|1.0,g,0,0,lognormal,0.14,0.65,lognormal,0.69,0.65,,,,,,
CRCB.E2.S3P.C2P.S.Bearing.BoxGirder.TCB.Span3.Obl.JML19,0,Spectral Acceleration|1.0,g,0,0,lognormal,0.11,0.58,lognormal,0.52,0.58,,,,,,
CRCB.E2.S3P.C2P.S.Column.BoxGirder.MCB.Circ.M17,0,Spectral Acceleration|1.0,g,0,0,lognormal,0.07,0.96,lognormal,0.36,0.96,lognormal,0.58,0.96,lognormal,0.8,0.96
CRCB.E2.S3P.C2P.S.Column.BoxGirder.MCB.Obl.M17,0,Spectral Acceleration|1.0,g,0,0,lognormal,0.01,1.17,lognormal,0.31,1.17,lognormal,0.89,1.17,lognormal,1.82,1.17
CRCB.E2.S3P.C2P.S.Column.BoxGirder.TCB.Circ.M17,0,Spectral Acceleration|1.0,g,0,0,lognormal,0.03,1.38,lognormal,0.32,1.38,lognormal,0.66,1.38,lognormal,1.09,1.38
CRCB.E2.S3P.C2P.S.Column.BoxGirder.TCB.Obl.M17,0,Spectral Acceleration|1.0,g,0,0,lognormal,0.05,1.22,lognormal,0.65,1.22,lognormal,1.35,1.22,lognormal,2.22,1.22
CRCB.E2.S3P.C2P.S.Column.BoxGirder.TCB.Span3.Flr1.JML19,0,Spectral Acceleration|1.0,g,0,0,lognormal,0.2,0.54,lognormal,0.61,0.54,lognormal,0.84,0.54,lognormal,1.05,0.54
CRCB.E2.S3P.C2P.S.Column.BoxGirder.TCB.Span3.Flr1T.JML19,0,Spectral Acceleration|1.0,g,0,0,lognormal,0.28,0.59,lognormal,0.87,0.59,lognormal,1.21,0.59,lognormal,1.52,0.59
CRCB.E2.S3P.C2P.S.Column.BoxGirder.TCB.Span3.Flr2.JML19,0,Spectral Acceleration|1.0,g,0,0,lognormal,0.28,0.63,lognormal,0.85,0.63,lognormal,1.18,0.63,lognormal,1.47,0.63
CRCB.E2.S3P.C2P.S.Column.BoxGirder.TCB.Span3.Obl.JML19,0,Spectral Acceleration|1.0,g,0,0,lognormal,0.2,0.54,lognormal,0.61,0.54,lognormal,0.85,0.54,lognormal,1.05,0.54
CRCB.E2.S3P.C2P.S.DeckMax.BoxGirder.MCB.Circ.M17,0,Spectral Acceleration|1.0,g,0,0,lognormal,0.44,0.52,lognormal,1.4,0.52,,,,,,
CRCB.E2.S3P.C2P.S.DeckMax.BoxGirder.MCB.Obl.M17,0,Spectral Acceleration|1.0,g,0,0,lognormal,0.52,0.56,lognormal,1.63,0.56,,,,,,
CRCB.E2.S3P.C2P.S.DeckMax.BoxGirder.TCB.Circ.M17,0,Spectral Acceleration|1.0,g,0,0,lognormal,0.4,0.49,lognormal,1.24,0.49,,,,,,
CRCB.E2.S3P.C2P.S.DeckMax.BoxGirder.TCB.Obl.M17,0,Spectral Acceleration|1.0,g,0,0,lognormal,0.45,0.55,lognormal,1.48,0.55,,,,,,
CRCB.E2.S3P.C2P.S.FndTran.BoxGirder.MCB.Circ.M17,0,Spectral Acceleration|1.0,g,0,0,lognormal,1.11,0.81,lognormal,7.42,0.81,,,,,,
CRCB.E2.S3P.C2P.S.FndTran.BoxGirder.MCB.Obl.M17,0,Spectral Acceleration|1.0,g,0,0,lognormal,0.89,0.95,lognormal,8.41,0.95,,,,,,
CRCB.E2.S3P.C2P.S.FndTran.BoxGirder.TCB.Circ.M17,0,Spectral Acceleration|1.0,g,0,0,lognormal,1.55,0.92,lognormal,11.68,0.92,,,,,,
CRCB.E2.S3P.C2P.S.FndTran.BoxGirder.TCB.Obl.M17,0,Spectral Acceleration|1.0,g,0,0,lognormal,0.65,0.77,lognormal,3.91,0.77,,,,,,
CRCB.E2.S3P.C2P.S.Seal.BoxGirder.MCB.Circ.M17,0,Spectral Acceleration|1.0,g,0,0,lognormal,0.3,0.55,lognormal,11.72,0.55,,,,,,
CRCB.E2.S3P.C2P.S.Seal.BoxGirder.MCB.Obl.M17,0,Spectral Acceleration|1.0,g,0,0,lognormal,0.3,0.55,lognormal,10.25,0.55,,,,,,
CRCB.E2.S3P.C2P.S.Seal.BoxGirder.TCB.Circ.M17,0,Spectral Acceleration|1.0,g,0,0,lognormal,0.28,0.54,lognormal,11,0.54,,,,,,
CRCB.E2.S3P.C2P.S.Seal.BoxGirder.TCB.Obl.M17,0,Spectral Acceleration|1.0,g,0,0,lognormal,0.29,0.54,lognormal,13.16,0.54,,,,,,
CRCB.E2.S3P.C2P.S.Unseating.BoxGirder.MCB.Circ.M17,0,Spectral Acceleration|1.0,g,0,0,lognormal,0.15,0.55,lognormal,0.69,0.55,lognormal,1.53,0.55,lognormal,2.31,0.55
CRCB.E2.S3P.C2P.S.Unseating.BoxGirder.MCB.Obl.M17,0,Spectral Acceleration|1.0,g,0,0,lognormal,0.15,0.55,lognormal,0.66,0.55,lognormal,1.44,0.55,lognormal,2.14,0.55
CRCB.E2.S3P.C2P.S.Unseating.BoxGirder.TCB.Circ.M17,0,Spectral Acceleration|1.0,g,0,0,lognormal,0.14,0.54,lognormal,0.63,0.54,lognormal,1.42,0.54,lognormal,2.14,0.54
CRCB.E2.S3P.C2P.S.Unseating.BoxGirder.TCB.Obl.M17,0,Spectral Acceleration|1.0,g,0,0,lognormal,0.14,0.54,lognormal,0.69,0.54,lognormal,1.59,0.54,lognormal,2.43,0.54
CRCB.E2.S3P.C2P.S.Unseating.BoxGirder.TCB.Span3.Flr1.JML19,0,Spectral Acceleration|1.0,g,0,0,lognormal,7.66,0.9,lognormal,7.66,0.9,lognormal,7.66,0.9,lognormal,15.36,0.9
CRCB.E2.S3P.C2P.S.Unseating.BoxGirder.TCB.Span3.Flr1T.JML19,0,Spectral Acceleration|1.0,g,0,0,lognormal,7.18,0.87,lognormal,7.18,0.87,lognormal,7.18,0.87,lognormal,13.99,0.87
CRCB.E2.S3P.C2P.S.Unseating.BoxGirder.TCB.Span3.Flr2.JML19,0,Spectral Acceleration|1.0,g,0,0,lognormal,7.28,0.85,lognormal,7.28,0.85,lognormal,7.28,0.85,lognormal,13.94,0.85
CRCB.E2.S3P.C2P.S.Unseating.BoxGirder.TCB.Span3.Obl.JML19,0,Spectral Acceleration|1.0,g,0,0,lognormal,7.79,0.9,lognormal,7.79,0.9,lognormal,7.79,0.9,lognormal,15.69,0.9
CRCB.E3.S2.C1.D.AbAct.BoxGirder.Circ.M17,0,Spectral Acceleration|1.0,g,0,0,lognormal,0.5,0.74,lognormal,1.36,0.74,,,,,,
CRCB.E3.S2.C1.D.AbAct.BoxGirder.Obl.M17,0,Spectral Acceleration|1.0,g,0,0,lognormal,0.42,0.78,lognormal,1.23,0.78,,,,,,
CRCB.E3.S2.C1.D.AbPass.BoxGirder.Circ.M17,0,Spectral Acceleration|1.0,g,0,0,lognormal,1.05,0.73,lognormal,3.3,0.73,,,,,,
CRCB.E3.S2.C1.D.AbPass.BoxGirder.Obl.M17,0,Spectral Acceleration|1.0,g,0,0,lognormal,0.94,0.78,lognormal,3.35,0.78,,,,,,
CRCB.E3.S2.C1.D.AbTran.BoxGirder.Circ.M17,0,Spectral Acceleration|1.0,g,0,0,lognormal,0.17,0.71,lognormal,0.69,0.71,,,,,,
CRCB.E3.S2.C1.D.AbTran.BoxGirder.Obl.M17,0,Spectral Acceleration|1.0,g,0,0,lognormal,0.17,0.64,lognormal,0.79,0.64,,,,,,
CRCB.E3.S2.C1.D.Approach.Pile.Slope30.SXR22,0,Spectral Acceleration|1.0,g,0,0,lognormal,1.31,1.2,lognormal,4.17,1.6,,,,,,
CRCB.E3.S2.C1.D.Approach.Pile.Slope45.SXR22,0,Spectral Acceleration|1.0,g,0,0,lognormal,2.28,1.38,,,,,,,,,
CRCB.E3.S2.C1.D.Approach.Pile.Step.SXR22,0,Spectral Acceleration|1.0,g,0,0,lognormal,0.53,0.8,lognormal,0.74,0.93,,,,,,
CRCB.E3.S2.C1.D.Column.BoxGirder.Circ.M17,0,Spectral Acceleration|1.0,g,0,0,lognormal,0.23,0.69,lognormal,0.95,0.69,lognormal,1.92,0.69,lognormal,2.82,0.69
CRCB.E3.S2.C1.D.Column.BoxGirder.Obl.M17,0,Spectral Acceleration|1.0,g,0,0,lognormal,0.3,0.73,lognormal,1.48,0.73,lognormal,3.24,0.73,lognormal,4.99,0.73
CRCB.E3.S2.C1.D.DeckMax.BoxGirder.Circ.M17,0,Spectral Acceleration|1.0,g,0,0,lognormal,0.65,0.68,lognormal,1.96,0.68,,,,,,
CRCB.E3.S2.C1.D.DeckMax.BoxGirder.Obl.M17,0,Spectral Acceleration|1.0,g,0,0,lognormal,0.73,0.63,lognormal,2.52,0.63,,,,,,
CRCB.E3.S2.C1.D.FndTran.BoxGirder.Circ.M17,0,Spectral Acceleration|1.0,g,0,0,lognormal,1.72,1.14,lognormal,12.95,1.14,,,,,,
CRCB.E3.S2.C1.D.FndTran.BoxGirder.Obl.M17,0,Spectral Acceleration|1.0,g,0,0,lognormal,1.03,1,lognormal,7.89,1,,,,,,
CRCB.E3.S2.C1.S.AbAct.BoxGirder.Circ.M17,0,Spectral Acceleration|1.0,g,0,0,lognormal,0.73,0.64,lognormal,1.48,0.64,,,,,,
CRCB.E3.S2.C1.S.AbAct.BoxGirder.Obl.M17,0,Spectral Acceleration|1.0,g,0,0,lognormal,0.66,0.6,lognormal,1.35,0.6,,,,,,
CRCB.E3.S2.C1.S.AbPass.BoxGirder.Circ.M17,0,Spectral Acceleration|1.0,g,0,0,lognormal,1.31,0.62,lognormal,3.19,0.62,,,,,,
CRCB.E3.S2.C1.S.AbPass.BoxGirder.Obl.M17,0,Spectral Acceleration|1.0,g,0,0,lognormal,1.24,0.59,lognormal,3.17,0.59,,,,,,
CRCB.E3.S2.C1.S.AbTran.BoxGirder.Circ.M17,0,Spectral Acceleration|1.0,g,0,0,lognormal,0.38,0.52,lognormal,0.98,0.52,,,,,,
CRCB.E3.S2.C1.S.AbTran.BoxGirder.Obl.M17,0,Spectral Acceleration|1.0,g,0,0,lognormal,0.39,0.53,lognormal,1.09,0.53,,,,,,
CRCB.E3.S2.C1.S.Approach.Cant.Slope30.SXR22,0,Spectral Acceleration|1.0,g,0,0,lognormal,1.88,1.17,,,,,,,,,
CRCB.E3.S2.C1.S.Approach.Cant.Slope45.SXR22,0,Spectral Acceleration|1.0,g,0,0,lognormal,4.25,1.59,,,,,,,,,
CRCB.E3.S2.C1.S.Approach.Cant.Step.SXR22,0,Spectral Acceleration|1.0,g,0,0,lognormal,0.71,0.86,lognormal,1,0.96,,,,,,
CRCB.E3.S2.C1.S.Approach.Pile.Slope30.SXR22,0,Spectral Acceleration|1.0,g,0,0,lognormal,1.31,1.2,lognormal,4.17,1.6,,,,,,
CRCB.E3.S2.C1.S.Approach.Pile.Slope45.SXR22,0,Spectral Acceleration|1.0,g,0,0,lognormal,2.28,1.38,,,,,,,,,
CRCB.E3.S2.C1.S.Approach.Pile.Step.SXR22,0,Spectral Acceleration|1.0,g,0,0,lognormal,0.53,0.8,lognormal,0.74,0.93,,,,,,
CRCB.E3.S2.C1.S.Approach.Reg.Slope30.SXR22,0,Spectral Acceleration|1.0,g,0,0,lognormal,3.08,1.27,,,,,,,,,
CRCB.E3.S2.C1.S.Approach.Reg.Slope45.SXR22,0,Spectral Acceleration|1.0,g,0,0,lognormal,5.14,1.34,,,,,,,,,
CRCB.E3.S2.C1.S.Approach.Reg.Step.SXR22,0,Spectral Acceleration|1.0,g,0,0,lognormal,1.16,0.86,lognormal,1.51,0.97,,,,,,
CRCB.E3.S2.C1.S.Bearing.BoxGirder.Circ.M17,0,Spectral Acceleration|1.0,g,0,0,lognormal,0.13,0.59,lognormal,0.76,0.59,,,,,,
CRCB.E3.S2.C1.S.Bearing.BoxGirder.Obl.M17,0,Spectral Acceleration|1.0,g,0,0,lognormal,0.14,0.54,lognormal,0.7,0.54,,,,,,
CRCB.E3.S2.C1.S.Column.BoxGirder.Circ.M17,0,Spectral Acceleration|1.0,g,0,0,lognormal,0.16,0.66,lognormal,0.66,0.66,lognormal,1.34,0.66,lognormal,1.99,0.66
CRCB.E3.S2.C1.S.Column.BoxGirder.Obl.M17,0,Spectral Acceleration|1.0,g,0,0,lognormal,0.2,0.6,lognormal,0.86,0.6,lognormal,1.77,0.6,lognormal,2.64,0.6
CRCB.E3.S2.C1.S.DeckMax.BoxGirder.Circ.M17,0,Spectral Acceleration|1.0,g,0,0,lognormal,0.52,0.56,lognormal,1.69,0.56,,,,,,
CRCB.E3.S2.C1.S.DeckMax.BoxGirder.Obl.M17,0,Spectral Acceleration|1.0,g,0,0,lognormal,0.5,0.52,lognormal,1.54,0.52,,,,,,
CRCB.E3.S2.C1.S.FndTran.BoxGirder.Circ.M17,0,Spectral Acceleration|1.0,g,0,0,lognormal,1.16,1.12,lognormal,10.55,1.12,,,,,,
CRCB.E3.S2.C1.S.FndTran.BoxGirder.Obl.M17,0,Spectral Acceleration|1.0,g,0,0,lognormal,0.75,0.98,lognormal,5.06,0.98,,,,,,
CRCB.E3.S2.C1.S.Seal.BoxGirder.Circ.M17,0,Spectral Acceleration|1.0,g,0,0,lognormal,0.34,0.63,lognormal,17.71,0.63,,,,,,
CRCB.E3.S2.C1.S.Seal.BoxGirder.Obl.M17,0,Spectral Acceleration|1.0,g,0,0,lognormal,0.3,0.54,lognormal,10.35,0.54,,,,,,
CRCB.E3.S2.C1.S.Unseating.BoxGirder.Circ.M17,0,Spectral Acceleration|1.0,g,0,0,lognormal,0.16,0.63,lognormal,0.82,0.63,lognormal,1.97,0.63,lognormal,3.06,0.63
CRCB.E3.S2.C1.S.Unseating.BoxGirder.Obl.M17,0,Spectral Acceleration|1.0,g,0,0,lognormal,0.15,0.54,lognormal,0.66,0.54,lognormal,1.44,0.54,lognormal,2.14,0.54
CRCB.E3.S2.C2P.D.AbAct.BoxGirder.MCB.Circ.M17,0,Spectral Acceleration|1.0,g,0,0,lognormal,0.31,0.69,lognormal,0.73,0.69,,,,,,
CRCB.E3.S2.C2P.D.AbAct.BoxGirder.MCB.Obl.M17,0,Spectral Acceleration|1.0,g,0,0,lognormal,0.41,0.59,lognormal,1.02,0.59,,,,,,
CRCB.E3.S2.C2P.D.AbAct.BoxGirder.TCB.Circ.M17,0,Spectral Acceleration|1.0,g,0,0,lognormal,0.4,0.65,lognormal,1,0.65,,,,,,
CRCB.E3.S2.C2P.D.AbAct.BoxGirder.TCB.Obl.M17,0,Spectral Acceleration|1.0,g,0,0,lognormal,0.53,0.93,lognormal,2.1,0.93,,,,,,
CRCB.E3.S2.C2P.D.AbPass.BoxGirder.MCB.Circ.M17,0,Spectral Acceleration|1.0,g,0,0,lognormal,0.58,0.69,lognormal,1.64,0.69,,,,,,
CRCB.E3.S2.C2P.D.AbPass.BoxGirder.MCB.Obl.M17,0,Spectral Acceleration|1.0,g,0,0,lognormal,0.79,0.58,lognormal,2.35,0.58,,,,,,
CRCB.E3.S2.C2P.D.AbPass.BoxGirder.TCB.Circ.M17,0,Spectral Acceleration|1.0,g,0,0,lognormal,0.8,0.66,lognormal,2.36,0.66,,,,,,
CRCB.E3.S2.C2P.D.AbPass.BoxGirder.TCB.Obl.M17,0,Spectral Acceleration|1.0,g,0,0,lognormal,1.52,0.96,lognormal,8.03,0.96,,,,,,
CRCB.E3.S2.C2P.D.AbTran.BoxGirder.MCB.Circ.M17,0,Spectral Acceleration|1.0,g,0,0,lognormal,0.11,0.6,lognormal,0.37,0.6,,,,,,
CRCB.E3.S2.C2P.D.AbTran.BoxGirder.MCB.Obl.M17,0,Spectral Acceleration|1.0,g,0,0,lognormal,0.16,0.5,lognormal,0.63,0.5,,,,,,
CRCB.E3.S2.C2P.D.AbTran.BoxGirder.TCB.Circ.M17,0,Spectral Acceleration|1.0,g,0,0,lognormal,0.12,0.64,lognormal,0.44,0.64,,,,,,
CRCB.E3.S2.C2P.D.AbTran.BoxGirder.TCB.Obl.M17,0,Spectral Acceleration|1.0,g,0,0,lognormal,0.16,0.59,lognormal,0.59,0.59,,,,,,
CRCB.E3.S2.C2P.D.Approach.Pile.Slope30.SXR22,0,Spectral Acceleration|1.0,g,0,0,lognormal,1.31,1.2,lognormal,4.17,1.6,,,,,,
CRCB.E3.S2.C2P.D.Approach.Pile.Slope45.SXR22,0,Spectral Acceleration|1.0,g,0,0,lognormal,2.28,1.38,,,,,,,,,
CRCB.E3.S2.C2P.D.Approach.Pile.Step.SXR22,0,Spectral Acceleration|1.0,g,0,0,lognormal,0.53,0.8,lognormal,0.74,0.93,,,,,,
CRCB.E3.S2.C2P.D.Column.BoxGirder.MCB.Circ.M17,0,Spectral Acceleration|1.0,g,0,0,lognormal,0.13,0.74,lognormal,0.47,0.74,lognormal,0.86,0.74,lognormal,1.2,0.74
CRCB.E3.S2.C2P.D.Column.BoxGirder.TCB.Circ.M17,0,Spectral Acceleration|1.0,g,0,0,lognormal,0.16,0.66,lognormal,0.64,0.66,lognormal,1.27,0.66,lognormal,1.85,0.66
CRCB.E3.S2.C2P.D.Column.BoxGirder.TCB.Obl.M17,0,Spectral Acceleration|1.0,g,0,0,lognormal,0.25,0.57,lognormal,0.83,0.57,lognormal,1.49,0.57,lognormal,2.06,0.57
CRCB.E3.S2.C2P.D.DeckMax.BoxGirder.MCB.Circ.M17,0,Spectral Acceleration|1.0,g,0,0,lognormal,0.36,0.58,lognormal,0.97,0.58,,,,,,
CRCB.E3.S2.C2P.D.DeckMax.BoxGirder.MCB.Obl.M17,0,Spectral Acceleration|1.0,g,0,0,lognormal,0.61,0.5,lognormal,1.78,0.5,,,,,,
CRCB.E3.S2.C2P.D.DeckMax.BoxGirder.TCB.Circ.M17,0,Spectral Acceleration|1.0,g,0,0,lognormal,0.43,0.63,lognormal,1.18,0.63,,,,,,
CRCB.E3.S2.C2P.D.DeckMax.BoxGirder.TCB.Obl.M17,0,Spectral Acceleration|1.0,g,0,0,lognormal,0.56,0.58,lognormal,1.62,0.58,,,,,,
CRCB.E3.S2.C2P.D.FndTran.BoxGirder.MCB.Circ.M17,0,Spectral Acceleration|1.0,g,0,0,lognormal,1.21,1.1,lognormal,8.04,1.1,,,,,,
CRCB.E3.S2.C2P.D.FndTran.BoxGirder.MCB.Obl.M17,0,Spectral Acceleration|1.0,g,0,0,lognormal,0.59,0.74,lognormal,3.18,0.74,,,,,,
CRCB.E3.S2.C2P.D.FndTran.BoxGirder.TCB.Circ.M17,0,Spectral Acceleration|1.0,g,0,0,lognormal,1.36,0.97,lognormal,8.66,0.97,,,,,,
CRCB.E3.S2.C2P.D.FndTran.BoxGirder.TCB.Obl.M17,0,Spectral Acceleration|1.0,g,0,0,lognormal,1.12,1.05,lognormal,10.61,1.05,,,,,,
CRCB.E3.S2.C2P.S.AbAct.BoxGirder.MCB.Circ.M17,0,Spectral Acceleration|1.0,g,0,0,lognormal,0.54,0.42,lognormal,1.06,0.42,,,,,,
CRCB.E3.S2.C2P.S.AbAct.BoxGirder.MCB.Obl.M17,0,Spectral Acceleration|1.0,g,0,0,lognormal,0.63,0.52,lognormal,1.28,0.52,,,,,,
CRCB.E3.S2.C2P.S.AbAct.BoxGirder.TCB.Circ.M17,0,Spectral Acceleration|1.0,g,0,0,lognormal,0.55,0.6,lognormal,1.15,0.6,,,,,,
CRCB.E3.S2.C2P.S.AbAct.BoxGirder.TCB.Obl.M17,0,Spectral Acceleration|1.0,g,0,0,lognormal,0.46,0.42,lognormal,0.9,0.42,,,,,,
CRCB.E3.S2.C2P.S.AbPass.BoxGirder.MCB.Circ.M17,0,Spectral Acceleration|1.0,g,0,0,lognormal,0.94,0.42,lognormal,2.2,0.42,,,,,,
CRCB.E3.S2.C2P.S.AbPass.BoxGirder.MCB.Obl.M17,0,Spectral Acceleration|1.0,g,0,0,lognormal,1.1,0.52,lognormal,2.74,0.52,,,,,,
CRCB.E3.S2.C2P.S.AbPass.BoxGirder.TCB.Circ.M17,0,Spectral Acceleration|1.0,g,0,0,lognormal,1.02,0.53,lognormal,2.65,0.53,,,,,,
CRCB.E3.S2.C2P.S.AbPass.BoxGirder.TCB.Obl.M17,0,Spectral Acceleration|1.0,g,0,0,lognormal,1,0.51,lognormal,2.46,0.51,,,,,,
CRCB.E3.S2.C2P.S.AbTran.BoxGirder.MCB.Circ.M17,0,Spectral Acceleration|1.0,g,0,0,lognormal,0.27,0.41,lognormal,0.67,0.41,,,,,,
CRCB.E3.S2.C2P.S.AbTran.BoxGirder.MCB.Obl.M17,0,Spectral Acceleration|1.0,g,0,0,lognormal,0.32,0.42,lognormal,0.81,0.42,,,,,,
CRCB.E3.S2.C2P.S.AbTran.BoxGirder.TCB.Circ.M17,0,Spectral Acceleration|1.0,g,0,0,lognormal,0.25,0.49,lognormal,0.71,0.49,,,,,,
CRCB.E3.S2.C2P.S.AbTran.BoxGirder.TCB.Obl.M17,0,Spectral Acceleration|1.0,g,0,0,lognormal,0.29,0.46,lognormal,0.8,0.46,,,,,,
CRCB.E3.S2.C2P.S.Approach.Cant.Slope30.SXR22,0,Spectral Acceleration|1.0,g,0,0,lognormal,1.88,1.17,,,,,,,,,
CRCB.E3.S2.C2P.S.Approach.Cant.Slope45.SXR22,0,Spectral Acceleration|1.0,g,0,0,lognormal,4.25,1.59,,,,,,,,,
CRCB.E3.S2.C2P.S.Approach.Cant.Step.SXR22,0,Spectral Acceleration|1.0,g,0,0,lognormal,0.71,0.86,lognormal,1,0.96,,,,,,
CRCB.E3.S2.C2P.S.Approach.Pile.Slope30.SXR22,0,Spectral Acceleration|1.0,g,0,0,lognormal,1.31,1.2,lognormal,4.17,1.6,,,,,,
CRCB.E3.S2.C2P.S.Approach.Pile.Slope45.SXR22,0,Spectral Acceleration|1.0,g,0,0,lognormal,2.28,1.38,,,,,,,,,
CRCB.E3.S2.C2P.S.Approach.Pile.Step.SXR22,0,Spectral Acceleration|1.0,g,0,0,lognormal,0.53,0.8,lognormal,0.74,0.93,,,,,,
CRCB.E3.S2.C2P.S.Approach.Reg.Slope30.SXR22,0,Spectral Acceleration|1.0,g,0,0,lognormal,3.08,1.27,,,,,,,,,
CRCB.E3.S2.C2P.S.Approach.Reg.Slope45.SXR22,0,Spectral Acceleration|1.0,g,0,0,lognormal,5.14,1.34,,,,,,,,,
CRCB.E3.S2.C2P.S.Approach.Reg.Step.SXR22,0,Spectral Acceleration|1.0,g,0,0,lognormal,1.16,0.86,lognormal,1.51,0.97,,,,,,
CRCB.E3.S2.C2P.S.Bearing.BoxGirder.MCB.Circ.M17,0,Spectral Acceleration|1.0,g,0,0,lognormal,0.09,0.52,lognormal,0.49,0.52,,,,,,
CRCB.E3.S2.C2P.S.Bearing.BoxGirder.MCB.Obl.M17,0,Spectral Acceleration|1.0,g,0,0,lognormal,0.1,0.58,lognormal,0.58,0.58,,,,,,
CRCB.E3.S2.C2P.S.Bearing.BoxGirder.TCB.Circ.M17,0,Spectral Acceleration|1.0,g,0,0,lognormal,0.1,0.54,lognormal,0.5,0.54,,,,,,
CRCB.E3.S2.C2P.S.Bearing.BoxGirder.TCB.Obl.M17,0,Spectral Acceleration|1.0,g,0,0,lognormal,0.1,0.46,lognormal,0.47,0.46,,,,,,
CRCB.E3.S2.C2P.S.Column.BoxGirder.MCB.Circ.M17,0,Spectral Acceleration|1.0,g,0,0,lognormal,0.11,0.67,lognormal,0.5,0.67,lognormal,1.07,0.67,lognormal,1.63,0.67
CRCB.E3.S2.C2P.S.Column.BoxGirder.MCB.Obl.M17,0,Spectral Acceleration|1.0,g,0,0,lognormal,0.14,0.75,lognormal,0.66,0.75,lognormal,1.41,0.75,lognormal,2.15,0.75
CRCB.E3.S2.C2P.S.Column.BoxGirder.TCB.Circ.M17,0,Spectral Acceleration|1.0,g,0,0,lognormal,0.11,0.59,lognormal,0.53,0.59,lognormal,1.14,0.59,lognormal,1.75,0.59
CRCB.E3.S2.C2P.S.Column.BoxGirder.TCB.Obl.M17,0,Spectral Acceleration|1.0,g,0,0,lognormal,0.14,0.65,lognormal,0.61,0.65,lognormal,1.23,0.65,lognormal,1.82,0.65
CRCB.E3.S2.C2P.S.DeckMax.BoxGirder.MCB.Circ.M17,0,Spectral Acceleration|1.0,g,0,0,lognormal,0.35,0.47,lognormal,1.07,0.47,,,,,,
CRCB.E3.S2.C2P.S.DeckMax.BoxGirder.MCB.Obl.M17,0,Spectral Acceleration|1.0,g,0,0,lognormal,0.4,0.5,lognormal,1.27,0.5,,,,,,
CRCB.E3.S2.C2P.S.DeckMax.BoxGirder.TCB.Circ.M17,0,Spectral Acceleration|1.0,g,0,0,lognormal,0.36,0.54,lognormal,1.11,0.54,,,,,,
CRCB.E3.S2.C2P.S.DeckMax.BoxGirder.TCB.Obl.M17,0,Spectral Acceleration|1.0,g,0,0,lognormal,0.35,0.44,lognormal,1.02,0.44,,,,,,
CRCB.E3.S2.C2P.S.FndTran.BoxGirder.MCB.Circ.M17,0,Spectral Acceleration|1.0,g,0,0,lognormal,0.97,0.9,lognormal,6.15,0.9,,,,,,
CRCB.E3.S2.C2P.S.FndTran.BoxGirder.MCB.Obl.M17,0,Spectral Acceleration|1.0,g,0,0,lognormal,0.49,0.87,lognormal,3.89,0.87,,,,,,
CRCB.E3.S2.C2P.S.FndTran.BoxGirder.TCB.Circ.M17,0,Spectral Acceleration|1.0,g,0,0,lognormal,1.32,0.94,lognormal,9.35,0.94,,,,,,
CRCB.E3.S2.C2P.S.FndTran.BoxGirder.TCB.Obl.M17,0,Spectral Acceleration|1.0,g,0,0,lognormal,0.47,0.89,lognormal,2.69,0.89,,,,,,
CRCB.E3.S2.C2P.S.Seal.BoxGirder.MCB.Circ.M17,0,Spectral Acceleration|1.0,g,0,0,lognormal,0.22,0.53,lognormal,9.46,0.53,,,,,,
CRCB.E3.S2.C2P.S.Seal.BoxGirder.MCB.Obl.M17,0,Spectral Acceleration|1.0,g,0,0,lognormal,0.25,0.54,lognormal,11.29,0.54,,,,,,
CRCB.E3.S2.C2P.S.Seal.BoxGirder.TCB.Circ.M17,0,Spectral Acceleration|1.0,g,0,0,lognormal,0.23,0.56,lognormal,8.27,0.56,,,,,,
CRCB.E3.S2.C2P.S.Seal.BoxGirder.TCB.Obl.M17,0,Spectral Acceleration|1.0,g,0,0,lognormal,0.22,0.46,lognormal,6.89,0.46,,,,,,
CRCB.E3.S2.C2P.S.Unseating.BoxGirder.MCB.Circ.M17,0,Spectral Acceleration|1.0,g,0,0,lognormal,0.11,0.53,lognormal,0.5,0.53,lognormal,1.16,0.53,lognormal,1.76,0.53
CRCB.E3.S2.C2P.S.Unseating.BoxGirder.MCB.Obl.M17,0,Spectral Acceleration|1.0,g,0,0,lognormal,0.12,0.54,lognormal,0.58,0.54,lognormal,1.35,0.54,lognormal,2.07,0.54
CRCB.E3.S2.C2P.S.Unseating.BoxGirder.TCB.Circ.M17,0,Spectral Acceleration|1.0,g,0,0,lognormal,0.12,0.56,lognormal,0.52,0.56,lognormal,1.14,0.56,lognormal,1.7,0.56
CRCB.E3.S2.C2P.S.Unseating.BoxGirder.TCB.Obl.M17,0,Spectral Acceleration|1.0,g,0,0,lognormal,0.12,0.46,lognormal,0.48,0.46,lognormal,1.02,0.46,lognormal,1.5,0.46
CRCB.E3.S3P.C1.D.AbAct.BoxGirder.Circ.M17,0,Spectral Acceleration|1.0,g,0,0,lognormal,0.5,0.74,lognormal,1.36,0.74,,,,,,
CRCB.E3.S3P.C1.D.AbAct.BoxGirder.Obl.M17,0,Spectral Acceleration|1.0,g,0,0,lognormal,0.42,0.78,lognormal,1.23,0.78,,,,,,
CRCB.E3.S3P.C1.D.AbAct.BoxGirder.Span5.MF.Circ.MCP18,0,Spectral Acceleration|1.0,g,0,0,lognormal,0.31,0.74,lognormal,0.97,0.74,,,,,,
CRCB.E3.S3P.C1.D.AbPass.BoxGirder.Circ.M17,0,Spectral Acceleration|1.0,g,0,0,lognormal,1.05,0.73,lognormal,3.3,0.73,,,,,,
CRCB.E3.S3P.C1.D.AbPass.BoxGirder.Obl.M17,0,Spectral Acceleration|1.0,g,0,0,lognormal,0.94,0.78,lognormal,3.35,0.78,,,,,,
CRCB.E3.S3P.C1.D.AbPass.BoxGirder.Span5.MF.Circ.MCP18,0,Spectral Acceleration|1.0,g,0,0,lognormal,1.01,0.72,lognormal,3,0.72,,,,,,
CRCB.E3.S3P.C1.D.AbTran.BoxGirder.Circ.M17,0,Spectral Acceleration|1.0,g,0,0,lognormal,0.17,0.71,lognormal,0.69,0.71,,,,,,
CRCB.E3.S3P.C1.D.AbTran.BoxGirder.Obl.M17,0,Spectral Acceleration|1.0,g,0,0,lognormal,0.17,0.64,lognormal,0.79,0.64,,,,,,
CRCB.E3.S3P.C1.D.AbTran.BoxGirder.Span5.MF.Circ.MCP18,0,Spectral Acceleration|1.0,g,0,0,lognormal,0.21,0.57,lognormal,0.74,0.57,,,,,,
CRCB.E3.S3P.C1.D.Approach.Pile.Slope30.SXR22,0,Spectral Acceleration|1.0,g,0,0,lognormal,1.31,1.2,lognormal,4.17,1.6,,,,,,
CRCB.E3.S3P.C1.D.Approach.Pile.Slope45.SXR22,0,Spectral Acceleration|1.0,g,0,0,lognormal,2.28,1.38,,,,,,,,,
CRCB.E3.S3P.C1.D.Approach.Pile.Step.SXR22,0,Spectral Acceleration|1.0,g,0,0,lognormal,0.53,0.8,lognormal,0.74,0.93,,,,,,
CRCB.E3.S3P.C1.D.Bearing.BoxGirder.Span5.MF.Disc.Circ.MCP18,0,Spectral Acceleration|1.0,g,0,0,lognormal,0.34,1.62,lognormal,18.17,1.62,,,,,,
CRCB.E3.S3P.C1.D.Column.BoxGirder.Circ.M17,0,Spectral Acceleration|1.0,g,0,0,lognormal,0.23,0.69,lognormal,0.95,0.69,lognormal,1.92,0.69,lognormal,2.82,0.69
CRCB.E3.S3P.C1.D.Column.BoxGirder.Obl.M17,0,Spectral Acceleration|1.0,g,0,0,lognormal,0.3,0.73,lognormal,1.48,0.73,lognormal,3.24,0.73,lognormal,4.99,0.73
CRCB.E3.S3P.C1.D.Column.BoxGirder.Span5.MF.Circ.MCP18,0,Spectral Acceleration|1.0,g,0,0,lognormal,0.39,0.5,lognormal,0.94,0.5,lognormal,2.67,0.5,lognormal,3.51,0.5
CRCB.E3.S3P.C1.D.DeckMax.BoxGirder.Circ.M17,0,Spectral Acceleration|1.0,g,0,0,lognormal,0.65,0.68,lognormal,1.96,0.68,,,,,,
CRCB.E3.S3P.C1.D.DeckMax.BoxGirder.Obl.M17,0,Spectral Acceleration|1.0,g,0,0,lognormal,0.73,0.63,lognormal,2.52,0.63,,,,,,
CRCB.E3.S3P.C1.D.FndTran.BoxGirder.Circ.M17,0,Spectral Acceleration|1.0,g,0,0,lognormal,1.72,1.14,lognormal,12.95,1.14,,,,,,
CRCB.E3.S3P.C1.D.FndTran.BoxGirder.Obl.M17,0,Spectral Acceleration|1.0,g,0,0,lognormal,1.03,1,lognormal,7.89,1,,,,,,
CRCB.E3.S3P.C1.D.Unseating.BoxGirder.Span5.MF.Disc.Circ.MCP18,0,Spectral Acceleration|1.0,g,0,0,lognormal,11.72,1.04,lognormal,11.72,1.04,lognormal,11.72,1.04,lognormal,17.42,1.04
CRCB.E3.S3P.C1.S.AbAct.BoxGirder.Circ.M17,0,Spectral Acceleration|1.0,g,0,0,lognormal,0.99,0.63,lognormal,2.11,0.63,,,,,,
CRCB.E3.S3P.C1.S.AbAct.BoxGirder.Obl.M17,0,Spectral Acceleration|1.0,g,0,0,lognormal,0.81,0.54,lognormal,1.64,0.54,,,,,,
CRCB.E3.S3P.C1.S.AbPass.BoxGirder.Circ.M17,0,Spectral Acceleration|1.0,g,0,0,lognormal,1.75,0.61,lognormal,4.55,0.61,,,,,,
CRCB.E3.S3P.C1.S.AbPass.BoxGirder.Obl.M17,0,Spectral Acceleration|1.0,g,0,0,lognormal,1.43,0.53,lognormal,3.47,0.53,,,,,,
CRCB.E3.S3P.C1.S.AbTran.BoxGirder.Circ.M17,0,Spectral Acceleration|1.0,g,0,0,lognormal,0.39,0.48,lognormal,1.05,0.48,,,,,,
CRCB.E3.S3P.C1.S.AbTran.BoxGirder.Obl.M17,0,Spectral Acceleration|1.0,g,0,0,lognormal,0.5,0.6,lognormal,1.43,0.6,,,,,,
CRCB.E3.S3P.C1.S.Approach.Cant.Slope30.SXR22,0,Spectral Acceleration|1.0,g,0,0,lognormal,1.88,1.17,,,,,,,,,
CRCB.E3.S3P.C1.S.Approach.Cant.Slope45.SXR22,0,Spectral Acceleration|1.0,g,0,0,lognormal,4.25,1.59,,,,,,,,,
CRCB.E3.S3P.C1.S.Approach.Cant.Step.SXR22,0,Spectral Acceleration|1.0,g,0,0,lognormal,0.71,0.86,lognormal,1,0.96,,,,,,
CRCB.E3.S3P.C1.S.Approach.Pile.Slope30.SXR22,0,Spectral Acceleration|1.0,g,0,0,lognormal,1.31,1.2,lognormal,4.17,1.6,,,,,,
CRCB.E3.S3P.C1.S.Approach.Pile.Slope45.SXR22,0,Spectral Acceleration|1.0,g,0,0,lognormal,2.28,1.38,,,,,,,,,
CRCB.E3.S3P.C1.S.Approach.Pile.Step.SXR22,0,Spectral Acceleration|1.0,g,0,0,lognormal,0.53,0.8,lognormal,0.74,0.93,,,,,,
CRCB.E3.S3P.C1.S.Approach.Reg.Slope30.SXR22,0,Spectral Acceleration|1.0,g,0,0,lognormal,3.08,1.27,,,,,,,,,
CRCB.E3.S3P.C1.S.Approach.Reg.Slope45.SXR22,0,Spectral Acceleration|1.0,g,0,0,lognormal,5.14,1.34,,,,,,,,,
CRCB.E3.S3P.C1.S.Approach.Reg.Step.SXR22,0,Spectral Acceleration|1.0,g,0,0,lognormal,1.16,0.86,lognormal,1.51,0.97,,,,,,
CRCB.E3.S3P.C1.S.Bearing.BoxGirder.Circ.M17,0,Spectral Acceleration|1.0,g,0,0,lognormal,0.17,0.61,lognormal,0.96,0.61,,,,,,
CRCB.E3.S3P.C1.S.Bearing.BoxGirder.Obl.M17,0,Spectral Acceleration|1.0,g,0,0,lognormal,0.17,0.59,lognormal,1.01,0.59,,,,,,
CRCB.E3.S3P.C1.S.Column.BoxGirder.Circ.M17,0,Spectral Acceleration|1.0,g,0,0,lognormal,0.11,0.82,lognormal,0.59,0.82,lognormal,1.36,0.82,lognormal,2.16,0.82
CRCB.E3.S3P.C1.S.Column.BoxGirder.Obl.M17,0,Spectral Acceleration|1.0,g,0,0,lognormal,0.15,1.05,lognormal,1.05,1.05,lognormal,2.7,1.05,lognormal,4.55,1.05
CRCB.E3.S3P.C1.S.DeckMax.BoxGirder.Circ.M17,0,Spectral Acceleration|1.0,g,0,0,lognormal,0.65,0.57,lognormal,2.11,0.57,,,,,,
CRCB.E3.S3P.C1.S.DeckMax.BoxGirder.Obl.M17,0,Spectral Acceleration|1.0,g,0,0,lognormal,0.65,0.55,lognormal,2.22,0.55,,,,,,
CRCB.E3.S3P.C1.S.FndTran.BoxGirder.Circ.M17,0,Spectral Acceleration|1.0,g,0,0,lognormal,1.46,1.02,lognormal,12.66,1.02,,,,,,
CRCB.E3.S3P.C1.S.FndTran.BoxGirder.Obl.M17,0,Spectral Acceleration|1.0,g,0,0,lognormal,0.87,0.9,lognormal,5.98,0.9,,,,,,
CRCB.E3.S3P.C1.S.Seal.BoxGirder.Circ.M17,0,Spectral Acceleration|1.0,g,0,0,lognormal,0.46,0.64,lognormal,23.96,0.64,,,,,,
CRCB.E3.S3P.C1.S.Seal.BoxGirder.Obl.M17,0,Spectral Acceleration|1.0,g,0,0,lognormal,0.43,0.56,lognormal,18.68,0.56,,,,,,
CRCB.E3.S3P.C1.S.Unseating.BoxGirder.Circ.M17,0,Spectral Acceleration|1.0,g,0,0,lognormal,0.22,0.64,lognormal,1.12,0.64,lognormal,2.67,0.64,lognormal,4.16,0.64
CRCB.E3.S3P.C1.S.Unseating.BoxGirder.Obl.M17,0,Spectral Acceleration|1.0,g,0,0,lognormal,0.21,0.56,lognormal,1,0.56,lognormal,2.29,0.56,lognormal,3.5,0.56
CRCB.E3.S3P.C2P.D.AbAct.BoxGirder.MCB.Circ.M17,0,Spectral Acceleration|1.0,g,0,0,lognormal,0.31,0.69,lognormal,0.73,0.69,,,,,,
CRCB.E3.S3P.C2P.D.AbAct.BoxGirder.MCB.Obl.M17,0,Spectral Acceleration|1.0,g,0,0,lognormal,0.31,0.69,lognormal,0.73,0.69,,,,,,
CRCB.E3.S3P.C2P.D.AbAct.BoxGirder.TCB.Circ.M17,0,Spectral Acceleration|1.0,g,0,0,lognormal,0.4,0.65,lognormal,1,0.65,,,,,,
CRCB.E3.S3P.C2P.D.AbAct.BoxGirder.TCB.Obl.M17,0,Spectral Acceleration|1.0,g,0,0,lognormal,0.53,0.93,lognormal,2.1,0.93,,,,,,
CRCB.E3.S3P.C2P.D.AbPass.BoxGirder.MCB.Circ.M17,0,Spectral Acceleration|1.0,g,0,0,lognormal,0.58,0.69,lognormal,1.64,0.69,,,,,,
CRCB.E3.S3P.C2P.D.AbPass.BoxGirder.MCB.Obl.M17,0,Spectral Acceleration|1.0,g,0,0,lognormal,0.58,0.69,lognormal,1.64,0.69,,,,,,
CRCB.E3.S3P.C2P.D.AbPass.BoxGirder.TCB.Circ.M17,0,Spectral Acceleration|1.0,g,0,0,lognormal,0.8,0.66,lognormal,2.36,0.66,,,,,,
CRCB.E3.S3P.C2P.D.AbPass.BoxGirder.TCB.Obl.M17,0,Spectral Acceleration|1.0,g,0,0,lognormal,1.52,0.96,lognormal,8.03,0.96,,,,,,
CRCB.E3.S3P.C2P.D.AbTran.BoxGirder.MCB.Circ.M17,0,Spectral Acceleration|1.0,g,0,0,lognormal,0.11,0.6,lognormal,0.37,0.6,,,,,,
CRCB.E3.S3P.C2P.D.AbTran.BoxGirder.MCB.Obl.M17,0,Spectral Acceleration|1.0,g,0,0,lognormal,0.11,0.6,lognormal,0.37,0.6,,,,,,
CRCB.E3.S3P.C2P.D.AbTran.BoxGirder.TCB.Circ.M17,0,Spectral Acceleration|1.0,g,0,0,lognormal,0.12,0.64,lognormal,0.44,0.64,,,,,,
CRCB.E3.S3P.C2P.D.AbTran.BoxGirder.TCB.Obl.M17,0,Spectral Acceleration|1.0,g,0,0,lognormal,0.16,0.59,lognormal,0.59,0.59,,,,,,
CRCB.E3.S3P.C2P.D.Approach.Pile.Slope30.SXR22,0,Spectral Acceleration|1.0,g,0,0,lognormal,1.31,1.2,lognormal,4.17,1.6,,,,,,
CRCB.E3.S3P.C2P.D.Approach.Pile.Slope45.SXR22,0,Spectral Acceleration|1.0,g,0,0,lognormal,2.28,1.38,,,,,,,,,
CRCB.E3.S3P.C2P.D.Approach.Pile.Step.SXR22,0,Spectral Acceleration|1.0,g,0,0,lognormal,0.53,0.8,lognormal,0.74,0.93,,,,,,
CRCB.E3.S3P.C2P.D.Column.BoxGirder.MCB.Circ.M17,0,Spectral Acceleration|1.0,g,0,0,lognormal,0.13,0.74,lognormal,0.47,0.74,lognormal,0.86,0.74,lognormal,1.2,0.74
CRCB.E3.S3P.C2P.D.Column.BoxGirder.MCB.Obl.M17,0,Spectral Acceleration|1.0,g,0,0,lognormal,0.13,0.74,lognormal,0.47,0.74,lognormal,0.86,0.74,lognormal,1.2,0.74
CRCB.E3.S3P.C2P.D.Column.BoxGirder.TCB.Circ.M17,0,Spectral Acceleration|1.0,g,0,0,lognormal,0.16,0.66,lognormal,0.64,0.66,lognormal,1.27,0.66,lognormal,1.85,0.66
CRCB.E3.S3P.C2P.D.Column.BoxGirder.TCB.Obl.M17,0,Spectral Acceleration|1.0,g,0,0,lognormal,0.25,0.57,lognormal,0.83,0.57,lognormal,1.49,0.57,lognormal,2.06,0.57
CRCB.E3.S3P.C2P.D.DeckMax.BoxGirder.MCB.Circ.M17,0,Spectral Acceleration|1.0,g,0,0,lognormal,0.36,0.58,lognormal,0.97,0.58,,,,,,
CRCB.E3.S3P.C2P.D.DeckMax.BoxGirder.MCB.Obl.M17,0,Spectral Acceleration|1.0,g,0,0,lognormal,0.36,0.58,lognormal,0.97,0.58,,,,,,
CRCB.E3.S3P.C2P.D.DeckMax.BoxGirder.TCB.Circ.M17,0,Spectral Acceleration|1.0,g,0,0,lognormal,0.43,0.63,lognormal,1.18,0.63,,,,,,
CRCB.E3.S3P.C2P.D.DeckMax.BoxGirder.TCB.Obl.M17,0,Spectral Acceleration|1.0,g,0,0,lognormal,0.56,0.58,lognormal,1.62,0.58,,,,,,
CRCB.E3.S3P.C2P.D.FndTran.BoxGirder.MCB.Circ.M17,0,Spectral Acceleration|1.0,g,0,0,lognormal,1.21,1.1,lognormal,8.04,1.1,,,,,,
CRCB.E3.S3P.C2P.D.FndTran.BoxGirder.MCB.Obl.M17,0,Spectral Acceleration|1.0,g,0,0,lognormal,1.21,1.1,lognormal,8.04,1.1,,,,,,
CRCB.E3.S3P.C2P.D.FndTran.BoxGirder.TCB.Circ.M17,0,Spectral Acceleration|1.0,g,0,0,lognormal,1.36,0.97,lognormal,8.66,0.97,,,,,,
CRCB.E3.S3P.C2P.D.FndTran.BoxGirder.TCB.Obl.M17,0,Spectral Acceleration|1.0,g,0,0,lognormal,1.12,1.05,lognormal,10.61,1.05,,,,,,
CRCB.E3.S3P.C2P.S.AbAct.BoxGirder.MCB.Circ.M17,0,Spectral Acceleration|1.0,g,0,0,lognormal,0.62,0.6,lognormal,1.28,0.6,,,,,,
CRCB.E3.S3P.C2P.S.AbAct.BoxGirder.MCB.Obl.M17,0,Spectral Acceleration|1.0,g,0,0,lognormal,0.61,0.55,lognormal,1.22,0.55,,,,,,
CRCB.E3.S3P.C2P.S.AbAct.BoxGirder.TCB.Circ.M17,0,Spectral Acceleration|1.0,g,0,0,lognormal,0.58,0.56,lognormal,1.2,0.56,,,,,,
CRCB.E3.S3P.C2P.S.AbAct.BoxGirder.TCB.Obl.M17,0,Spectral Acceleration|1.0,g,0,0,lognormal,0.68,0.69,lognormal,1.35,0.69,,,,,,
CRCB.E3.S3P.C2P.S.AbPass.BoxGirder.MCB.Circ.M17,0,Spectral Acceleration|1.0,g,0,0,lognormal,1.12,0.55,lognormal,2.87,0.55,,,,,,
CRCB.E3.S3P.C2P.S.AbPass.BoxGirder.MCB.Obl.M17,0,Spectral Acceleration|1.0,g,0,0,lognormal,1.08,0.54,lognormal,2.59,0.54,,,,,,
CRCB.E3.S3P.C2P.S.AbPass.BoxGirder.TCB.Circ.M17,0,Spectral Acceleration|1.0,g,0,0,lognormal,1.08,0.55,lognormal,2.71,0.55,,,,,,
CRCB.E3.S3P.C2P.S.AbPass.BoxGirder.TCB.Obl.M17,0,Spectral Acceleration|1.0,g,0,0,lognormal,1.32,0.69,lognormal,3.29,0.69,,,,,,
CRCB.E3.S3P.C2P.S.AbTran.BoxGirder.MCB.Circ.M17,0,Spectral Acceleration|1.0,g,0,0,lognormal,0.3,0.5,lognormal,0.82,0.5,,,,,,
CRCB.E3.S3P.C2P.S.AbTran.BoxGirder.MCB.Obl.M17,0,Spectral Acceleration|1.0,g,0,0,lognormal,0.4,0.5,lognormal,1.11,0.5,,,,,,
CRCB.E3.S3P.C2P.S.AbTran.BoxGirder.TCB.Circ.M17,0,Spectral Acceleration|1.0,g,0,0,lognormal,0.29,0.48,lognormal,0.83,0.48,,,,,,
CRCB.E3.S3P.C2P.S.AbTran.BoxGirder.TCB.Obl.M17,0,Spectral Acceleration|1.0,g,0,0,lognormal,0.34,0.5,lognormal,0.87,0.5,,,,,,
CRCB.E3.S3P.C2P.S.Approach.Cant.Slope30.SXR22,0,Spectral Acceleration|1.0,g,0,0,lognormal,1.88,1.17,,,,,,,,,
CRCB.E3.S3P.C2P.S.Approach.Cant.Slope45.SXR22,0,Spectral Acceleration|1.0,g,0,0,lognormal,4.25,1.59,,,,,,,,,
CRCB.E3.S3P.C2P.S.Approach.Cant.Step.SXR22,0,Spectral Acceleration|1.0,g,0,0,lognormal,0.71,0.86,lognormal,1,0.96,,,,,,
CRCB.E3.S3P.C2P.S.Approach.Pile.Slope30.SXR22,0,Spectral Acceleration|1.0,g,0,0,lognormal,1.31,1.2,lognormal,4.17,1.6,,,,,,
CRCB.E3.S3P.C2P.S.Approach.Pile.Slope45.SXR22,0,Spectral Acceleration|1.0,g,0,0,lognormal,2.28,1.38,,,,,,,,,
CRCB.E3.S3P.C2P.S.Approach.Pile.Step.SXR22,0,Spectral Acceleration|1.0,g,0,0,lognormal,0.53,0.8,lognormal,0.74,0.93,,,,,,
CRCB.E3.S3P.C2P.S.Approach.Reg.Slope30.SXR22,0,Spectral Acceleration|1.0,g,0,0,lognormal,3.08,1.27,,,,,,,,,
CRCB.E3.S3P.C2P.S.Approach.Reg.Slope45.SXR22,0,Spectral Acceleration|1.0,g,0,0,lognormal,5.14,1.34,,,,,,,,,
CRCB.E3.S3P.C2P.S.Approach.Reg.Step.SXR22,0,Spectral Acceleration|1.0,g,0,0,lognormal,1.16,0.86,lognormal,1.51,0.97,,,,,,
CRCB.E3.S3P.C2P.S.Bearing.BoxGirder.MCB.Circ.M17,0,Spectral Acceleration|1.0,g,0,0,lognormal,0.12,0.58,lognormal,0.66,0.58,,,,,,
CRCB.E3.S3P.C2P.S.Bearing.BoxGirder.MCB.Obl.M17,0,Spectral Acceleration|1.0,g,0,0,lognormal,0.14,0.56,lognormal,0.69,0.56,,,,,,
CRCB.E3.S3P.C2P.S.Bearing.BoxGirder.TCB.Circ.M17,0,Spectral Acceleration|1.0,g,0,0,lognormal,0.11,0.49,lognormal,0.57,0.49,,,,,,
CRCB.E3.S3P.C2P.S.Bearing.BoxGirder.TCB.Obl.M17,0,Spectral Acceleration|1.0,g,0,0,lognormal,0.11,0.58,lognormal,0.67,0.58,,,,,,
CRCB.E3.S3P.C2P.S.Column.BoxGirder.MCB.Circ.M17,0,Spectral Acceleration|1.0,g,0,0,lognormal,0.07,0.96,lognormal,0.36,0.96,lognormal,0.8,0.96,lognormal,1.24,0.96
CRCB.E3.S3P.C2P.S.Column.BoxGirder.MCB.Obl.M17,0,Spectral Acceleration|1.0,g,0,0,lognormal,0.01,1.17,lognormal,0.31,1.17,lognormal,1.82,1.17,lognormal,4.85,1.17
CRCB.E3.S3P.C2P.S.Column.BoxGirder.TCB.Circ.M17,0,Spectral Acceleration|1.0,g,0,0,lognormal,0.03,1.38,lognormal,0.32,1.38,lognormal,1.09,1.38,lognormal,2.15,1.38
CRCB.E3.S3P.C2P.S.Column.BoxGirder.TCB.Obl.M17,0,Spectral Acceleration|1.0,g,0,0,lognormal,0.05,1.22,lognormal,0.65,1.22,lognormal,2.22,1.22,lognormal,4.35,1.22
CRCB.E3.S3P.C2P.S.DeckMax.BoxGirder.MCB.Circ.M17,0,Spectral Acceleration|1.0,g,0,0,lognormal,0.44,0.52,lognormal,1.4,0.52,,,,,,
CRCB.E3.S3P.C2P.S.DeckMax.BoxGirder.MCB.Obl.M17,0,Spectral Acceleration|1.0,g,0,0,lognormal,0.52,0.56,lognormal,1.63,0.56,,,,,,
CRCB.E3.S3P.C2P.S.DeckMax.BoxGirder.TCB.Circ.M17,0,Spectral Acceleration|1.0,g,0,0,lognormal,0.4,0.49,lognormal,1.24,0.49,,,,,,
CRCB.E3.S3P.C2P.S.DeckMax.BoxGirder.TCB.Obl.M17,0,Spectral Acceleration|1.0,g,0,0,lognormal,0.45,0.55,lognormal,1.48,0.55,,,,,,
CRCB.E3.S3P.C2P.S.FndTran.BoxGirder.MCB.Circ.M17,0,Spectral Acceleration|1.0,g,0,0,lognormal,1.11,0.81,lognormal,7.42,0.81,,,,,,
CRCB.E3.S3P.C2P.S.FndTran.BoxGirder.MCB.Obl.M17,0,Spectral Acceleration|1.0,g,0,0,lognormal,0.89,0.95,lognormal,8.41,0.95,,,,,,
CRCB.E3.S3P.C2P.S.FndTran.BoxGirder.TCB.Circ.M17,0,Spectral Acceleration|1.0,g,0,0,lognormal,1.55,0.92,lognormal,11.68,0.92,,,,,,
CRCB.E3.S3P.C2P.S.FndTran.BoxGirder.TCB.Obl.M17,0,Spectral Acceleration|1.0,g,0,0,lognormal,0.65,0.77,lognormal,3.91,0.77,,,,,,
CRCB.E3.S3P.C2P.S.Seal.BoxGirder.MCB.Circ.M17,0,Spectral Acceleration|1.0,g,0,0,lognormal,0.3,0.55,lognormal,11.72,0.55,,,,,,
CRCB.E3.S3P.C2P.S.Seal.BoxGirder.MCB.Obl.M17,0,Spectral Acceleration|1.0,g,0,0,lognormal,0.3,0.55,lognormal,10.25,0.55,,,,,,
CRCB.E3.S3P.C2P.S.Seal.BoxGirder.TCB.Circ.M17,0,Spectral Acceleration|1.0,g,0,0,lognormal,0.28,0.54,lognormal,11,0.54,,,,,,
CRCB.E3.S3P.C2P.S.Seal.BoxGirder.TCB.Obl.M17,0,Spectral Acceleration|1.0,g,0,0,lognormal,0.29,0.54,lognormal,13.16,0.54,,,,,,
CRCB.E3.S3P.C2P.S.Unseating.BoxGirder.MCB.Circ.M17,0,Spectral Acceleration|1.0,g,0,0,lognormal,0.15,0.55,lognormal,0.69,0.55,lognormal,1.53,0.55,lognormal,2.31,0.55
CRCB.E3.S3P.C2P.S.Unseating.BoxGirder.MCB.Obl.M17,0,Spectral Acceleration|1.0,g,0,0,lognormal,0.15,0.55,lognormal,0.66,0.55,lognormal,1.44,0.55,lognormal,2.14,0.55
CRCB.E3.S3P.C2P.S.Unseating.BoxGirder.TCB.Circ.M17,0,Spectral Acceleration|1.0,g,0,0,lognormal,0.14,0.54,lognormal,0.63,0.54,lognormal,1.42,0.54,lognormal,2.14,0.54
CRCB.E3.S3P.C2P.S.Unseating.BoxGirder.TCB.Obl.M17,0,Spectral Acceleration|1.0,g,0,0,lognormal,0.14,0.54,lognormal,0.69,0.54,lognormal,1.59,0.54,lognormal,2.43,0.54
