Bridge group,Fragility notation,Slight_λ,Slight_ζ,Moderate_λ,Moderate_ζ,Extensive_λ,Extensive_ζ,Complete_λ,Complete_ζ,Notes,Reference
E123-S1-C0-D,AbAct,17.56,0.95,78.73,0.95,,,,,"Slab deck, modification factors computed using Era 1 bridge fragilities",Cavalcante et al. (2022)
E123-S1-C0-D,AbAct,16.38,1.17,95.16,1.17,,,,,"Slab deck, modification factors computed using Era 2 and Era 3 bridge fragilities",Cavalcante et al. (2022)
E123-S1-C0-D,AbAct,19.62,0.78,88.57,0.78,,,,,"T-beam, modification factors computed by using Era 1 bridge fragilities",Cavalcante et al. (2022)
E123-S1-C0-D,AbAct,18.3,0.96,107.06,0.96,,,,,"T-beam, modification factors computed using Era 2 and Era 3 bridge fragilities",Cavalcante et al. (2022)
E123-S1-C0-D,AbPass,7.75,1,26.3,1,,,,,"Slab deck, modification factors computed by using Era 1 bridge fragilities",Cavalcante et al. (2022)
E123-S1-C0-D,AbPass,8.5,1.19,37.22,1.19,,,,,"Slab deck, modification factors computed using Era 2 and Era 3 bridge fragilities",Cavalcante et al. (2022)
E123-S1-C0-D,AbPass,9.17,0.81,31.77,0.81,,,,,"T-beam, modification factors computed by using Era 1 bridge fragilities",Cavalcante et al. (2022)
E123-S1-C0-D,AbPass,10.06,0.96,44.96,0.96,,,,,"T-beam, modification factors computed using Era 2 and Era 3 bridge fragilities",Cavalcante et al. (2022)
E123-S1-C0-D,AbTran,6.26,0.9,37.09,0.89,,,,,"Slab deck, modification factors computed by using Era 1 bridge fragilities",Cavalcante et al. (2022)
E123-S1-C0-D,AbTran,4.77,1.31,49.94,1.3,,,,,"Slab deck, modification factors computed using Era 2 and Era 3 bridge fragilities",Cavalcante et al. (2022)
E123-S1-C0-D,AbTran,4.17,0.66,21.22,0.66,,,,,"T-beam, modification factors computed by using Era 1 bridge fragilities",Cavalcante et al. (2022)
E123-S1-C0-D,AbTran,3.18,0.96,28.58,0.96,,,,,"T-beam, modification factors computed using Era 2 and Era 3 bridge fragilities",Cavalcante et al. (2022)
E123-S1-C0-D,Approach,1.16,0.86,1.51,0.97,,,,,Regular-height abutment on spread footing with approach slab damage through step offset,Shao et al. (2022)
E123-S1-C0-D,Approach,0.71,0.86,1,0.96,,,,,Cantilever abutment on spread footing with approach slab damage through step offset,Shao et al. (2022)
E123-S1-C0-D,Approach,0.53,0.8,0.74,0.93,,,,,Abutment on piles with approach slab damage through step offset,Shao et al. (2022)
E123-S1-C0-D,Approach,1.33,0.89,1.94,1.1,,,,,Regular-height abutment on spread footing with approach slab (length 10 ft) damage through slope offset,Shao et al. (2022)
E123-S1-C0-D,Approach,0.86,0.91,1.25,1.05,,,,,Cantilever abutment on spread footing with approach slab (length 10 ft) damage through slope offset,Shao et al. (2022)
E123-S1-C0-D,Approach,0.62,0.9,0.92,1.99,,,,,Abutment on piles with approach slab (length 10 ft) damage through slope offset,Shao et al. (2022)
E123-S1-C0-D,System,0.1,0.69,0.53,0.73,,,,,"Slab deck, modification factors computed by using Era 1 bridge fragilities",Cavalcante et al. (2022)
E123-S1-C0-D,System,0.14,0.63,0.37,0.65,,,,,"Slab deck, modification factors computed using Era 2 bridge fragilities",Cavalcante et al. (2022)
E123-S1-C0-D,System,0.14,0.64,0.37,0.65,,,,,"Slab deck, modification factors computed using Era 3 bridge fragilities",Cavalcante et al. (2022)
E123-S1-C0-D,System,0.1,0.63,0.48,0.66,,,,,"T-beam, modification factors computed by using Era 1 bridge fragilities",Cavalcante et al. (2022)
E123-S1-C0-D,System,0.14,0.57,0.34,0.58,,,,,"T-beam, modification factors computed using Era 2 bridge fragilities",Cavalcante et al. (2022)
E123-S1-C0-D,System,0.14,0.58,0.33,0.58,,,,,"T-beam, modification factors computed using Era 3 bridge fragilities",Cavalcante et al. (2022)
E123-S1-C0-S,Unseating,,,,,0.94,0.73,1.55,0.73,Slab deck,Cavalcante et al. (2022)
E123-S1-C0-S,Unseating,,,,,0.8,0.64,1.3,0.64,T-beam,Cavalcante et al. (2022)
E123-S1-C0-S,AbAct,24.8,0.95,104,0.95,,,,,Slab deck,Cavalcante et al. (2022)
E123-S1-C0-S,AbAct,27.7,0.78,117,0.78,,,,,T-beam,Cavalcante et al. (2022)
E123-S1-C0-S,AbPass,10.9,0.95,35.6,0.95,,,,,Slab deck,Cavalcante et al. (2022)
E123-S1-C0-S,AbPass,12.9,0.77,43,0.77,,,,,T-beam,Cavalcante et al. (2022)
E123-S1-C0-S,AbTran,10.8,1.02,69.9,1.01,,,,,Slab deck,Cavalcante et al. (2022)
E123-S1-C0-S,AbTran,7.2,0.75,40,0.75,,,,,T-beam,Cavalcante et al. (2022)
E123-S1-C0-S,Bearing,0.11,0.64,0.4,0.64,,,,,"Slab deck, longitudinal direction",Cavalcante et al. (2022)
E123-S1-C0-S,Bearing,0.11,0.73,0.42,0.73,,,,,"Slab deck, transverse direction",Cavalcante et al. (2022)
E123-S1-C0-S,Bearing,0.1,0.61,0.37,0.61,,,,,"T-beam, longitudinal direction",Cavalcante et al. (2022)
E123-S1-C0-S,Bearing,0.1,0.64,0.36,0.64,,,,,"T-beam, transverse direction",Cavalcante et al. (2022)
E123-S1-C0-S,Approach,1.16,0.86,1.51,0.97,,,,,Regular-height abutment on spread footing with approach slab damage through step offset,Shao et al. (2022)
E123-S1-C0-S,Approach,0.71,0.86,1,0.96,,,,,Cantilever abutment on spread footing with approach slab damage through step offset,Shao et al. (2022)
E123-S1-C0-S,Approach,0.53,0.8,0.74,0.93,,,,,Abutment on piles with approach slab damage through step offset,Shao et al. (2022)
E123-S1-C0-S,Approach,1.33,0.89,1.94,1.1,,,,,Regular-height abutment on spread footing with approach slab (length 10 ft) damage through slope offset,Shao et al. (2022)
E123-S1-C0-S,Approach,0.86,0.91,1.25,1.05,,,,,Cantilever abutment on spread footing with approach slab (length 10 ft) damage through slope offset,Shao et al. (2022)
E123-S1-C0-S,Approach,0.62,0.9,0.92,1.99,,,,,Abutment on piles with approach slab (length 10 ft) damage through slope offset,Shao et al. (2022)
E123-S1-C0-S,System,0.08,0.62,0.31,0.62,0.94,0.73,1.55,0.73,Slab deck,Cavalcante et al. (2022)
E123-S1-C0-S,System,0.08,0.56,0.28,0.56,0.8,0.64,1.3,0.64,T-beam,Cavalcante et al. (2022)
E1-S2-C1-D,Column,0.13,0.62,0.31,0.62,0.69,0.62,1.05,0.62,"Box-girder,  circular column",Mangalathu (2017)
E1-S2-C1-D,Column,0.21,0.66,0.41,0.66,0.82,0.66,1.17,0.66,"Box-girder,  rectangular column",Mangalathu (2017)
E1-S2-C1-D,FndTran,1.61,0.96,11.04,0.96,,,,,"Box-girder,  circular column",Mangalathu (2017)
E1-S2-C1-D,FndTran,1.05,0.98,7.59,0.98,,,,,"Box-girder,  rectangular column",Mangalathu (2017)
E1-S2-C1-D,FndRot,N/A,N/A,N/A,N/A,,,,,"Box-girder,  circular column",Mangalathu (2017)
E1-S2-C1-D,FndRot,N/A,N/A,N/A,N/A,,,,,"Box-girder,  rectangular column",Mangalathu (2017)
E1-S2-C1-D,DeckMax,0.65,0.59,1.94,0.59,,,,,"Box-girder,  circular column",Mangalathu (2017)
E1-S2-C1-D,DeckMax,0.73,0.59,2.02,0.59,,,,,"Box-girder,  rectangular column",Mangalathu (2017)
E1-S2-C1-D,AbTran,0.18,0.62,0.71,0.62,,,,,"Box-girder,  circular column",Mangalathu (2017)
E1-S2-C1-D,AbTran,0.22,0.63,0.82,0.63,,,,,"Box-girder,  rectangular column",Mangalathu (2017)
E1-S2-C1-D,AbPass,1.04,0.73,3.47,0.73,,,,,"Box-girder,  circular column",Mangalathu (2017)
E1-S2-C1-D,AbPass,0.91,0.71,2.65,0.71,,,,,"Box-girder,  rectangular column",Mangalathu (2017)
E1-S2-C1-D,AbAct,0.5,0.73,1.38,0.73,,,,,"Box-girder,  circular column",Mangalathu (2017)
E1-S2-C1-D,AbAct,0.47,0.7,1.13,0.7,,,,,"Box-girder,  rectangular column",Mangalathu (2017)
E1-S2-C1-D,Approach,1.16,0.86,1.51,0.97,,,,,Regular-height abutment on spread footing with approach slab damage through step offset,Shao et al. (2022)
E1-S2-C1-D,Approach,0.71,0.86,1,0.96,,,,,Cantilever abutment on spread footing with approach slab damage through step offset,Shao et al. (2022)
E1-S2-C1-D,Approach,0.53,0.8,0.74,0.93,,,,,Abutment on piles with approach slab damage through step offset,Shao et al. (2022)
E1-S2-C1-D,Approach,1.33,0.89,1.94,1.1,,,,,Regular-height abutment on spread footing with approach slab (length 10 ft) damage through slope offset,Shao et al. (2022)
E1-S2-C1-D,Approach,0.86,0.91,1.25,1.05,,,,,Cantilever abutment on spread footing with approach slab (length 10 ft) damage through slope offset,Shao et al. (2022)
E1-S2-C1-D,Approach,0.62,0.9,0.92,1.99,,,,,Abutment on piles with approach slab (length 10 ft) damage through slope offset,Shao et al. (2022)
E1-S2-C1-D,System,0.12,0.6,0.3,0.61,0.7,0.63,1.06,0.62,"Box-girder,  circular column",Mangalathu (2017)
E1-S2-C1-D,System,0.17,0.63,0.41,0.64,0.82,0.65,1.18,0.66,"Box-girder,  rectangular column",Mangalathu (2017)
E1-S2-C1-D,System,0.12,0.89,0.21,0.96,0.32,1.08,1.04,1.11,"Box-girder,  circular column",Soleimani et al. (2017)
E1-S2-C1-D,System,0.15,1.03,0.25,1.09,0.39,1.2,1.25,1.22,"Box-girder,  rectangular column",Soleimani et al. (2017)
E1-S2-C1-D,System,0.17,0.98,0.4,1.02,0.64,1.15,2.09,1.23,"Box-girder,  oblong column ",Soleimani et al. (2017)
E1-S2-C1-D,System,0.11,0.91,0.18,0.96,0.28,1.09,0.93,1.14,"Box-girder,  one-way flared column along the transverse direction ",Soleimani et al. (2017)
E1-S2-C2P-D,Column,0.08,0.71,0.2,0.71,0.46,0.71,0.72,0.71,"Box-girder,  circular column",Mangalathu (2017)
E1-S2-C2P-D,Column,0.11,0.75,0.21,0.75,0.43,0.75,0.62,0.75,"Box-girder,  rectangular column",Mangalathu (2017)
E1-S2-C2P-D,Column,0.07,1.11,0.18,1.11,0.44,1.11,0.69,1.11,"Box-girder,  circular column",Mangalathu (2017)
E1-S2-C2P-D,Column,0.06,1.36,0.15,1.36,0.41,1.36,0.69,1.36,"Box-girder,  rectangular column",Mangalathu (2017)
E1-S2-C2P-D,AbAct,0.35,0.73,0.98,0.73,,,,,"Box-girder,  circular column",Mangalathu (2017)
E1-S2-C2P-D,AbAct,0.45,0.66,1.05,0.66,,,,,"Box-girder,  rectangular column",Mangalathu (2017)
E1-S2-C2P-D,AbAct,0.43,0.65,0.93,0.65,,,,,"Box-girder,  circular column",Mangalathu (2017)
E1-S2-C2P-D,AbAct,0.47,0.9,1.28,0.9,,,,,"Box-girder,  rectangular column",Mangalathu (2017)
E1-S2-C2P-D,AbPass,0.75,0.72,2.55,0.72,,,,,"Box-girder,  circular column",Mangalathu (2017)
E1-S2-C2P-D,AbPass,0.83,0.65,2.27,0.65,,,,,"Box-girder,  rectangular column",Mangalathu (2017)
E1-S2-C2P-D,AbPass,0.77,0.65,1.91,0.65,,,,,"Box-girder,  circular column",Mangalathu (2017)
E1-S2-C2P-D,AbPass,0.99,0.9,3.31,0.9,,,,,"Box-girder,  rectangular column",Mangalathu (2017)
E1-S2-C2P-D,AbTran,0.11,0.58,0.43,0.58,,,,,"Box-girder,  circular column",Mangalathu (2017)
E1-S2-C2P-D,AbTran,0.15,0.63,0.52,0.63,,,,,"Box-girder,  rectangular column",Mangalathu (2017)
E1-S2-C2P-D,AbTran,0.12,0.69,0.42,0.69,,,,,"Box-girder,  circular column",Mangalathu (2017)
E1-S2-C2P-D,AbTran,0.15,0.65,0.58,0.65,,,,,"Box-girder,  rectangular column",Mangalathu (2017)
E1-S2-C2P-D,DeckMax,0.41,0.54,1.17,0.54,,,,,"Box-girder,  circular column",Mangalathu (2017)
E1-S2-C2P-D,DeckMax,0.52,0.62,1.4,0.62,,,,,"Box-girder,  rectangular column",Mangalathu (2017)
E1-S2-C2P-D,DeckMax,0.41,0.7,1.1,0.7,,,,,"Box-girder,  circular column",Mangalathu (2017)
E1-S2-C2P-D,DeckMax,0.55,0.6,1.54,0.6,,,,,"Box-girder,  rectangular column",Mangalathu (2017)
E1-S2-C2P-D,FndRot,N/A,N/A,N/A,N/A,,,,,"Box-girder,  circular column",Mangalathu (2017)
E1-S2-C2P-D,FndRot,N/A,N/A,N/A,N/A,,,,,"Box-girder,  rectangular column",Mangalathu (2017)
E1-S2-C2P-D,FndRot,N/A,N/A,N/A,N/A,,,,,"Box-girder,  circular column",Mangalathu (2017)
E1-S2-C2P-D,FndRot,N/A,N/A,N/A,N/A,,,,,"Box-girder,  rectangular column",Mangalathu (2017)
E1-S2-C2P-D,FndTran,2.23,0.9,11.25,0.9,,,,,"Box-girder,  circular column",Mangalathu (2017)
E1-S2-C2P-D,FndTran,2.98,1.09,23.6,1.09,,,,,"Box-girder,  rectangular column",Mangalathu (2017)
E1-S2-C2P-D,FndTran,2.05,0.82,10.22,0.82,,,,,"Box-girder,  circular column",Mangalathu (2017)
E1-S2-C2P-D,FndTran,1.75,1.08,10.24,1.08,,,,,"Box-girder,  rectangular column",Mangalathu (2017)
E1-S2-C2P-D,Approach,1.16,0.86,1.51,0.97,,,,,Regular-height abutment on spread footing with approach slab damage through step offset,Shao et al. (2022)
E1-S2-C2P-D,Approach,0.71,0.86,1,0.96,,,,,Cantilever abutment on spread footing with approach slab damage through step offset,Shao et al. (2022)
E1-S2-C2P-D,Approach,0.53,0.8,0.74,0.93,,,,,Abutment on piles with approach slab damage through step offset,Shao et al. (2022)
E1-S2-C2P-D,Approach,1.33,0.89,1.94,1.1,,,,,Regular-height abutment on spread footing with approach slab (length 10 ft) damage through slope offset,Shao et al. (2022)
E1-S2-C2P-D,Approach,0.86,0.91,1.25,1.05,,,,,Cantilever abutment on spread footing with approach slab (length 10 ft) damage through slope offset,Shao et al. (2022)
E1-S2-C2P-D,Approach,0.62,0.9,0.92,1.99,,,,,Abutment on piles with approach slab (length 10 ft) damage through slope offset,Shao et al. (2022)
E1-S2-C2P-D,System,0.08,0.63,0.2,0.66,0.47,0.71,0.72,0.7,"Box-girder,  circular column",Mangalathu (2017)
E1-S2-C2P-D,System,0.1,0.69,0.21,0.73,0.43,0.75,0.62,0.76,"Box-girder,  rectangular column",Mangalathu (2017)
E1-S2-C2P-D,System,0.07,0.82,0.17,0.87,0.44,1.11,0.69,1.11,"Box-girder,  circular column",Mangalathu (2017)
E1-S2-C2P-D,System,0.06,0.88,0.15,1.06,0.41,1.36,0.69,1.36,"Box-girder,  rectangular column",Mangalathu (2017)
E1-S2-C2P-D,System,0.12,0.73,0.18,0.77,0.25,0.86,0.57,0.89,"Box-girder,  circular column",Soleimani et al. (2017)
E1-S2-C2P-D,System,0.15,0.74,0.24,0.84,0.34,0.94,0.83,0.96,"Box-girder,  rectangular column",Soleimani et al. (2017)
E1-S2-C2P-D,System,0.16,0.69,0.32,0.76,0.46,0.87,1.11,0.9,"Box-girder,  oblong column ",Soleimani et al. (2017)
E1-S2-C2P-D,System,0.12,0.73,0.17,0.77,0.23,0.86,0.53,0.88,"Box-girder,  one-way flared column along the transverse direction ",Soleimani et al. (2017)
E2-S2-C1-D,Column,0.23,0.69,0.95,0.69,1.44,0.69,1.92,0.69,"Box-girder,  circular column",Mangalathu (2017)
E2-S2-C1-D,Column,0.3,0.73,1.48,0.73,2.36,0.73,3.24,0.73,"Box-girder,  oblong column ",Mangalathu (2017)
E2-S2-C1-D,AbAct,0.5,0.74,1.36,0.74,,,,,"Box-girder,  circular column",Mangalathu (2017)
E2-S2-C1-D,AbAct,0.42,0.78,1.23,0.78,,,,,"Box-girder,  oblong column ",Mangalathu (2017)
E2-S2-C1-D,AbPass,1.05,0.73,3.3,0.73,,,,,"Box-girder,  circular column",Mangalathu (2017)
E2-S2-C1-D,AbPass,0.94,0.78,3.35,0.78,,,,,"Box-girder,  oblong column ",Mangalathu (2017)
E2-S2-C1-D,AbTran,0.17,0.71,0.69,0.71,,,,,"Box-girder,  circular column",Mangalathu (2017)
E2-S2-C1-D,AbTran,0.17,0.64,0.79,0.64,,,,,"Box-girder,  oblong column ",Mangalathu (2017)
E2-S2-C1-D,DeckMax,0.65,0.68,1.96,0.68,,,,,"Box-girder,  circular column",Mangalathu (2017)
E2-S2-C1-D,DeckMax,0.73,0.63,2.52,0.63,,,,,"Box-girder,  oblong column ",Mangalathu (2017)
E2-S2-C1-D,FndRot,N/A,N/A,N/A,N/A,,,,,"Box-girder,  circular column",Mangalathu (2017)
E2-S2-C1-D,FndRot,N/A,N/A,N/A,N/A,,,,,"Box-girder,  oblong column ",Mangalathu (2017)
E2-S2-C1-D,FndTran,1.72,1.14,12.95,1.14,,,,,"Box-girder,  circular column",Mangalathu (2017)
E2-S2-C1-D,FndTran,1.03,1,7.89,1,,,,,"Box-girder,  oblong column ",Mangalathu (2017)
E2-S2-C1-D,Approach,1.16,0.86,1.51,0.97,,,,,Regular-height abutment on spread footing with approach slab damage through step offset,Shao et al. (2022)
E2-S2-C1-D,Approach,0.53,0.8,0.74,0.93,,,,,Abutment on piles with approach slab damage through step offset,Shao et al. (2022)
E2-S2-C1-D,Approach,3.08,1.27,N/A,N/A,,,,,Regular-height abutment on spread footing with approach slab (length 30 ft) damage through slope offset,Shao et al. (2022)
E2-S2-C1-D,Approach,1.31,1.2,4.17,1.6,,,,,Abutment on piles with approach slab (length 30 ft) damage through slope offset,Shao et al. (2022)
E2-S2-C1-D,Approach,5.14,1.34,N/A,N/A,,,,,Regular-height abutment on spread footing with approach slab (length 45 ft) damage through slope offset,Shao et al. (2022)
E2-S2-C1-D,Approach,2.28,1.38,N/A,N/A,,,,,Abutment on piles with approach slab (length 45 ft) damage through slope offset,Shao et al. (2022)
E2-S2-C1-D,System,0.15,0.68,0.63,0.68,1.45,0.69,1.93,0.69,"Box-girder,  circular column",Mangalathu (2017)
E2-S2-C1-D,System,0.16,0.64,0.71,0.64,2.36,0.73,3.07,0.65,"Box-girder,  oblong column ",Mangalathu (2017)
E2-S2-C2P-D,Column,0.16,0.66,0.64,0.66,0.97,0.66,1.27,0.66,"Box-girder,  circular column",Mangalathu (2017)
E2-S2-C2P-D,Column,0.25,0.57,0.83,0.57,1.17,0.57,1.49,0.57,"Box-girder,  oblong column ",Mangalathu (2017)
E2-S2-C2P-D,Column,0.13,0.74,0.47,0.74,0.67,0.74,0.86,0.74,"Box-girder,  circular column",Mangalathu (2017)
E2-S2-C2P-D,AbAct,0.4,0.65,1,0.65,,,,,"Box-girder,  circular column",Mangalathu (2017)
E2-S2-C2P-D,AbAct,0.53,0.93,2.1,0.93,,,,,"Box-girder,  oblong column ",Mangalathu (2017)
E2-S2-C2P-D,AbAct,0.31,0.69,0.73,0.69,,,,,"Box-girder,  circular column",Mangalathu (2017)
E2-S2-C2P-D,AbAct,0.41,0.59,1.02,0.59,,,,,"Box-girder,  oblong column ",Mangalathu (2017)
E2-S2-C2P-D,AbPass,0.8,0.66,2.36,0.66,,,,,"Box-girder,  circular column",Mangalathu (2017)
E2-S2-C2P-D,AbPass,1.52,0.96,8.03,0.96,,,,,"Box-girder,  oblong column ",Mangalathu (2017)
E2-S2-C2P-D,AbPass,0.58,0.69,1.64,0.69,,,,,"Box-girder,  circular column",Mangalathu (2017)
E2-S2-C2P-D,AbPass,0.79,0.58,2.35,0.58,,,,,"Box-girder,  oblong column ",Mangalathu (2017)
E2-S2-C2P-D,AbTran,0.12,0.64,0.44,0.64,,,,,"Box-girder,  circular column",Mangalathu (2017)
E2-S2-C2P-D,AbTran,0.16,0.59,0.59,0.59,,,,,"Box-girder,  oblong column ",Mangalathu (2017)
E2-S2-C2P-D,AbTran,0.11,0.6,0.37,0.6,,,,,"Box-girder,  circular column",Mangalathu (2017)
E2-S2-C2P-D,AbTran,0.16,0.5,0.63,0.5,,,,,"Box-girder,  oblong column ",Mangalathu (2017)
E2-S2-C2P-D,DeckMax,0.43,0.63,1.18,0.63,,,,,"Box-girder,  circular column",Mangalathu (2017)
E2-S2-C2P-D,DeckMax,0.56,0.58,1.62,0.58,,,,,"Box-girder,  oblong column ",Mangalathu (2017)
E2-S2-C2P-D,DeckMax,0.36,0.58,0.97,0.58,,,,,"Box-girder,  circular column",Mangalathu (2017)
E2-S2-C2P-D,DeckMax,0.61,0.5,1.78,0.5,,,,,"Box-girder,  oblong column ",Mangalathu (2017)
E2-S2-C2P-D,FndRot,N/A,N/A,N/A,N/A,,,,,"Box-girder,  circular column",Mangalathu (2017)
E2-S2-C2P-D,FndRot,N/A,N/A,N/A,N/A,,,,,"Box-girder,  oblong column ",Mangalathu (2017)
E2-S2-C2P-D,FndRot,N/A,N/A,N/A,N/A,,,,,"Box-girder,  circular column",Mangalathu (2017)
E2-S2-C2P-D,FndRot,N/A,N/A,N/A,N/A,,,,,"Box-girder,  oblong column ",Mangalathu (2017)
E2-S2-C2P-D,FndTran,1.36,0.97,8.66,0.97,,,,,"Box-girder,  circular column",Mangalathu (2017)
E2-S2-C2P-D,FndTran,1.12,1.05,10.61,1.05,,,,,"Box-girder,  oblong column ",Mangalathu (2017)
E2-S2-C2P-D,FndTran,1.21,1.1,8.04,1.1,,,,,"Box-girder,  circular column",Mangalathu (2017)
E2-S2-C2P-D,FndTran,0.59,0.74,3.18,0.74,,,,,"Box-girder,  oblong column ",Mangalathu (2017)
E2-S2-C2P-D,Approach,1.16,0.86,1.51,0.97,,,,,Regular-height abutment on spread footing with approach slab damage through step offset,Shao et al. (2022)
E2-S2-C2P-D,Approach,0.53,0.8,0.74,0.93,,,,,Abutment on piles with approach slab damage through step offset,Shao et al. (2022)
E2-S2-C2P-D,Approach,3.08,1.27,N/A,N/A,,,,,Regular-height abutment on spread footing with approach slab (length 30 ft) damage through slope offset,Shao et al. (2022)
E2-S2-C2P-D,Approach,1.31,1.2,4.17,1.6,,,,,Abutment on piles with approach slab (length 30 ft) damage through slope offset,Shao et al. (2022)
E2-S2-C2P-D,Approach,5.14,1.34,N/A,N/A,,,,,Regular-height abutment on spread footing with approach slab (length 45 ft) damage through slope offset,Shao et al. (2022)
E2-S2-C2P-D,Approach,2.28,1.38,N/A,N/A,,,,,Abutment on piles with approach slab (length 45 ft) damage through slope offset,Shao et al. (2022)
E2-S2-C2P-D,System,0.11,0.62,0.42,0.61,0.97,0.66,1.27,0.66,"Box-girder,  circular column",Mangalathu (2017)
E2-S2-C2P-D,System,0.15,0.58,0.55,0.57,1.17,0.57,1.47,0.57,"Box-girder,  oblong column ",Mangalathu (2017)
E2-S2-C2P-D,System,0.1,0.61,0.33,0.6,0.67,0.74,0.86,0.74,"Box-girder,  circular column",Mangalathu (2017)
E2-S2-C2P-D,System,0.1,0.61,0.33,0.6,0.67,0.74,0.86,0.74,"Box-girder,  oblong column ",Mangalathu (2017)
E3-S2-C1-D,Column,0.23,0.69,0.95,0.69,1.92,0.69,2.82,0.69,"Box-girder,  circular column",Mangalathu (2017)
E3-S2-C1-D,Column,0.3,0.73,1.48,0.73,3.24,0.73,4.99,0.73,"Box-girder,  oblong column ",Mangalathu (2017)
E3-S2-C1-D,AbAct,0.5,0.74,1.36,0.74,,,,,"Box-girder,  circular column",Mangalathu (2017)
E3-S2-C1-D,AbAct,0.42,0.78,1.23,0.78,,,,,"Box-girder,  oblong column ",Mangalathu (2017)
E3-S2-C1-D,AbPass,1.05,0.73,3.3,0.73,,,,,"Box-girder,  circular column",Mangalathu (2017)
E3-S2-C1-D,AbPass,0.94,0.78,3.35,0.78,,,,,"Box-girder,  oblong column ",Mangalathu (2017)
E3-S2-C1-D,AbTran,0.17,0.71,0.69,0.71,,,,,"Box-girder,  circular column",Mangalathu (2017)
E3-S2-C1-D,AbTran,0.17,0.64,0.79,0.64,,,,,"Box-girder,  oblong column ",Mangalathu (2017)
E3-S2-C1-D,DeckMax,0.65,0.68,1.96,0.68,,,,,"Box-girder,  circular column",Mangalathu (2017)
E3-S2-C1-D,DeckMax,0.73,0.63,2.52,0.63,,,,,"Box-girder,  oblong column ",Mangalathu (2017)
E3-S2-C1-D,FndRot,N/A,N/A,N/A,N/A,,,,,"Box-girder,  circular column",Mangalathu (2017)
E3-S2-C1-D,FndRot,N/A,N/A,N/A,N/A,,,,,"Box-girder,  oblong column ",Mangalathu (2017)
E3-S2-C1-D,FndTran,1.72,1.14,12.95,1.14,,,,,"Box-girder,  circular column",Mangalathu (2017)
E3-S2-C1-D,FndTran,1.03,1,7.89,1,,,,,"Box-girder,  oblong column ",Mangalathu (2017)
E3-S2-C1-D,Approach,0.53,0.8,0.74,0.93,,,,,Abutment on piles with approach slab damage through step offset.,Shao et al. (2022)
E3-S2-C1-D,Approach,1.31,1.2,4.17,1.6,,,,,Abutment on piles with approach slab (length 30 ft) damage through slope offset,Shao et al. (2022)
E3-S2-C1-D,Approach,2.28,1.38,N/A,N/A,,,,,Abutment on piles with approach slab (length 45 ft) damage through slope offset,Shao et al. (2022)
E3-S2-C1-D,System,0.15,0.68,0.63,0.68,1.91,0.7,2.86,0.72,"Box-girder,  circular column",Mangalathu (2017)
E3-S2-C1-D,System,0.16,0.64,0.71,0.64,3.1,0.67,4.39,0.63,"Box-girder,  oblong column ",Mangalathu (2017)
E3-S2-C2P-D,Column,0.16,0.66,0.64,0.66,1.27,0.66,1.85,0.66,"Box-girder,  circular column",Mangalathu (2017)
E3-S2-C2P-D,Column,0.25,0.57,0.83,0.57,1.49,0.57,2.06,0.57,"Box-girder,  oblong column ",Mangalathu (2017)
E3-S2-C2P-D,Column,0.13,0.74,0.47,0.74,0.86,0.74,1.2,0.74,"Box-girder,  circular column",Mangalathu (2017)
E3-S2-C2P-D,AbAct,0.4,0.65,1,0.65,,,,,"Box-girder,  circular column",Mangalathu (2017)
E3-S2-C2P-D,AbAct,0.53,0.93,2.1,0.93,,,,,"Box-girder,  oblong column ",Mangalathu (2017)
E3-S2-C2P-D,AbAct,0.31,0.69,0.73,0.69,,,,,"Box-girder,  circular column",Mangalathu (2017)
E3-S2-C2P-D,AbAct,0.41,0.59,1.02,0.59,,,,,"Box-girder,  oblong column ",Mangalathu (2017)
E3-S2-C2P-D,AbPass,0.8,0.66,2.36,0.66,,,,,"Box-girder,  circular column",Mangalathu (2017)
E3-S2-C2P-D,AbPass,1.52,0.96,8.03,0.96,,,,,"Box-girder,  oblong column ",Mangalathu (2017)
E3-S2-C2P-D,AbPass,0.58,0.69,1.64,0.69,,,,,"Box-girder,  circular column",Mangalathu (2017)
E3-S2-C2P-D,AbPass,0.79,0.58,2.35,0.58,,,,,"Box-girder,  oblong column ",Mangalathu (2017)
E3-S2-C2P-D,AbTran,0.12,0.64,0.44,0.64,,,,,"Box-girder,  circular column",Mangalathu (2017)
E3-S2-C2P-D,AbTran,0.16,0.59,0.59,0.59,,,,,"Box-girder,  oblong column ",Mangalathu (2017)
E3-S2-C2P-D,AbTran,0.11,0.6,0.37,0.6,,,,,"Box-girder,  circular column",Mangalathu (2017)
E3-S2-C2P-D,AbTran,0.16,0.5,0.63,0.5,,,,,"Box-girder,  oblong column ",Mangalathu (2017)
E3-S2-C2P-D,DeckMax,0.43,0.63,1.18,0.63,,,,,"Box-girder,  circular column",Mangalathu (2017)
E3-S2-C2P-D,DeckMax,0.56,0.58,1.62,0.58,,,,,"Box-girder,  oblong column ",Mangalathu (2017)
E3-S2-C2P-D,DeckMax,0.36,0.58,0.97,0.58,,,,,"Box-girder,  circular column",Mangalathu (2017)
E3-S2-C2P-D,DeckMax,0.61,0.5,1.78,0.5,,,,,"Box-girder,  oblong column ",Mangalathu (2017)
E3-S2-C2P-D,FndRot,N/A,N/A,N/A,N/A,,,,,"Box-girder,  circular column",Mangalathu (2017)
E3-S2-C2P-D,FndRot,N/A,N/A,N/A,N/A,,,,,"Box-girder,  oblong column ",Mangalathu (2017)
E3-S2-C2P-D,FndRot,N/A,N/A,N/A,N/A,,,,,"Box-girder,  circular column",Mangalathu (2017)
E3-S2-C2P-D,FndRot,N/A,N/A,N/A,N/A,,,,,"Box-girder,  oblong column ",Mangalathu (2017)
E3-S2-C2P-D,FndTran,1.36,0.97,8.66,0.97,,,,,"Box-girder,  circular column",Mangalathu (2017)
E3-S2-C2P-D,FndTran,1.12,1.05,10.61,1.05,,,,,"Box-girder,  oblong column ",Mangalathu (2017)
E3-S2-C2P-D,FndTran,1.21,1.1,8.04,1.1,,,,,"Box-girder,  circular column",Mangalathu (2017)
E3-S2-C2P-D,FndTran,0.59,0.74,3.18,0.74,,,,,"Box-girder,  oblong column ",Mangalathu (2017)
E3-S2-C2P-D,Approach,0.53,0.8,0.74,0.93,,,,,Abutment on piles with approach slab damage through step offset,Shao et al. (2022)
E3-S2-C2P-D,Approach,1.31,1.2,4.17,1.6,,,,,Abutment on piles with approach slab (length 30 ft) damage through slope offset,Shao et al. (2022)
E3-S2-C2P-D,Approach,2.28,1.38,N/A,N/A,,,,,Abutment on piles with approach slab (length 45 ft) damage through slope offset,Shao et al. (2022)
E3-S2-C2P-D,System,0.11,0.62,0.41,0.61,1.27,0.66,1.84,0.66,"Box-girder,  circular column",Mangalathu (2017)
E3-S2-C2P-D,System,0.15,0.58,0.55,0.57,1.49,0.57,2.06,0.58,"Box-girder,  oblong column ",Mangalathu (2017)
E3-S2-C2P-D,System,0.1,0.63,0.33,0.6,0.86,0.75,1.2,0.74,"Box-girder,  circular column",Mangalathu (2017)
E3-S2-C2P-D,System,0.1,0.63,0.33,0.6,0.86,0.75,1.2,0.74,"Box-girder,  oblong column ",Mangalathu (2017)
E1-S3P-C1-D,Column,0.14,0.7,0.34,0.7,0.84,0.7,1.34,0.7,"Box-girder,  circular column",Mangalathu (2017)
E1-S3P-C1-D,Column,0.06,1.32,0.24,1.32,0.99,1.32,2.03,1.32,"Box-girder,  rectangular column",Mangalathu (2017)
E1-S3P-C1-D,Column,0.39,0.6,0.84,0.6,1.41,0.6,2.84,0.6,"Box-girder, multiple frames,  circular column",Mangalathu et al. (2018)
E1-S3P-C1-D,AbAct,0.46,0.68,1.29,0.68,,,,,"Box-girder,  circular column",Mangalathu (2017)
E1-S3P-C1-D,AbAct,0.51,0.63,1.45,0.63,,,,,"Box-girder,  rectangular column",Mangalathu (2017)
E1-S3P-C1-D,AbAct,0.52,0.87,1.83,0.87,,,,,"Box-girder, multiple frames,  circular column",Mangalathu et al. (2018)
E1-S3P-C1-D,AbPass,1.05,0.73,3.66,0.73,,,,,"Box-girder,  circular column",Mangalathu (2017)
E1-S3P-C1-D,AbPass,1.09,0.62,3.71,0.62,,,,,"Box-girder,  rectangular column",Mangalathu (2017)
E1-S3P-C1-D,AbPass,1.86,0.88,7.07,0.88,,,,,"Box-girder, multiple frames,  circular column",Mangalathu et al. (2018)
E1-S3P-C1-D,AbTran,0.2,0.57,0.8,0.57,,,,,"Box-girder,  circular column",Mangalathu (2017)
E1-S3P-C1-D,AbTran,0.29,0.6,1.3,0.6,,,,,"Box-girder,  rectangular column",Mangalathu (2017)
E1-S3P-C1-D,AbTran,0.26,0.57,0.91,0.57,,,,,"Box-girder, multiple frames,  circular column",Mangalathu et al. (2018)
E1-S3P-C1-D,DeckMax,0.76,0.57,2.37,0.57,,,,,"Box-girder,  circular column",Mangalathu (2017)
E1-S3P-C1-D,DeckMax,1.06,0.58,3.47,0.58,,,,,"Box-girder,  rectangular column",Mangalathu (2017)
E1-S3P-C1-D,FndRot,N/A,N/A,N/A,N/A,,,,,"Box-girder,  circular column",Mangalathu (2017)
E1-S3P-C1-D,FndRot,N/A,N/A,N/A,N/A,,,,,"Box-girder,  rectangular column",Mangalathu (2017)
E1-S3P-C1-D,FndTran,1.36,0.86,8.49,0.86,,,,,"Box-girder,  circular column",Mangalathu (2017)
E1-S3P-C1-D,FndTran,1.09,0.8,6.96,0.8,,,,,"Box-girder,  rectangular column",Mangalathu (2017)
E1-S3P-C1-D,Approach,1.16,0.86,1.51,0.97,,,,,Regular-height abutment on spread footing with approach slab damage through step offset,Shao et al. (2022)
E1-S3P-C1-D,Approach,0.71,0.86,1,0.96,,,,,Cantilever abutment on spread footing with approach slab damage through step offset,Shao et al. (2022)
E1-S3P-C1-D,Approach,0.53,0.8,0.74,0.93,,,,,Abutment on piles with approach slab damage through step offset,Shao et al. (2022)
E1-S3P-C1-D,Approach,1.33,0.89,1.94,1.1,,,,,Regular-height abutment on spread footing with approach slab (length 10 ft) damage through slope offset,Shao et al. (2022)
E1-S3P-C1-D,Approach,0.86,0.91,1.25,1.05,,,,,Cantilever abutment on spread footing with approach slab (length 10 ft) damage through slope offset,Shao et al. (2022)
E1-S3P-C1-D,Approach,0.62,0.9,0.92,1.99,,,,,Abutment on piles with approach slab (length 10 ft) damage through slope offset,Shao et al. (2022)
E1-S3P-C1-D,Bearing,0.65,1.4,21.6,1.4,,,,,"Box-girder, multiple frames,  circular column, discontinuous spans",Mangalathu et al. (2018)
E1-S3P-C1-D,Unseating,,,,,3.87,1.12,7.29,1.12,"Box-girder, multiple frames,  circular column, discontinuous spans",Mangalathu et al. (2018)
E1-S3P-C1-D,System,0.12,0.61,0.33,0.65,0.83,0.7,1.33,0.69,"Box-girder,  circular column",Mangalathu (2017)
E1-S3P-C1-D,System,0.06,0.89,0.25,1.11,1,1.32,2.04,1.31,"Box-girder,  rectangular column",Mangalathu (2017)
E1-S3P-C1-D,System,0.22,0.65,0.7,0.65,1.34,0.65,2.67,0.65,"Box-girder, multiple frames,  circular column",Mangalathu et al. (2018)
E1-S3P-C2P-D,Column,0.06,0.89,0.15,0.89,0.36,0.89,0.56,0.89,"Box-girder,  circular column",Mangalathu (2017)
E1-S3P-C2P-D,Column,0.07,0.91,0.17,0.91,0.41,0.91,0.66,0.91,"Box-girder,  rectangular column",Mangalathu (2017)
E1-S3P-C2P-D,Column,0.01,1.13,0.04,1.13,0.19,1.13,0.4,1.13,"Box-girder,  circular column",Mangalathu (2017)
E1-S3P-C2P-D,Column,0.01,1.13,0.04,1.13,0.19,1.13,0.4,1.13,"Box-girder,  rectangular column",Mangalathu (2017)
E1-S3P-C2P-D,AbAct,0.35,0.57,0.9,0.57,,,,,"Box-girder,  circular column",Mangalathu (2017)
E1-S3P-C2P-D,AbAct,0.43,0.63,1.08,0.63,,,,,"Box-girder,  rectangular column",Mangalathu (2017)
E1-S3P-C2P-D,AbAct,0.41,0.62,1.08,0.62,,,,,"Box-girder,  circular column",Mangalathu (2017)
E1-S3P-C2P-D,AbAct,0.41,0.62,1.08,0.62,,,,,"Box-girder,  rectangular column",Mangalathu (2017)
E1-S3P-C2P-D,AbPass,0.71,0.56,2.15,0.56,,,,,"Box-girder,  circular column",Mangalathu (2017)
E1-S3P-C2P-D,AbPass,0.86,0.63,2.58,0.63,,,,,"Box-girder,  rectangular column",Mangalathu (2017)
E1-S3P-C2P-D,AbPass,0.81,0.6,2.52,0.6,,,,,"Box-girder,  circular column",Mangalathu (2017)
E1-S3P-C2P-D,AbPass,0.81,0.6,2.52,0.6,,,,,"Box-girder,  rectangular column",Mangalathu (2017)
E1-S3P-C2P-D,AbTran,0.11,0.59,0.46,0.59,,,,,"Box-girder,  circular column",Mangalathu (2017)
E1-S3P-C2P-D,AbTran,0.15,0.55,0.58,0.55,,,,,"Box-girder,  rectangular column",Mangalathu (2017)
E1-S3P-C2P-D,AbTran,0.17,0.46,0.6,0.46,,,,,"Box-girder,  circular column",Mangalathu (2017)
E1-S3P-C2P-D,AbTran,0.17,0.46,0.6,0.46,,,,,"Box-girder,  rectangular column",Mangalathu (2017)
E1-S3P-C2P-D,DeckMax,0.44,0.57,1.31,0.57,,,,,"Box-girder,  circular column",Mangalathu (2017)
E1-S3P-C2P-D,DeckMax,0.54,0.53,1.57,0.53,,,,,"Box-girder,  rectangular column",Mangalathu (2017)
E1-S3P-C2P-D,DeckMax,0.54,0.46,1.42,0.46,,,,,"Box-girder,  circular column",Mangalathu (2017)
E1-S3P-C2P-D,DeckMax,0.54,0.46,1.42,0.46,,,,,"Box-girder,  rectangular column",Mangalathu (2017)
E1-S3P-C2P-D,FndRot,N/A,N/A,N/A,N/A,,,,,"Box-girder,  circular column",Mangalathu (2017)
E1-S3P-C2P-D,FndRot,N/A,N/A,N/A,N/A,,,,,"Box-girder,  rectangular column",Mangalathu (2017)
E1-S3P-C2P-D,FndRot,N/A,N/A,N/A,N/A,,,,,"Box-girder,  circular column",Mangalathu (2017)
E1-S3P-C2P-D,FndRot,N/A,N/A,N/A,N/A,,,,,"Box-girder,  rectangular column",Mangalathu (2017)
E1-S3P-C2P-D,FndTran,1.72,0.9,8.84,0.9,,,,,"Box-girder,  circular column",Mangalathu (2017)
E1-S3P-C2P-D,FndTran,3.86,0.93,37.46,0.93,,,,,"Box-girder,  rectangular column",Mangalathu (2017)
E1-S3P-C2P-D,FndTran,3.68,1.05,34.68,1.05,,,,,"Box-girder,  circular column",Mangalathu (2017)
E1-S3P-C2P-D,FndTran,3.68,1.05,34.68,1.05,,,,,"Box-girder,  rectangular column",Mangalathu (2017)
E1-S3P-C2P-D,Approach,1.16,0.86,1.51,0.97,,,,,Regular-height abutment on spread footing with approach slab damage through step offset,Shao et al. (2022)
E1-S3P-C2P-D,Approach,0.71,0.86,1,0.96,,,,,Cantilever abutment on spread footing with approach slab damage through step offset,Shao et al. (2022)
E1-S3P-C2P-D,Approach,0.53,0.8,0.74,0.93,,,,,Abutment on piles with approach slab damage through step offset,Shao et al. (2022)
E1-S3P-C2P-D,Approach,1.33,0.89,1.94,1.1,,,,,Regular-height abutment on spread footing with approach slab (length 10 ft) damage through slope offset,Shao et al. (2022)
E1-S3P-C2P-D,Approach,0.86,0.91,1.25,1.05,,,,,Cantilever abutment on spread footing with approach slab (length 10 ft) damage through slope offset,Shao et al. (2022)
E1-S3P-C2P-D,Approach,0.62,0.9,0.92,1.99,,,,,Abutment on piles with approach slab (length 10 ft) damage through slope offset,Shao et al. (2022)
E1-S3P-C2P-D,System,0.06,0.72,0.15,0.77,0.36,0.89,0.56,0.89,"Box-girder,  circular column",Mangalathu (2017)
E1-S3P-C2P-D,System,0.07,0.75,0.17,0.79,0.41,0.91,0.66,0.92,"Box-girder,  rectangular column",Mangalathu (2017)
E1-S3P-C2P-D,System,0.01,1.04,0.04,0.98,0.19,1.13,0.4,1.13,"Box-girder,  circular column",Mangalathu (2017)
E1-S3P-C2P-D,System,0.01,1.04,0.04,0.98,0.19,1.13,0.4,1.13,"Box-girder,  rectangular column",Mangalathu (2017)
E2-S3P-C1-D,Column,0.23,0.69,0.95,0.69,1.44,0.69,1.92,0.69,"Box-girder,  circular column",Mangalathu (2017)
E2-S3P-C1-D,Column,0.3,0.73,1.48,0.73,2.36,0.73,3.24,0.73,"Box-girder,  oblong column ",Mangalathu (2017)
E2-S3P-C1-D,Column,0.38,0.5,0.9,0.5,1.73,0.5,2.54,0.5,"Box-girder, multiple frames,  circular column",Mangalathu et al. (2018)
E2-S3P-C1-D,AbAct,0.5,0.74,1.36,0.74,,,,,"Box-girder,  circular column",Mangalathu (2017)
E2-S3P-C1-D,AbAct,0.42,0.78,1.23,0.78,,,,,"Box-girder,  oblong column ",Mangalathu (2017)
E2-S3P-C1-D,AbAct,0.31,0.72,0.95,0.72,,,,,"Box-girder, multiple frames,  circular column",Mangalathu et al. (2018)
E2-S3P-C1-D,AbPass,1.05,0.73,3.3,0.73,,,,,"Box-girder,  circular column",Mangalathu (2017)
E2-S3P-C1-D,AbPass,0.94,0.78,3.35,0.78,,,,,"Box-girder,  circular column",Mangalathu (2017)
E2-S3P-C1-D,AbPass,0.94,0.69,2.75,0.69,,,,,"Box-girder, multiple frames,  oblong column ",Mangalathu et al. (2018)
E2-S3P-C1-D,AbTran,0.17,0.71,0.69,0.71,,,,,"Box-girder,  circular column",Mangalathu (2017)
E2-S3P-C1-D,AbTran,0.17,0.64,0.79,0.64,,,,,"Box-girder,  oblong column ",Mangalathu (2017)
E2-S3P-C1-D,AbTran,0.21,0.54,0.7,0.54,,,,,"Box-girder, multiple frames,  circular column",Mangalathu et al. (2018)
E2-S3P-C1-D,DeckMax,0.65,0.68,1.96,0.68,,,,,"Box-girder,  circular column",Mangalathu (2017)
E2-S3P-C1-D,DeckMax,0.73,0.63,2.52,0.63,,,,,"Box-girder,  oblong column ",Mangalathu (2017)
E2-S3P-C1-D,FndRot,N/A,N/A,N/A,N/A,,,,,"Box-girder,  circular column",Mangalathu (2017)
E2-S3P-C1-D,FndRot,N/A,N/A,N/A,N/A,,,,,"Box-girder,  oblong column ",Mangalathu (2017)
E2-S3P-C1-D,FndTran,1.72,1.14,12.95,1.14,,,,,"Box-girder,  circular column",Mangalathu (2017)
E2-S3P-C1-D,FndTran,1.03,1,7.89,1,,,,,"Box-girder,  oblong column ",Mangalathu (2017)
E2-S3P-C1-D,Approach,1.16,0.86,1.51,0.97,,,,,Regular-height abutment on spread footing with approach slab damage through step offset,Shao et al. (2022)
E2-S3P-C1-D,Approach,0.53,0.8,0.74,0.93,,,,,Abutment on piles with approach slab damage through step offset,Shao et al. (2022)
E2-S3P-C1-D,Approach,3.08,1.27,N/A,N/A,,,,,Regular-height abutment on spread footing with approach slab (length 30 ft) damage through slope offset,Shao et al. (2022)
E2-S3P-C1-D,Approach,1.31,1.2,4.17,1.6,,,,,Abutment on piles with approach slab (length 30 ft) damage through slope offset,Shao et al. (2022)
E2-S3P-C1-D,Approach,5.14,1.34,N/A,N/A,,,,,Regular-height abutment on spread footing with approach slab (length 45 ft) damage through slope offset,Shao et al. (2022)
E2-S3P-C1-D,Approach,2.28,1.38,N/A,N/A,,,,,Abutment on piles with approach slab (length 45 ft) damage through slope offset,Shao et al. (2022)
E2-S3P-C1-D,Bearing,0.39,1.51,17.14,1.51,,,,,"Box-girder, multiple frames,  circular columnonly for discontinuous bridges",Mangalathu et al. (2018)
E2-S3P-C1-D,Unseating,,,,,9.8,0.99,14.93,0.99,"Box-girder, multiple frames,  circular columnonly for discontinuous bridges",Mangalathu et al. (2018)
E2-S3P-C1-D,System,0.15,0.56,0.59,0.54,1.34,0.71,1.79,0.71,"Box-girder,  circular column",Mangalathu (2017)
E2-S3P-C1-D,System,0.19,0.67,0.93,0.66,3.04,0.93,4.26,0.87,"Box-girder,  oblong column ",Mangalathu (2017)
E2-S3P-C1-D,System,0.17,0.55,0.61,0.55,1.74,0.55,2.55,0.55,"Box-girder, multiple frames,  circular column",Mangalathu et al. (2018)
E2-S3P-C2P-D,Column,0.16,0.66,0.64,0.66,0.97,0.66,1.27,0.66,"Box-girder,  circular column",Mangalathu (2017)
E2-S3P-C2P-D,Column,0.25,0.57,0.83,0.57,1.17,0.57,1.49,0.57,"Box-girder,  oblong column ",Mangalathu (2017)
E2-S3P-C2P-D,Column,0.13,0.74,0.47,0.74,0.67,0.74,0.86,0.74,"Box-girder,  circular column",Mangalathu (2017)
E2-S3P-C2P-D,Column,0.13,0.74,0.47,0.74,0.67,0.74,0.86,0.74,"Box-girder,  oblong column ",Mangalathu (2017)
E2-S3P-C2P-D,Column,0.28,0.55,0.79,0.55,1.07,0.55,1.31,0.55,"Box-girder,  oblong column ","Jeon, Mangalathu and Lee (2019)"
E2-S3P-C2P-D,Column,0.28,0.55,0.79,0.55,1.07,0.55,1.32,0.55,"Box-girder,  one-way flared column","Jeon, Mangalathu and Lee (2019)"
E2-S3P-C2P-D,Column,0.38,0.62,1.12,0.62,1.54,0.62,1.92,0.62,"Box-girder,  one-way flared column along the transverse direction","Jeon, Mangalathu and Lee (2019)"
E2-S3P-C2P-D,Column,0.38,0.63,1.12,0.63,1.54,0.63,1.91,0.63,"Box-girder,  two-way flared column","Jeon, Mangalathu and Lee (2019)"
E2-S3P-C2P-D,AbAct,0.4,0.65,1,0.65,,,,,"Box-girder,  circular column",Mangalathu (2017)
E2-S3P-C2P-D,AbAct,0.53,0.93,2.1,0.93,,,,,"Box-girder,  oblong column ",Mangalathu (2017)
E2-S3P-C2P-D,AbAct,0.31,0.69,0.73,0.69,,,,,"Box-girder,  circular column",Mangalathu (2017)
E2-S3P-C2P-D,AbAct,0.31,0.69,0.73,0.69,,,,,"Box-girder,  oblong column ",Mangalathu (2017)
E2-S3P-C2P-D,AbAct,0.59,0.91,1.73,0.91,,,,,"Box-girder,  oblong column ","Jeon, Mangalathu and Lee (2019)"
E2-S3P-C2P-D,AbAct,0.59,0.91,1.73,0.91,,,,,"Box-girder,  one-way flared column","Jeon, Mangalathu and Lee (2019)"
E2-S3P-C2P-D,AbAct,0.61,0.92,1.8,0.92,,,,,"Box-girder,  one-way flared column along the transverse direction","Jeon, Mangalathu and Lee (2019)"
E2-S3P-C2P-D,AbAct,0.63,0.91,1.87,0.91,,,,,"Box-girder,  two-way flared column","Jeon, Mangalathu and Lee (2019)"
E2-S3P-C2P-D,AbPass,0.8,0.66,2.36,0.66,,,,,"Box-girder,  circular column",Mangalathu (2017)
E2-S3P-C2P-D,AbPass,1.52,0.96,8.03,0.96,,,,,"Box-girder,  oblong column ",Mangalathu (2017)
E2-S3P-C2P-D,AbPass,0.58,0.69,1.64,0.69,,,,,"Box-girder,  circular column",Mangalathu (2017)
E2-S3P-C2P-D,AbPass,0.58,0.69,1.64,0.69,,,,,"Box-girder,  oblong column ",Mangalathu (2017)
E2-S3P-C2P-D,AbPass,1.35,0.93,4.8,0.93,,,,,"Box-girder,  oblong column ","Jeon, Mangalathu and Lee (2019)"
E2-S3P-C2P-D,AbPass,1.35,0.93,4.85,0.93,,,,,"Box-girder,  one-way flared column","Jeon, Mangalathu and Lee (2019)"
E2-S3P-C2P-D,AbPass,1.4,0.94,5.03,0.94,,,,,"Box-girder,  one-way flared column along the transverse direction","Jeon, Mangalathu and Lee (2019)"
E2-S3P-C2P-D,AbPass,1.45,0.93,5.21,0.93,,,,,"Box-girder,  two-way flared column","Jeon, Mangalathu and Lee (2019)"
E2-S3P-C2P-D,AbTran,0.12,0.64,0.44,0.64,,,,,"Box-girder,  circular column",Mangalathu (2017)
E2-S3P-C2P-D,AbTran,0.16,0.59,0.59,0.59,,,,,"Box-girder,  oblong column ",Mangalathu (2017)
E2-S3P-C2P-D,AbTran,0.11,0.6,0.37,0.6,,,,,"Box-girder,  circular column",Mangalathu (2017)
E2-S3P-C2P-D,AbTran,0.11,0.6,0.37,0.6,,,,,"Box-girder,  oblong column ",Mangalathu (2017)
E2-S3P-C2P-D,AbTran,0.19,0.55,0.66,0.55,,,,,"Box-girder,  oblong column ","Jeon, Mangalathu and Lee (2019)"
E2-S3P-C2P-D,AbTran,0.19,0.54,0.66,0.54,,,,,"Box-girder,  one-way flared column","Jeon, Mangalathu and Lee (2019)"
E2-S3P-C2P-D,AbTran,0.23,0.61,0.81,0.61,,,,,"Box-girder,  one-way flared column along the transverse direction","Jeon, Mangalathu and Lee (2019)"
E2-S3P-C2P-D,AbTran,0.23,0.6,0.8,0.6,,,,,"Box-girder,  two-way flared column","Jeon, Mangalathu and Lee (2019)"
E2-S3P-C2P-D,DeckMax,0.43,0.63,1.18,0.63,,,,,"Box-girder,  circular column",Mangalathu (2017)
E2-S3P-C2P-D,DeckMax,0.56,0.58,1.62,0.58,,,,,"Box-girder,  oblong column ",Mangalathu (2017)
E2-S3P-C2P-D,DeckMax,0.36,0.58,0.97,0.58,,,,,"Box-girder,  circular column",Mangalathu (2017)
E2-S3P-C2P-D,DeckMax,0.36,0.58,0.97,0.58,,,,,"Box-girder,  oblong column ",Mangalathu (2017)
E2-S3P-C2P-D,FndRot,N/A,N/A,N/A,N/A,,,,,"Box-girder,  circular column",Mangalathu (2017)
E2-S3P-C2P-D,FndRot,N/A,N/A,N/A,N/A,,,,,"Box-girder,  oblong column ",Mangalathu (2017)
E2-S3P-C2P-D,FndRot,N/A,N/A,N/A,N/A,,,,,"Box-girder,  circular column",Mangalathu (2017)
E2-S3P-C2P-D,FndRot,N/A,N/A,N/A,N/A,,,,,"Box-girder,  oblong column ",Mangalathu (2017)
E2-S3P-C2P-D,FndTran,1.36,0.97,8.66,0.97,,,,,"Box-girder,  circular column",Mangalathu (2017)
E2-S3P-C2P-D,FndTran,1.12,1.05,10.61,1.05,,,,,"Box-girder,  oblong column ",Mangalathu (2017)
E2-S3P-C2P-D,FndTran,1.21,1.1,8.04,1.1,,,,,"Box-girder,  circular column",Mangalathu (2017)
E2-S3P-C2P-D,FndTran,1.21,1.1,8.04,1.1,,,,,"Box-girder,  oblong column ",Mangalathu (2017)
E2-S3P-C2P-D,Approach,1.16,0.86,1.51,0.97,,,,,Regular-height abutment on spread footing with approach slab damage through step offset,Shao et al. (2022)
E2-S3P-C2P-D,Approach,0.53,0.8,0.74,0.93,,,,,Abutment on piles with approach slab damage through step offset,Shao et al. (2022)
E2-S3P-C2P-D,Approach,3.08,1.27,N/A,N/A,,,,,Regular-height abutment on spread footing with approach slab (length 30 ft) damage through slope offset,Shao et al. (2022)
E2-S3P-C2P-D,Approach,1.31,1.2,4.17,1.6,,,,,Abutment on piles with approach slab (length 30 ft) damage through slope offset,Shao et al. (2022)
E2-S3P-C2P-D,Approach,5.14,1.34,N/A,N/A,,,,,Regular-height abutment on spread footing with approach slab (length 45 ft) damage through slope offset,Shao et al. (2022)
E2-S3P-C2P-D,Approach,2.28,1.38,N/A,N/A,,,,,Abutment on piles with approach slab (length 45 ft) damage through slope offset,Shao et al. (2022)
E2-S3P-C2P-D,System,0.09,0.62,0.39,0.59,0.82,0.89,1.12,0.89,"Box-girder,  circular column",Mangalathu (2017)
E2-S3P-C2P-D,System,0.11,0.71,0.56,0.73,1.79,1.12,2.64,1.16,"Box-girder,  oblong column ",Mangalathu (2017)
E2-S3P-C2P-D,System,0.09,0.54,0.35,0.5,0.68,0.71,0.93,0.71,"Box-girder,  circular column",Mangalathu (2017)
E2-S3P-C2P-D,System,0.03,0.82,0.47,0.73,2,1.59,4,1.66,"Box-girder,  oblong column ",Mangalathu (2017)
E2-S3P-C2P-D,System,0.19,0.54,0.6,0.54,1.07,0.54,1.31,0.54,"Box-girder,  oblong column ","Jeon, Mangalathu and Lee (2019)"
E2-S3P-C2P-D,System,0.18,0.55,0.59,0.55,1.07,0.55,1.31,0.55,"Box-girder,  one-way flared column","Jeon, Mangalathu and Lee (2019)"
E2-S3P-C2P-D,System,0.22,0.62,0.74,0.62,1.55,0.62,1.92,0.62,"Box-girder,  one-way flared column along the transverse direction","Jeon, Mangalathu and Lee (2019)"
E2-S3P-C2P-D,System,0.22,0.62,0.75,0.62,1.55,0.62,1.92,0.62,"Box-girder,  two-way flared column","Jeon, Mangalathu and Lee (2019)"
E3-S3P-C1-D,Column,0.23,0.69,0.95,0.69,1.92,0.69,2.82,0.69,"Box-girder,  circular column",Mangalathu (2017)
E3-S3P-C1-D,Column,0.3,0.73,1.48,0.73,3.24,0.73,4.99,0.73,"Box-girder,  oblong column ",Mangalathu (2017)
E3-S3P-C1-D,Column,0.39,0.5,0.94,0.5,2.67,0.5,3.51,0.5,"Box-girder, multiple frames,  circular column",Mangalathu et al. (2018)
E3-S3P-C1-D,AbAct,0.5,0.74,1.36,0.74,,,,,"Box-girder,  circular column",Mangalathu (2017)
E3-S3P-C1-D,AbAct,0.42,0.78,1.23,0.78,,,,,"Box-girder,  oblong column ",Mangalathu (2017)
E3-S3P-C1-D,AbAct,0.31,0.74,0.97,0.74,,,,,"Box-girder, multiple frames,  circular column",Mangalathu et al. (2018)
E3-S3P-C1-D,AbPass,1.05,0.73,3.3,0.73,,,,,"Box-girder,  circular column",Mangalathu (2017)
E3-S3P-C1-D,AbPass,0.94,0.78,3.35,0.78,,,,,"Box-girder,  oblong column ",Mangalathu (2017)
E3-S3P-C1-D,AbPass,1.01,0.72,3,0.72,,,,,"Box-girder, multiple frames,  circular column",Mangalathu et al. (2018)
E3-S3P-C1-D,AbTran,0.17,0.71,0.69,0.71,,,,,"Box-girder,  circular column",Mangalathu (2017)
E3-S3P-C1-D,AbTran,0.17,0.64,0.79,0.64,,,,,"Box-girder,  oblong column ",Mangalathu (2017)
E3-S3P-C1-D,AbTran,0.21,0.57,0.74,0.57,,,,,"Box-girder, multiple frames,  circular column",Mangalathu et al. (2018)
E3-S3P-C1-D,DeckMax,0.65,0.68,1.96,0.68,,,,,"Box-girder,  circular column",Mangalathu (2017)
E3-S3P-C1-D,DeckMax,0.73,0.63,2.52,0.63,,,,,"Box-girder,  oblong column ",Mangalathu (2017)
E3-S3P-C1-D,FndRot,N/A,N/A,N/A,N/A,,,,,"Box-girder,  circular column",Mangalathu (2017)
E3-S3P-C1-D,FndRot,N/A,N/A,N/A,N/A,,,,,"Box-girder,  oblong column ",Mangalathu (2017)
E3-S3P-C1-D,FndTran,1.72,1.14,12.95,1.14,,,,,"Box-girder,  circular column",Mangalathu (2017)
E3-S3P-C1-D,FndTran,1.03,1,7.89,1,,,,,"Box-girder,  oblong column ",Mangalathu (2017)
E3-S3P-C1-D,Approach,0.53,0.8,0.74,0.93,,,,,Abutment on piles with approach slab damage through step offset,Shao et al. (2022)
E3-S3P-C1-D,Approach,1.31,1.2,4.17,1.6,,,,,Abutment on piles with approach slab (length 30 ft) damage through slope offset,Shao et al. (2022)
E3-S3P-C1-D,Approach,2.28,1.38,N/A,N/A,,,,,Abutment on piles with approach slab (length 45 ft) damage through slope offset,Shao et al. (2022)
E3-S3P-C1-D,Bearing,0.34,1.62,18.17,1.62,,,,,"Box-girder, multiple frames,  circular columnonly for discontinuous bridges",Mangalathu et al. (2018)
E3-S3P-C1-D,Unseating,,,,,11.72,1.04,17.42,1.04,"Box-girder, multiple frames,  circular columnonly for discontinuous bridges",Mangalathu et al. (2018)
E3-S3P-C1-D,System,0.15,0.55,0.58,0.54,1.78,0.71,2.63,0.69,"Box-girder,  circular column",Mangalathu (2017)
E3-S3P-C1-D,System,0.2,0.67,0.93,0.66,4.47,0.94,6.44,0.82,"Box-girder,  oblong column ",Mangalathu (2017)
E3-S3P-C1-D,System,0.16,0.58,0.62,0.58,2.61,0.58,3.45,0.58,"Box-girder, multiple frames,  circular column",Mangalathu et al. (2018)
E3-S3P-C2P-D,Column,0.16,0.66,0.64,0.66,1.27,0.66,1.85,0.66,"Box-girder,  circular column",Mangalathu (2017)
E3-S3P-C2P-D,Column,0.25,0.57,0.83,0.57,1.49,0.57,2.06,0.57,"Box-girder,  oblong column ",Mangalathu (2017)
E3-S3P-C2P-D,Column,0.13,0.74,0.47,0.74,0.86,0.74,1.2,0.74,"Box-girder,  circular column",Mangalathu (2017)
E3-S3P-C2P-D,Column,0.13,0.74,0.47,0.74,0.86,0.74,1.2,0.74,"Box-girder,  oblong column ",Mangalathu (2017)
E3-S3P-C2P-D,AbAct,0.4,0.65,1,0.65,,,,,"Box-girder,  circular column",Mangalathu (2017)
E3-S3P-C2P-D,AbAct,0.53,0.93,2.1,0.93,,,,,"Box-girder,  oblong column ",Mangalathu (2017)
E3-S3P-C2P-D,AbAct,0.31,0.69,0.73,0.69,,,,,"Box-girder,  circular column",Mangalathu (2017)
E3-S3P-C2P-D,AbAct,0.31,0.69,0.73,0.69,,,,,"Box-girder,  oblong column ",Mangalathu (2017)
E3-S3P-C2P-D,AbPass,0.8,0.66,2.36,0.66,,,,,"Box-girder,  circular column",Mangalathu (2017)
E3-S3P-C2P-D,AbPass,1.52,0.96,8.03,0.96,,,,,"Box-girder,  oblong column ",Mangalathu (2017)
E3-S3P-C2P-D,AbPass,0.58,0.69,1.64,0.69,,,,,"Box-girder,  circular column",Mangalathu (2017)
E3-S3P-C2P-D,AbPass,0.58,0.69,1.64,0.69,,,,,"Box-girder,  oblong column ",Mangalathu (2017)
E3-S3P-C2P-D,AbTran,0.12,0.64,0.44,0.64,,,,,"Box-girder,  circular column",Mangalathu (2017)
E3-S3P-C2P-D,AbTran,0.16,0.59,0.59,0.59,,,,,"Box-girder,  oblong column ",Mangalathu (2017)
E3-S3P-C2P-D,AbTran,0.11,0.6,0.37,0.6,,,,,"Box-girder,  circular column",Mangalathu (2017)
E3-S3P-C2P-D,AbTran,0.11,0.6,0.37,0.6,,,,,"Box-girder,  oblong column ",Mangalathu (2017)
E3-S3P-C2P-D,DeckMax,0.43,0.63,1.18,0.63,,,,,"Box-girder,  circular column",Mangalathu (2017)
E3-S3P-C2P-D,DeckMax,0.56,0.58,1.62,0.58,,,,,"Box-girder,  oblong column ",Mangalathu (2017)
E3-S3P-C2P-D,DeckMax,0.36,0.58,0.97,0.58,,,,,"Box-girder,  circular column",Mangalathu (2017)
E3-S3P-C2P-D,DeckMax,0.36,0.58,0.97,0.58,,,,,"Box-girder,  oblong column ",Mangalathu (2017)
E3-S3P-C2P-D,FndRot,N/A,N/A,N/A,N/A,,,,,"Box-girder,  circular column",Mangalathu (2017)
E3-S3P-C2P-D,FndRot,N/A,N/A,N/A,N/A,,,,,"Box-girder,  oblong column ",Mangalathu (2017)
E3-S3P-C2P-D,FndRot,N/A,N/A,N/A,N/A,,,,,"Box-girder,  circular column",Mangalathu (2017)
E3-S3P-C2P-D,FndRot,N/A,N/A,N/A,N/A,,,,,"Box-girder,  oblong column ",Mangalathu (2017)
E3-S3P-C2P-D,FndTran,1.36,0.97,8.66,0.97,,,,,"Box-girder,  circular column",Mangalathu (2017)
E3-S3P-C2P-D,FndTran,1.12,1.05,10.61,1.05,,,,,"Box-girder,  oblong column ",Mangalathu (2017)
E3-S3P-C2P-D,FndTran,1.21,1.1,8.04,1.1,,,,,"Box-girder,  circular column",Mangalathu (2017)
E3-S3P-C2P-D,FndTran,1.21,1.1,8.04,1.1,,,,,"Box-girder,  oblong column ",Mangalathu (2017)
E3-S3P-C2P-D,Approach,0.53,0.8,0.74,0.93,,,,,Abutment on piles with approach slab damage through step offset.,Shao et al. (2022)
E3-S3P-C2P-D,Approach,1.31,1.2,4.17,1.6,,,,,Abutment on piles with approach slab (length 30 ft) damage through slope offset,Shao et al. (2022)
E3-S3P-C2P-D,Approach,2.28,1.38,N/A,N/A,,,,,Abutment on piles with approach slab (length 45 ft) damage through slope offset,Shao et al. (2022)
E3-S3P-C2P-D,System,0.09,0.62,0.39,0.6,1.12,0.89,1.72,0.89,"Box-girder,  circular column",Mangalathu (2017)
E3-S3P-C2P-D,System,0.11,0.73,0.56,0.73,2.59,1.12,4.34,1.12,"Box-girder,  oblong column ",Mangalathu (2017)
E3-S3P-C2P-D,System,0.08,0.54,0.35,0.5,0.92,0.7,1.4,0.71,"Box-girder,  circular column",Mangalathu (2017)
E3-S3P-C2P-D,System,0.03,0.86,0.47,0.74,3.74,1.47,9.02,1.5,"Box-girder,  oblong column ",Mangalathu (2017)
E1-S2-C1-S,Column,0.1,0.67,0.23,0.67,0.54,0.67,0.83,0.67,"Box-girder,  circular column",Mangalathu (2017)
E1-S2-C1-S,Column,0.12,0.61,0.24,0.61,0.51,0.61,0.74,0.61,"Box-girder,  rectangular column",Mangalathu (2017)
E1-S2-C1-S,Unseating,0.09,0.59,0.16,0.59,0.3,0.59,0.43,0.59,"Box-girder,  circular column",Mangalathu (2017)
E1-S2-C1-S,Unseating,0.09,0.53,0.15,0.53,0.28,0.53,0.39,0.53,"Box-girder,  rectangular column",Mangalathu (2017)
E1-S2-C1-S,AbAct,0.68,0.69,1.69,0.69,,,,,"Box-girder,  circular column",Mangalathu (2017)
E1-S2-C1-S,AbAct,0.69,0.74,1.62,0.74,,,,,"Box-girder,  rectangular column",Mangalathu (2017)
E1-S2-C1-S,AbPass,1.39,0.64,4.31,0.64,,,,,"Box-girder,  circular column",Mangalathu (2017)
E1-S2-C1-S,AbPass,1.35,0.73,3.94,0.73,,,,,"Box-girder,  rectangular column",Mangalathu (2017)
E1-S2-C1-S,AbTran,0.31,0.74,1.38,0.74,,,,,"Box-girder,  circular column",Mangalathu (2017)
E1-S2-C1-S,AbTran,0.38,0.68,1.5,0.68,,,,,"Box-girder,  rectangular column",Mangalathu (2017)
E1-S2-C1-S,Bearing,0.16,0.59,0.55,0.59,,,,,"Box-girder,  circular column",Mangalathu (2017)
E1-S2-C1-S,Bearing,0.15,0.53,0.49,0.53,,,,,"Box-girder,  rectangular column",Mangalathu (2017)
E1-S2-C1-S,DeckMax,0.53,0.57,1.58,0.57,,,,,"Box-girder,  circular column",Mangalathu (2017)
E1-S2-C1-S,DeckMax,0.49,0.51,1.33,0.51,,,,,"Box-girder,  rectangular column",Mangalathu (2017)
E1-S2-C1-S,FndRot,N/A,N/A,N/A,N/A,,,,,"Box-girder,  circular column",Mangalathu (2017)
E1-S2-C1-S,FndRot,N/A,N/A,N/A,N/A,,,,,"Box-girder,  rectangular column",Mangalathu (2017)
E1-S2-C1-S,FndTran,1.53,1.07,12.21,1.07,,,,,"Box-girder,  circular column",Mangalathu (2017)
E1-S2-C1-S,FndTran,0.97,1.02,7.44,1.02,,,,,"Box-girder,  rectangular column",Mangalathu (2017)
E1-S2-C1-S,Key,7.75,1.32,59.34,1.32,,,,,"Box-girder,  circular column",Mangalathu (2017)
E1-S2-C1-S,Key,5.41,1.19,32.43,1.19,,,,,"Box-girder,  rectangular column",Mangalathu (2017)
E1-S2-C1-S,Seal,0.3,0.59,7.36,0.59,,,,,"Box-girder,  circular column",Mangalathu (2017)
E1-S2-C1-S,Seal,0.28,0.53,5.79,0.53,,,,,"Box-girder,  rectangular column",Mangalathu (2017)
E1-S2-C1-S,Approach,1.16,0.86,1.51,0.97,,,,,Regular-height abutment on spread footing with approach slab damage through step offset.,Shao et al. (2022)
E1-S2-C1-S,Approach,0.71,0.86,1,0.96,,,,,Cantilever abutment on spread footing with approach slab damage through step offset.,Shao et al. (2022)
E1-S2-C1-S,Approach,0.53,0.8,0.74,0.93,,,,,Abutment on piles with approach slab damage through step offset.,Shao et al. (2022)
E1-S2-C1-S,Approach,1.33,0.89,1.94,1.1,,,,,Regular-height abutment on spread footing with approach slab (length 10 ft) damage through slope offset,Shao et al. (2022)
E1-S2-C1-S,Approach,0.86,0.91,1.25,1.05,,,,,Cantilever abutment on spread footing with approach slab (length 10 ft) damage through slope offset,Shao et al. (2022)
E1-S2-C1-S,Approach,0.62,0.9,0.92,1.99,,,,,Abutment on piles with approach slab (length 10 ft) damage through slope offset,Shao et al. (2022)
E1-S2-C1-S,System,0.08,0.61,0.15,0.59,0.29,0.58,0.42,0.58,"Box-girder,  circular column",Mangalathu (2017)
E1-S2-C1-S,System,0.08,0.52,0.15,0.54,0.27,0.53,0.38,0.52,"Box-girder,  rectangular column",Mangalathu (2017)
E1-S2-C1-S,System,0.08,0.58,0.15,0.66,0.22,0.81,0.55,0.83,"Box-girder,  circular column",Soleimani et al. (2017)
E1-S2-C1-S,System,0.07,0.6,0.11,0.68,0.15,0.83,0.41,0.86,"Box-girder,  rectangular column",Soleimani et al. (2017)
E1-S2-C1-S,System,0.11,0.6,0.26,0.65,0.4,0.85,1.04,0.88,"Box-girder,  oblong column ",Soleimani et al. (2017)
E1-S2-C1-S,System,0.08,0.59,0.14,0.67,0.2,0.82,0.53,0.85,"Box-girder,  one-way flared column along the transverse direction",Soleimani et al. (2017)
E1-S2-C2P-S,Column,0.09,0.65,0.19,0.65,0.41,0.65,0.61,0.65,"Box-girder,  circular column",Mangalathu (2017)
E1-S2-C2P-S,Column,0.12,0.69,0.23,0.69,0.45,0.69,0.63,0.69,"Box-girder,  rectangular column",Mangalathu (2017)
E1-S2-C2P-S,Column,0.04,1.19,0.11,1.19,0.29,1.19,0.48,1.19,"Box-girder,  circular column",Mangalathu (2017)
E1-S2-C2P-S,Column,0.13,0.71,0.25,0.71,0.49,0.71,0.7,0.71,"Box-girder,  rectangular column",Mangalathu (2017)
E1-S2-C2P-S,Unseating,0.07,0.6,0.12,0.6,0.21,0.6,0.3,0.6,"Box-girder,  circular column",Mangalathu (2017)
E1-S2-C2P-S,Unseating,0.09,0.56,0.15,0.56,0.26,0.56,0.36,0.56,"Box-girder,  rectangular column",Mangalathu (2017)
E1-S2-C2P-S,Unseating,0.07,0.5,0.12,0.5,0.22,0.5,0.31,0.5,"Box-girder,  circular column",Mangalathu (2017)
E1-S2-C2P-S,Unseating,0.09,0.58,0.16,0.58,0.28,0.58,0.39,0.58,"Box-girder,  rectangular column",Mangalathu (2017)
E1-S2-C2P-S,AbAct,0.62,0.7,1.64,0.7,,,,,"Box-girder,  circular column",Mangalathu (2017)
E1-S2-C2P-S,AbAct,0.57,0.8,1.38,0.8,,,,,"Box-girder,  rectangular column",Mangalathu (2017)
E1-S2-C2P-S,AbAct,0.6,0.71,1.48,0.71,,,,,"Box-girder,  circular column",Mangalathu (2017)
E1-S2-C2P-S,AbAct,0.62,0.77,1.41,0.77,,,,,"Box-girder,  rectangular column",Mangalathu (2017)
E1-S2-C2P-S,AbPass,1.32,0.68,4.57,0.68,,,,,"Box-girder,  circular column",Mangalathu (2017)
E1-S2-C2P-S,AbPass,1.25,0.74,3.96,0.74,,,,,"Box-girder,  rectangular column",Mangalathu (2017)
E1-S2-C2P-S,AbPass,1.17,0.72,3.54,0.72,,,,,"Box-girder,  circular column",Mangalathu (2017)
E1-S2-C2P-S,AbPass,1.18,0.71,3.33,0.71,,,,,"Box-girder,  rectangular column",Mangalathu (2017)
E1-S2-C2P-S,AbTran,0.26,0.64,0.97,0.64,,,,,"Box-girder,  circular column",Mangalathu (2017)
E1-S2-C2P-S,AbTran,0.29,0.68,1.12,0.68,,,,,"Box-girder,  rectangular column",Mangalathu (2017)
E1-S2-C2P-S,AbTran,0.25,0.8,1.12,0.8,,,,,"Box-girder,  circular column",Mangalathu (2017)
E1-S2-C2P-S,AbTran,0.34,0.7,1.2,0.7,,,,,"Box-girder,  rectangular column",Mangalathu (2017)
E1-S2-C2P-S,Bearing,0.11,0.58,0.35,0.58,,,,,"Box-girder,  circular column",Mangalathu (2017)
E1-S2-C2P-S,Bearing,0.14,0.56,0.43,0.56,,,,,"Box-girder,  rectangular column",Mangalathu (2017)
E1-S2-C2P-S,Bearing,0.11,0.48,0.36,0.48,,,,,"Box-girder,  circular column",Mangalathu (2017)
E1-S2-C2P-S,Bearing,0.16,0.58,0.47,0.58,,,,,"Box-girder,  rectangular column",Mangalathu (2017)
E1-S2-C2P-S,DeckMax,0.33,0.55,0.87,0.55,,,,,"Box-girder,  circular column",Mangalathu (2017)
E1-S2-C2P-S,DeckMax,0.41,0.55,1.1,0.55,,,,,"Box-girder,  rectangular column",Mangalathu (2017)
E1-S2-C2P-S,DeckMax,0.35,0.51,0.97,0.51,,,,,"Box-girder,  circular column",Mangalathu (2017)
E1-S2-C2P-S,DeckMax,0.46,0.55,1.25,0.55,,,,,"Box-girder,  rectangular column",Mangalathu (2017)
E1-S2-C2P-S,FndRot,N/A,N/A,N/A,N/A,,,,,"Box-girder,  circular column",Mangalathu (2017)
E1-S2-C2P-S,FndRot,N/A,N/A,N/A,N/A,,,,,"Box-girder,  rectangular column",Mangalathu (2017)
E1-S2-C2P-S,FndRot,N/A,N/A,N/A,N/A,,,,,"Box-girder,  circular column",Mangalathu (2017)
E1-S2-C2P-S,FndRot,53.72,0.49,N/A,N/A,,,,,"Box-girder,  rectangular column",Mangalathu (2017)
E1-S2-C2P-S,FndTran,3.4,1.08,33.47,1.08,,,,,"Box-girder,  circular column",Mangalathu (2017)
E1-S2-C2P-S,FndTran,0.95,1.02,7.62,1.02,,,,,"Box-girder,  rectangular column",Mangalathu (2017)
E1-S2-C2P-S,FndTran,3.3,1.13,28.69,1.13,,,,,"Box-girder,  circular column",Mangalathu (2017)
E1-S2-C2P-S,FndTran,0.9,0.99,7.25,0.99,,,,,"Box-girder,  rectangular column",Mangalathu (2017)
E1-S2-C2P-S,Key,7.24,1.04,55.39,1.04,,,,,"Box-girder,  circular column",Mangalathu (2017)
E1-S2-C2P-S,Key,5.67,1.41,27.83,1.41,,,,,"Box-girder,  rectangular column",Mangalathu (2017)
E1-S2-C2P-S,Key,6.99,1.38,52.84,1.38,,,,,"Box-girder,  circular column",Mangalathu (2017)
E1-S2-C2P-S,Key,6.36,1.29,35.05,1.29,,,,,"Box-girder,  rectangular column",Mangalathu (2017)
E1-S2-C2P-S,Seal,0.21,0.6,4.49,0.6,,,,,"Box-girder,  circular column",Mangalathu (2017)
E1-S2-C2P-S,Seal,0.26,0.56,4.5,0.56,,,,,"Box-girder,  rectangular column",Mangalathu (2017)
E1-S2-C2P-S,Seal,0.22,0.5,4.83,0.5,,,,,"Box-girder,  circular column",Mangalathu (2017)
E1-S2-C2P-S,Seal,0.28,0.58,4.89,0.58,,,,,"Box-girder,  rectangular column",Mangalathu (2017)
E1-S2-C2P-S,Approach,1.16,0.86,1.51,0.97,,,,,Regular-height abutment on spread footing with approach slab damage through step offset.,Shao et al. (2022)
E1-S2-C2P-S,Approach,0.71,0.86,1,0.96,,,,,Cantilever abutment on spread footing with approach slab damage through step offset.,Shao et al. (2022)
E1-S2-C2P-S,Approach,0.53,0.8,0.74,0.93,,,,,Abutment on piles with approach slab damage through step offset.,Shao et al. (2022)
E1-S2-C2P-S,Approach,1.33,0.89,1.94,1.1,,,,,Regular-height abutment on spread footing with approach slab (length 10 ft) damage through slope offset,Shao et al. (2022)
E1-S2-C2P-S,Approach,0.86,0.91,1.25,1.05,,,,,Cantilever abutment on spread footing with approach slab (length 10 ft) damage through slope offset,Shao et al. (2022)
E1-S2-C2P-S,Approach,0.62,0.9,0.92,1.99,,,,,Abutment on piles with approach slab (length 10 ft) damage through slope offset,Shao et al. (2022)
E1-S2-C2P-S,System,0.06,0.57,0.11,0.6,0.21,0.59,0.3,0.59,"Box-girder,  circular column",Mangalathu (2017)
E1-S2-C2P-S,System,0.08,0.57,0.14,0.57,0.25,0.57,0.35,0.55,"Box-girder,  rectangular column",Mangalathu (2017)
E1-S2-C2P-S,System,0.04,0.63,0.08,0.62,0.18,0.6,0.26,0.6,"Box-girder,  circular column",Mangalathu (2017)
E1-S2-C2P-S,System,0.09,0.58,0.15,0.58,0.27,0.58,0.37,0.58,"Box-girder,  rectangular column",Mangalathu (2017)
E1-S2-C2P-S,System,0.07,0.51,0.14,0.57,0.18,0.68,0.39,0.7,"Box-girder,  circular column",Soleimani et al. (2017)
E1-S2-C2P-S,System,0.06,0.59,0.1,0.65,0.14,0.76,0.31,0.77,"Box-girder,  rectangular column",Soleimani et al. (2017)
E1-S2-C2P-S,System,0.09,0.56,0.21,0.6,0.3,0.76,0.67,0.78,"Box-girder,  oblong column ",Soleimani et al. (2017)
E1-S2-C2P-S,System,0.07,0.55,0.12,0.6,0.15,0.7,0.33,0.72,"Box-girder,  one-way flared column along the transverse direction",Soleimani et al. (2017)
E1-S2-C2P-S,System,0.08,0.46,0.17,0.46,0.36,0.46,0.51,0.45,"Box-girder,  circular column","Mangalathu, Soleimani, et al. (2017)"
E2-S2-C1-S,Column,0.16,0.66,0.66,0.66,1.01,0.66,1.34,0.66,"Box-girder,  circular column",Mangalathu (2017)
E2-S2-C1-S,Column,0.2,0.6,0.86,0.6,1.32,0.6,1.77,0.6,"Box-girder,  oblong column ",Mangalathu (2017)
E2-S2-C1-S,Unseating,0.16,0.63,0.82,0.63,1.97,0.63,3.06,0.63,"Box-girder,  circular column",Mangalathu (2017)
E2-S2-C1-S,Unseating,0.15,0.54,0.66,0.54,1.44,0.54,2.14,0.54,"Box-girder,  oblong column ",Mangalathu (2017)
E2-S2-C1-S,AbAct,0.73,0.64,1.48,0.64,,,,,"Box-girder,  circular column",Mangalathu (2017)
E2-S2-C1-S,AbAct,0.66,0.6,1.35,0.6,,,,,"Box-girder,  oblong column ",Mangalathu (2017)
E2-S2-C1-S,AbPass,1.31,0.62,3.19,0.62,,,,,"Box-girder,  circular column",Mangalathu (2017)
E2-S2-C1-S,AbPass,1.24,0.59,3.17,0.59,,,,,"Box-girder,  oblong column ",Mangalathu (2017)
E2-S2-C1-S,AbTran,0.38,0.52,0.98,0.52,,,,,"Box-girder,  circular column",Mangalathu (2017)
E2-S2-C1-S,AbTran,0.39,0.53,1.09,0.53,,,,,"Box-girder,  oblong column ",Mangalathu (2017)
E2-S2-C1-S,Bearing,0.13,0.59,0.76,0.59,,,,,"Box-girder,  circular column",Mangalathu (2017)
E2-S2-C1-S,Bearing,0.14,0.54,0.7,0.54,,,,,"Box-girder,  oblong column ",Mangalathu (2017)
E2-S2-C1-S,DeckMax,0.52,0.56,1.69,0.56,,,,,"Box-girder,  circular column",Mangalathu (2017)
E2-S2-C1-S,DeckMax,0.5,0.52,1.54,0.52,,,,,"Box-girder,  oblong column ",Mangalathu (2017)
E2-S2-C1-S,FndRot,N/A,N/A,N/A,N/A,,,,,"Box-girder,  circular column",Mangalathu (2017)
E2-S2-C1-S,FndRot,N/A,N/A,N/A,N/A,,,,,"Box-girder,  oblong column ",Mangalathu (2017)
E2-S2-C1-S,FndTran,1.16,1.12,10.55,1.12,,,,,"Box-girder,  circular column",Mangalathu (2017)
E2-S2-C1-S,FndTran,0.75,0.98,5.06,0.98,,,,,"Box-girder,  oblong column ",Mangalathu (2017)
E2-S2-C1-S,Key,N/A,N/A,N/A,N/A,,,,,"Box-girder,  circular column",Mangalathu (2017)
E2-S2-C1-S,Key,N/A,N/A,N/A,N/A,,,,,"Box-girder,  oblong column ",Mangalathu (2017)
E2-S2-C1-S,Seal,0.34,0.63,17.71,0.63,,,,,"Box-girder,  circular column",Mangalathu (2017)
E2-S2-C1-S,Seal,0.3,0.54,10.35,0.54,,,,,"Box-girder,  oblong column ",Mangalathu (2017)
E2-S2-C1-S,Approach,1.16,0.86,1.51,0.97,,,,,Regular-height abutment on spread footing with approach slab damage through step offset.,Shao et al. (2022)
E2-S2-C1-S,Approach,0.71,0.86,1,0.96,,,,,Cantilever abutment on spread footing with approach slab damage through step offset.,Shao et al. (2022)
E2-S2-C1-S,Approach,0.53,0.8,0.74,0.93,,,,,Abutment on piles with approach slab damage through step offset.,Shao et al. (2022)
E2-S2-C1-S,Approach,3.08,1.27,N/A,N/A,,,,,Regular-height abutment on spread footing with approach slab (length 30 ft) damage through slope offset,Shao et al. (2022)
E2-S2-C1-S,Approach,1.88,1.17,N/A,N/A,,,,,"Cantilever abutment on spread footing with approach slab damage through slope offset, with an approach slab length of 30 ft.",Shao et al. (2022)
E2-S2-C1-S,Approach,1.31,1.2,4.17,1.6,,,,,Abutment on piles with approach slab (length 30 ft) damage through slope offset,Shao et al. (2022)
E2-S2-C1-S,Approach,5.14,1.34,N/A,N/A,,,,,Regular-height abutment on spread footing with approach slab (length 45 ft) damage through slope offset,Shao et al. (2022)
E2-S2-C1-S,Approach,4.25,1.59,N/A,N/A,,,,,"Cantilever abutment on spread footing with approach slab damage through slope offset, with an approach slab length of 45 ft.",Shao et al. (2022)
E2-S2-C1-S,Approach,2.28,1.38,N/A,N/A,,,,,Abutment on piles with approach slab (length 45 ft) damage through slope offset,Shao et al. (2022)
E2-S2-C1-S,System,0.11,0.58,0.53,0.57,0.99,0.65,1.32,0.65,"Box-girder,  circular column",Mangalathu (2017)
E2-S2-C1-S,System,0.11,0.51,0.53,0.49,1.14,0.55,1.58,0.55,"Box-girder,  oblong column ",Mangalathu (2017)
E2-S2-C2P-S,Column,0.11,0.59,0.53,0.59,0.84,0.59,1.14,0.59,"Box-girder,  circular column",Mangalathu (2017)
E2-S2-C2P-S,Column,0.14,0.65,0.61,0.65,0.92,0.65,1.23,0.65,"Box-girder,  oblong column ",Mangalathu (2017)
E2-S2-C2P-S,Column,0.11,0.67,0.5,0.67,0.79,0.67,1.07,0.67,"Box-girder,  circular column",Mangalathu (2017)
E2-S2-C2P-S,Column,0.14,0.75,0.66,0.75,1.04,0.75,1.41,0.75,"Box-girder,  oblong column ",Mangalathu (2017)
E2-S2-C2P-S,Unseating,0.12,0.56,0.52,0.56,1.14,0.56,1.7,0.56,"Box-girder,  circular column",Mangalathu (2017)
E2-S2-C2P-S,Unseating,0.12,0.46,0.48,0.46,1.02,0.46,1.5,0.46,"Box-girder,  oblong column ",Mangalathu (2017)
E2-S2-C2P-S,Unseating,0.11,0.53,0.5,0.53,1.16,0.53,1.76,0.53,"Box-girder,  circular column",Mangalathu (2017)
E2-S2-C2P-S,Unseating,0.12,0.54,0.58,0.54,1.35,0.54,2.07,0.54,"Box-girder,  oblong column ",Mangalathu (2017)
E2-S2-C2P-S,AbAct,0.55,0.6,1.15,0.6,,,,,"Box-girder,  circular column",Mangalathu (2017)
E2-S2-C2P-S,AbAct,0.46,0.42,0.9,0.42,,,,,"Box-girder,  oblong column ",Mangalathu (2017)
E2-S2-C2P-S,AbAct,0.54,0.42,1.06,0.42,,,,,"Box-girder,  circular column",Mangalathu (2017)
E2-S2-C2P-S,AbAct,0.63,0.52,1.28,0.52,,,,,"Box-girder,  oblong column ",Mangalathu (2017)
E2-S2-C2P-S,AbPass,1.02,0.53,2.65,0.53,,,,,"Box-girder,  circular column",Mangalathu (2017)
E2-S2-C2P-S,AbPass,1,0.51,2.46,0.51,,,,,"Box-girder,  oblong column ",Mangalathu (2017)
E2-S2-C2P-S,AbPass,0.94,0.42,2.2,0.42,,,,,"Box-girder,  circular column",Mangalathu (2017)
E2-S2-C2P-S,AbPass,1.1,0.52,2.74,0.52,,,,,"Box-girder,  oblong column ",Mangalathu (2017)
E2-S2-C2P-S,AbTran,0.25,0.49,0.71,0.49,,,,,"Box-girder,  circular column",Mangalathu (2017)
E2-S2-C2P-S,AbTran,0.29,0.46,0.8,0.46,,,,,"Box-girder,  oblong column ",Mangalathu (2017)
E2-S2-C2P-S,AbTran,0.27,0.41,0.67,0.41,,,,,"Box-girder,  circular column",Mangalathu (2017)
E2-S2-C2P-S,AbTran,0.32,0.42,0.81,0.42,,,,,"Box-girder,  oblong column ",Mangalathu (2017)
E2-S2-C2P-S,Bearing,0.1,0.54,0.5,0.54,,,,,"Box-girder,  circular column",Mangalathu (2017)
E2-S2-C2P-S,Bearing,0.1,0.46,0.47,0.46,,,,,"Box-girder,  oblong column ",Mangalathu (2017)
E2-S2-C2P-S,Bearing,0.09,0.52,0.49,0.52,,,,,"Box-girder,  circular column",Mangalathu (2017)
E2-S2-C2P-S,Bearing,0.1,0.58,0.58,0.58,,,,,"Box-girder,  oblong column ",Mangalathu (2017)
E2-S2-C2P-S,DeckMax,0.36,0.54,1.11,0.54,,,,,"Box-girder,  circular column",Mangalathu (2017)
E2-S2-C2P-S,DeckMax,0.35,0.44,1.02,0.44,,,,,"Box-girder,  oblong column ",Mangalathu (2017)
E2-S2-C2P-S,DeckMax,0.35,0.47,1.07,0.47,,,,,"Box-girder,  circular column",Mangalathu (2017)
E2-S2-C2P-S,DeckMax,0.4,0.5,1.27,0.5,,,,,"Box-girder,  oblong column ",Mangalathu (2017)
E2-S2-C2P-S,FndRot,N/A,N/A,N/A,N/A,,,,,"Box-girder,  circular column",Mangalathu (2017)
E2-S2-C2P-S,FndRot,N/A,N/A,N/A,N/A,,,,,"Box-girder,  oblong column ",Mangalathu (2017)
E2-S2-C2P-S,FndRot,N/A,N/A,N/A,N/A,,,,,"Box-girder,  circular column",Mangalathu (2017)
E2-S2-C2P-S,FndRot,N/A,N/A,N/A,N/A,,,,,"Box-girder,  oblong column ",Mangalathu (2017)
E2-S2-C2P-S,FndTran,1.32,0.94,9.35,0.94,,,,,"Box-girder,  circular column",Mangalathu (2017)
E2-S2-C2P-S,FndTran,0.47,0.89,2.69,0.89,,,,,"Box-girder,  oblong column ",Mangalathu (2017)
E2-S2-C2P-S,FndTran,0.97,0.9,6.15,0.9,,,,,"Box-girder,  circular column",Mangalathu (2017)
E2-S2-C2P-S,FndTran,0.49,0.87,3.89,0.87,,,,,"Box-girder,  oblong column ",Mangalathu (2017)
E2-S2-C2P-S,Key,N/A,N/A,N/A,N/A,,,,,"Box-girder,  circular column",Mangalathu (2017)
E2-S2-C2P-S,Key,N/A,N/A,N/A,N/A,,,,,"Box-girder,  oblong column ",Mangalathu (2017)
E2-S2-C2P-S,Key,N/A,N/A,N/A,N/A,,,,,"Box-girder,  circular column",Mangalathu (2017)
E2-S2-C2P-S,Key,N/A,N/A,N/A,N/A,,,,,"Box-girder,  oblong column ",Mangalathu (2017)
E2-S2-C2P-S,Seal,0.23,0.56,8.27,0.56,,,,,"Box-girder,  circular column",Mangalathu (2017)
E2-S2-C2P-S,Seal,0.22,0.46,6.89,0.46,,,,,"Box-girder,  oblong column ",Mangalathu (2017)
E2-S2-C2P-S,Seal,0.22,0.53,9.46,0.53,,,,,"Box-girder,  circular column",Mangalathu (2017)
E2-S2-C2P-S,Seal,0.25,0.54,11.29,0.54,,,,,"Box-girder,  oblong column ",Mangalathu (2017)
E2-S2-C2P-S,Approach,1.16,0.86,1.51,0.97,,,,,Regular-height abutment on spread footing with approach slab damage through step offset.,Shao et al. (2022)
E2-S2-C2P-S,Approach,0.71,0.86,1,0.96,,,,,Cantilever abutment on spread footing with approach slab damage through step offset.,Shao et al. (2022)
E2-S2-C2P-S,Approach,0.53,0.8,0.74,0.93,,,,,Abutment on piles with approach slab damage through step offset.,Shao et al. (2022)
E2-S2-C2P-S,Approach,3.08,1.27,N/A,N/A,,,,,Regular-height abutment on spread footing with approach slab (length 30 ft) damage through slope offset,Shao et al. (2022)
E2-S2-C2P-S,Approach,1.88,1.17,N/A,N/A,,,,,"Cantilever abutment on spread footing with approach slab damage through slope offset, with an approach slab length of 30 ft.",Shao et al. (2022)
E2-S2-C2P-S,Approach,1.31,1.2,4.17,1.6,,,,,Abutment on piles with approach slab (length 30 ft) damage through slope offset,Shao et al. (2022)
E2-S2-C2P-S,Approach,5.14,1.34,N/A,N/A,,,,,Regular-height abutment on spread footing with approach slab (length 45 ft) damage through slope offset,Shao et al. (2022)
E2-S2-C2P-S,Approach,4.25,1.59,N/A,N/A,,,,,"Cantilever abutment on spread footing with approach slab damage through slope offset, with an approach slab length of 45 ft.",Shao et al. (2022)
E2-S2-C2P-S,Approach,2.28,1.38,N/A,N/A,,,,,Abutment on piles with approach slab (length 45 ft) damage through slope offset,Shao et al. (2022)
E2-S2-C2P-S,System,0.08,0.51,0.38,0.49,0.77,0.55,1.08,0.56,"Box-girder,  circular column",Mangalathu (2017)
E2-S2-C2P-S,System,0.08,0.45,0.37,0.44,0.8,0.55,1.1,0.56,"Box-girder,  oblong column ",Mangalathu (2017)
E2-S2-C2P-S,System,0.07,0.49,0.36,0.48,0.73,0.59,1.02,0.62,"Box-girder,  circular column",Mangalathu (2017)
E2-S2-C2P-S,System,0.08,0.54,0.42,0.51,0.91,0.66,1.3,0.67,"Box-girder,  oblong column ",Mangalathu (2017)
E3-S2-C1-S,Column,0.16,0.66,0.66,0.66,1.34,0.66,1.99,0.66,"Box-girder,  circular column",Mangalathu (2017)
E3-S2-C1-S,Column,0.2,0.6,0.86,0.6,1.77,0.6,2.64,0.6,"Box-girder,  oblong column ",Mangalathu (2017)
E3-S2-C1-S,Unseating,0.16,0.63,0.82,0.63,1.97,0.63,3.06,0.63,"Box-girder,  circular column",Mangalathu (2017)
E3-S2-C1-S,Unseating,0.15,0.54,0.66,0.54,1.44,0.54,2.14,0.54,"Box-girder,  oblong column ",Mangalathu (2017)
E3-S2-C1-S,AbAct,0.73,0.64,1.48,0.64,,,,,"Box-girder,  circular column",Mangalathu (2017)
E3-S2-C1-S,AbAct,0.66,0.6,1.35,0.6,,,,,"Box-girder,  oblong column ",Mangalathu (2017)
E3-S2-C1-S,AbPass,1.31,0.62,3.19,0.62,,,,,"Box-girder,  circular column",Mangalathu (2017)
E3-S2-C1-S,AbPass,1.24,0.59,3.17,0.59,,,,,"Box-girder,  oblong column ",Mangalathu (2017)
E3-S2-C1-S,AbTran,0.38,0.52,0.98,0.52,,,,,"Box-girder,  circular column",Mangalathu (2017)
E3-S2-C1-S,AbTran,0.39,0.53,1.09,0.53,,,,,"Box-girder,  oblong column ",Mangalathu (2017)
E3-S2-C1-S,Bearing,0.13,0.59,0.76,0.59,,,,,"Box-girder,  circular column",Mangalathu (2017)
E3-S2-C1-S,Bearing,0.14,0.54,0.7,0.54,,,,,"Box-girder,  oblong column ",Mangalathu (2017)
E3-S2-C1-S,DeckMax,0.52,0.56,1.69,0.56,,,,,"Box-girder,  circular column",Mangalathu (2017)
E3-S2-C1-S,DeckMax,0.5,0.52,1.54,0.52,,,,,"Box-girder,  oblong column ",Mangalathu (2017)
E3-S2-C1-S,FndRot,N/A,N/A,N/A,N/A,,,,,"Box-girder,  circular column",Mangalathu (2017)
E3-S2-C1-S,FndRot,N/A,N/A,N/A,N/A,,,,,"Box-girder,  oblong column ",Mangalathu (2017)
E3-S2-C1-S,FndTran,1.16,1.12,10.55,1.12,,,,,"Box-girder,  circular column",Mangalathu (2017)
E3-S2-C1-S,FndTran,0.75,0.98,5.06,0.98,,,,,"Box-girder,  oblong column ",Mangalathu (2017)
E3-S2-C1-S,Key,N/A,N/A,N/A,N/A,,,,,"Box-girder,  circular column",Mangalathu (2017)
E3-S2-C1-S,Key,N/A,N/A,N/A,N/A,,,,,"Box-girder,  oblong column ",Mangalathu (2017)
E3-S2-C1-S,Seal,0.34,0.63,17.71,0.63,,,,,"Box-girder,  circular column",Mangalathu (2017)
E3-S2-C1-S,Seal,0.3,0.54,10.35,0.54,,,,,"Box-girder,  oblong column ",Mangalathu (2017)
E3-S2-C1-S,Approach,1.16,0.86,1.51,0.97,,,,,Regular-height abutment on spread footing with approach slab damage through step offset.,Shao et al. (2022)
E3-S2-C1-S,Approach,0.71,0.86,1,0.96,,,,,Cantilever abutment on spread footing with approach slab damage through step offset.,Shao et al. (2022)
E3-S2-C1-S,Approach,0.53,0.8,0.74,0.93,,,,,Abutment on piles with approach slab damage through step offset.,Shao et al. (2022)
E3-S2-C1-S,Approach,3.08,1.27,N/A,N/A,,,,,Regular-height abutment on spread footing with approach slab (length 30 ft) damage through slope offset,Shao et al. (2022)
E3-S2-C1-S,Approach,1.88,1.17,N/A,N/A,,,,,"Cantilever abutment on spread footing with approach slab damage through slope offset, with an approach slab length of 30 ft.",Shao et al. (2022)
E3-S2-C1-S,Approach,1.31,1.2,4.17,1.6,,,,,Abutment on piles with approach slab (length 30 ft) damage through slope offset,Shao et al. (2022)
E3-S2-C1-S,Approach,5.14,1.34,N/A,N/A,,,,,Regular-height abutment on spread footing with approach slab (length 45 ft) damage through slope offset,Shao et al. (2022)
E3-S2-C1-S,Approach,4.25,1.59,N/A,N/A,,,,,"Cantilever abutment on spread footing with approach slab damage through slope offset, with an approach slab length of 45 ft.",Shao et al. (2022)
E3-S2-C1-S,Approach,2.28,1.38,N/A,N/A,,,,,Abutment on piles with approach slab (length 45 ft) damage through slope offset,Shao et al. (2022)
E3-S2-C1-S,System,0.11,0.57,0.53,0.56,1.25,0.63,1.88,0.63,"Box-girder,  circular column",Mangalathu (2017)
E3-S2-C1-S,System,0.12,0.5,0.53,0.49,1.28,0.53,1.91,0.53,"Box-girder,  oblong column ",Mangalathu (2017)
E3-S2-C2P-S,Column,0.11,0.59,0.53,0.59,1.14,0.59,1.75,0.59,"Box-girder,  circular column",Mangalathu (2017)
E3-S2-C2P-S,Column,0.14,0.65,0.61,0.65,1.23,0.65,1.82,0.65,"Box-girder,  oblong column ",Mangalathu (2017)
E3-S2-C2P-S,Column,0.11,0.67,0.5,0.67,1.07,0.67,1.63,0.67,"Box-girder,  circular column",Mangalathu (2017)
E3-S2-C2P-S,Column,0.14,0.75,0.66,0.75,1.41,0.75,2.15,0.75,"Box-girder,  oblong column ",Mangalathu (2017)
E3-S2-C2P-S,Unseating,0.12,0.56,0.52,0.56,1.14,0.56,1.7,0.56,"Box-girder,  circular column",Mangalathu (2017)
E3-S2-C2P-S,Unseating,0.12,0.46,0.48,0.46,1.02,0.46,1.5,0.46,"Box-girder,  oblong column ",Mangalathu (2017)
E3-S2-C2P-S,Unseating,0.11,0.53,0.5,0.53,1.16,0.53,1.76,0.53,"Box-girder,  circular column",Mangalathu (2017)
E3-S2-C2P-S,Unseating,0.12,0.54,0.58,0.54,1.35,0.54,2.07,0.54,"Box-girder,  oblong column ",Mangalathu (2017)
E3-S2-C2P-S,AbAct,0.55,0.6,1.15,0.6,,,,,"Box-girder,  circular column",Mangalathu (2017)
E3-S2-C2P-S,AbAct,0.46,0.42,0.9,0.42,,,,,"Box-girder,  oblong column ",Mangalathu (2017)
E3-S2-C2P-S,AbAct,0.54,0.42,1.06,0.42,,,,,"Box-girder,  circular column",Mangalathu (2017)
E3-S2-C2P-S,AbAct,0.63,0.52,1.28,0.52,,,,,"Box-girder,  oblong column ",Mangalathu (2017)
E3-S2-C2P-S,AbPass,1.02,0.53,2.65,0.53,,,,,"Box-girder,  circular column",Mangalathu (2017)
E3-S2-C2P-S,AbPass,1,0.51,2.46,0.51,,,,,"Box-girder,  oblong column ",Mangalathu (2017)
E3-S2-C2P-S,AbPass,0.94,0.42,2.2,0.42,,,,,"Box-girder,  circular column",Mangalathu (2017)
E3-S2-C2P-S,AbPass,1.1,0.52,2.74,0.52,,,,,"Box-girder,  oblong column ",Mangalathu (2017)
E3-S2-C2P-S,AbTran,0.25,0.49,0.71,0.49,,,,,"Box-girder,  circular column",Mangalathu (2017)
E3-S2-C2P-S,AbTran,0.29,0.46,0.8,0.46,,,,,"Box-girder,  oblong column ",Mangalathu (2017)
E3-S2-C2P-S,AbTran,0.27,0.41,0.67,0.41,,,,,"Box-girder,  circular column",Mangalathu (2017)
E3-S2-C2P-S,AbTran,0.32,0.42,0.81,0.42,,,,,"Box-girder,  oblong column ",Mangalathu (2017)
E3-S2-C2P-S,Bearing,0.1,0.54,0.5,0.54,,,,,"Box-girder,  circular column",Mangalathu (2017)
E3-S2-C2P-S,Bearing,0.1,0.46,0.47,0.46,,,,,"Box-girder,  oblong column ",Mangalathu (2017)
E3-S2-C2P-S,Bearing,0.09,0.52,0.49,0.52,,,,,"Box-girder,  circular column",Mangalathu (2017)
E3-S2-C2P-S,Bearing,0.1,0.58,0.58,0.58,,,,,"Box-girder,  oblong column ",Mangalathu (2017)
E3-S2-C2P-S,DeckMax,0.36,0.54,1.11,0.54,,,,,"Box-girder,  circular column",Mangalathu (2017)
E3-S2-C2P-S,DeckMax,0.35,0.44,1.02,0.44,,,,,"Box-girder,  oblong column ",Mangalathu (2017)
E3-S2-C2P-S,DeckMax,0.35,0.47,1.07,0.47,,,,,"Box-girder,  circular column",Mangalathu (2017)
E3-S2-C2P-S,DeckMax,0.4,0.5,1.27,0.5,,,,,"Box-girder,  oblong column ",Mangalathu (2017)
E3-S2-C2P-S,FndRot,N/A,N/A,N/A,N/A,,,,,"Box-girder,  circular column",Mangalathu (2017)
E3-S2-C2P-S,FndRot,N/A,N/A,N/A,N/A,,,,,"Box-girder,  oblong column ",Mangalathu (2017)
E3-S2-C2P-S,FndRot,N/A,N/A,N/A,N/A,,,,,"Box-girder,  circular column",Mangalathu (2017)
E3-S2-C2P-S,FndRot,N/A,N/A,N/A,N/A,,,,,"Box-girder,  oblong column ",Mangalathu (2017)
E3-S2-C2P-S,FndTran,1.32,0.94,9.35,0.94,,,,,"Box-girder,  circular column",Mangalathu (2017)
E3-S2-C2P-S,FndTran,0.47,0.89,2.69,0.89,,,,,"Box-girder,  oblong column ",Mangalathu (2017)
E3-S2-C2P-S,FndTran,0.97,0.9,6.15,0.9,,,,,"Box-girder,  circular column",Mangalathu (2017)
E3-S2-C2P-S,FndTran,0.49,0.87,3.89,0.87,,,,,"Box-girder,  oblong column ",Mangalathu (2017)
E3-S2-C2P-S,Key,N/A,N/A,N/A,N/A,,,,,"Box-girder,  circular column",Mangalathu (2017)
E3-S2-C2P-S,Key,N/A,N/A,N/A,N/A,,,,,"Box-girder,  oblong column ",Mangalathu (2017)
E3-S2-C2P-S,Key,N/A,N/A,N/A,N/A,,,,,"Box-girder,  circular column",Mangalathu (2017)
E3-S2-C2P-S,Key,N/A,N/A,N/A,N/A,,,,,"Box-girder,  oblong column ",Mangalathu (2017)
E3-S2-C2P-S,Seal,0.23,0.56,8.27,0.56,,,,,"Box-girder,  circular column",Mangalathu (2017)
E3-S2-C2P-S,Seal,0.22,0.46,6.89,0.46,,,,,"Box-girder,  oblong column ",Mangalathu (2017)
E3-S2-C2P-S,Seal,0.22,0.53,9.46,0.53,,,,,"Box-girder,  circular column",Mangalathu (2017)
E3-S2-C2P-S,Seal,0.25,0.54,11.29,0.54,,,,,"Box-girder,  oblong column ",Mangalathu (2017)
E3-S2-C2P-S,Approach,1.16,0.86,1.51,0.97,,,,,Regular-height abutment on spread footing with approach slab damage through step offset.,Shao et al. (2022)
E3-S2-C2P-S,Approach,0.71,0.86,1,0.96,,,,,Cantilever abutment on spread footing with approach slab damage through step offset.,Shao et al. (2022)
E3-S2-C2P-S,Approach,0.53,0.8,0.74,0.93,,,,,Abutment on piles with approach slab damage through step offset.,Shao et al. (2022)
E3-S2-C2P-S,Approach,3.08,1.27,N/A,N/A,,,,,Regular-height abutment on spread footing with approach slab (length 30 ft) damage through slope offset,Shao et al. (2022)
E3-S2-C2P-S,Approach,1.88,1.17,N/A,N/A,,,,,"Cantilever abutment on spread footing with approach slab damage through slope offset, with an approach slab length of 30 ft.",Shao et al. (2022)
E3-S2-C2P-S,Approach,1.31,1.2,4.17,1.6,,,,,Abutment on piles with approach slab (length 30 ft) damage through slope offset,Shao et al. (2022)
E3-S2-C2P-S,Approach,5.14,1.34,N/A,N/A,,,,,Regular-height abutment on spread footing with approach slab (length 45 ft) damage through slope offset,Shao et al. (2022)
E3-S2-C2P-S,Approach,4.25,1.59,N/A,N/A,,,,,"Cantilever abutment on spread footing with approach slab damage through slope offset, with an approach slab length of 45 ft.",Shao et al. (2022)
E3-S2-C2P-S,Approach,2.28,1.38,N/A,N/A,,,,,Abutment on piles with approach slab (length 45 ft) damage through slope offset,Shao et al. (2022)
E3-S2-C2P-S,System,0.08,0.51,0.38,0.5,0.94,0.53,1.41,0.54,"Box-girder,  circular column",Mangalathu (2017)
E3-S2-C2P-S,System,0.08,0.45,0.37,0.43,0.91,0.52,1.32,0.5,"Box-girder,  oblong column ",Mangalathu (2017)
E3-S2-C2P-S,System,0.07,0.49,0.36,0.49,0.89,0.58,1.35,0.58,"Box-girder,  circular column",Mangalathu (2017)
E3-S2-C2P-S,System,0.08,0.54,0.42,0.52,1.07,0.6,1.64,0.61,"Box-girder,  oblong column ",Mangalathu (2017)
E1-S3P-C1-S,Column,0.12,0.58,0.28,0.58,0.63,0.58,0.96,0.58,"Box-girder,  circular column",Mangalathu (2017)
E1-S3P-C1-S,Column,0.06,1.07,0.17,1.07,0.5,1.07,0.88,1.07,"Box-girder,  rectangular column",Mangalathu (2017)
E1-S3P-C1-S,Unseating,0.13,0.5,0.22,0.5,0.4,0.5,0.56,0.5,"Box-girder,  circular column",Mangalathu (2017)
E1-S3P-C1-S,Unseating,0.1,0.49,0.18,0.49,0.33,0.49,0.47,0.49,"Box-girder,  rectangular column",Mangalathu (2017)
E1-S3P-C1-S,AbAct,0.74,0.73,1.78,0.73,,,,,"Box-girder,  circular column",Mangalathu (2017)
E1-S3P-C1-S,AbAct,0.71,0.67,1.62,0.67,,,,,"Box-girder,  rectangular column",Mangalathu (2017)
E1-S3P-C1-S,AbPass,1.47,0.72,4.39,0.72,,,,,"Box-girder,  circular column",Mangalathu (2017)
E1-S3P-C1-S,AbPass,1.37,0.67,3.86,0.67,,,,,"Box-girder,  rectangular column",Mangalathu (2017)
E1-S3P-C1-S,AbTran,0.34,0.67,1.38,0.67,,,,,"Box-girder,  circular column",Mangalathu (2017)
E1-S3P-C1-S,AbTran,0.54,0.88,2.8,0.88,,,,,"Box-girder,  rectangular column",Mangalathu (2017)
E1-S3P-C1-S,Bearing,0.22,0.5,0.71,0.5,,,,,"Box-girder,  circular column",Mangalathu (2017)
E1-S3P-C1-S,Bearing,0.18,0.49,0.61,0.49,,,,,"Box-girder,  rectangular column",Mangalathu (2017)
E1-S3P-C1-S,DeckMax,0.68,0.48,1.99,0.48,,,,,"Box-girder,  circular column",Mangalathu (2017)
E1-S3P-C1-S,DeckMax,0.61,0.51,1.82,0.51,,,,,"Box-girder,  rectangular column",Mangalathu (2017)
E1-S3P-C1-S,FndRot,N/A,N/A,N/A,N/A,,,,,"Box-girder,  circular column",Mangalathu (2017)
E1-S3P-C1-S,FndRot,N/A,N/A,N/A,N/A,,,,,"Box-girder,  rectangular column",Mangalathu (2017)
E1-S3P-C1-S,FndTran,1.24,0.81,7.07,0.81,,,,,"Box-girder,  circular column",Mangalathu (2017)
E1-S3P-C1-S,FndTran,1.59,0.95,12.69,0.95,,,,,"Box-girder,  rectangular column",Mangalathu (2017)
E1-S3P-C1-S,Key,3.98,1.04,18.68,1.04,,,,,"Box-girder,  circular column",Mangalathu (2017)
E1-S3P-C1-S,Key,5.7,1.14,32.67,1.14,,,,,"Box-girder,  rectangular column",Mangalathu (2017)
E1-S3P-C1-S,Seal,0.4,0.5,8.12,0.5,,,,,"Box-girder,  circular column",Mangalathu (2017)
E1-S3P-C1-S,Seal,0.33,0.49,8,0.49,,,,,"Box-girder,  rectangular column",Mangalathu (2017)
E1-S3P-C1-S,Approach,1.16,0.86,1.51,0.97,,,,,Regular-height abutment on spread footing with approach slab damage through step offset.,Shao et al. (2022)
E1-S3P-C1-S,Approach,0.71,0.86,1,0.96,,,,,Cantilever abutment on spread footing with approach slab damage through step offset.,Shao et al. (2022)
E1-S3P-C1-S,Approach,0.53,0.8,0.74,0.93,,,,,Abutment on piles with approach slab damage through step offset.,Shao et al. (2022)
E1-S3P-C1-S,Approach,1.33,0.89,1.94,1.1,,,,,Regular-height abutment on spread footing with approach slab (length 10 ft) damage through slope offset,Shao et al. (2022)
E1-S3P-C1-S,Approach,0.86,0.91,1.25,1.05,,,,,Cantilever abutment on spread footing with approach slab (length 10 ft) damage through slope offset,Shao et al. (2022)
E1-S3P-C1-S,Approach,0.62,0.9,0.92,1.99,,,,,Abutment on piles with approach slab (length 10 ft) damage through slope offset,Shao et al. (2022)
E1-S3P-C1-S,System,0.1,0.5,0.2,0.49,0.38,0.49,0.54,0.49,"Box-girder,  circular column",Mangalathu (2017)
E1-S3P-C1-S,System,0.05,0.64,0.13,0.61,0.29,0.58,0.44,0.56,"Box-girder,  circular column",Mangalathu (2017)
E1-S3P-C1-S,System,0.1,0.5,0.2,0.49,0.38,0.49,0.54,0.49,"Box-girder,  circular column",Soleimani (2017)
E1-S3P-C1-S,System,0.11,0.49,0.22,0.49,0.41,0.5,0.6,0.51,"Box-girder,  circular column",Soleimani (2017)
E1-S3P-C1-S,System,0.05,0.64,0.13,0.61,0.29,0.58,0.44,0.56,"Box-girder,  rectangular column",Soleimani (2017)
E1-S3P-C1-S,System,0.09,0.48,0.17,0.47,0.33,0.48,0.47,0.47,"Box-girder,  rectangular column",Soleimani (2017)
E1-S3P-C2P-S,Column,0.06,0.9,0.13,0.9,0.29,0.9,0.44,0.9,"Box-girder,  circular column",Mangalathu (2017)
E1-S3P-C2P-S,Column,0.02,1.1,0.08,1.1,0.26,1.1,0.49,1.1,"Box-girder,  rectangular column",Mangalathu (2017)
E1-S3P-C2P-S,Column,0.01,1.36,0.02,1.36,0.11,1.36,0.24,1.36,"Box-girder,  circular column",Mangalathu (2017)
E1-S3P-C2P-S,Column,0.01,1.36,0.02,1.36,0.11,1.36,0.24,1.36,"Box-girder,  rectangular column",Mangalathu (2017)
E1-S3P-C2P-S,Unseating,0.09,0.51,0.16,0.51,0.27,0.51,0.37,0.51,"Box-girder,  circular column",Mangalathu (2017)
E1-S3P-C2P-S,Unseating,0.08,0.56,0.14,0.56,0.27,0.56,0.39,0.56,"Box-girder,  rectangular column",Mangalathu (2017)
E1-S3P-C2P-S,Unseating,0.11,0.58,0.18,0.58,0.32,0.58,0.44,0.58,"Box-girder,  circular column",Mangalathu (2017)
E1-S3P-C2P-S,Unseating,0.11,0.58,0.18,0.58,0.32,0.58,0.44,0.58,"Box-girder,  rectangular column",Mangalathu (2017)
E1-S3P-C2P-S,AbAct,0.54,0.78,1.28,0.78,,,,,"Box-girder,  circular column",Mangalathu (2017)
E1-S3P-C2P-S,AbAct,0.54,0.65,1.29,0.65,,,,,"Box-girder,  rectangular column",Mangalathu (2017)
E1-S3P-C2P-S,AbAct,0.75,0.99,1.67,0.99,,,,,"Box-girder,  circular column",Mangalathu (2017)
E1-S3P-C2P-S,AbAct,0.75,0.99,1.67,0.99,,,,,"Box-girder,  rectangular column",Mangalathu (2017)
E1-S3P-C2P-S,AbPass,1.06,0.64,3.31,0.64,,,,,"Box-girder,  circular column",Mangalathu (2017)
E1-S3P-C2P-S,AbPass,1.09,0.6,3.18,0.6,,,,,"Box-girder,  rectangular column",Mangalathu (2017)
E1-S3P-C2P-S,AbPass,1.55,1.01,4.35,1.01,,,,,"Box-girder,  circular column",Mangalathu (2017)
E1-S3P-C2P-S,AbPass,1.55,1.01,4.35,1.01,,,,,"Box-girder,  rectangular column",Mangalathu (2017)
E1-S3P-C2P-S,AbTran,0.24,0.78,0.95,0.78,,,,,"Box-girder,  circular column",Mangalathu (2017)
E1-S3P-C2P-S,AbTran,0.29,0.7,1.14,0.7,,,,,"Box-girder,  rectangular column",Mangalathu (2017)
E1-S3P-C2P-S,AbTran,0.22,0.6,0.71,0.6,,,,,"Box-girder,  circular column",Mangalathu (2017)
E1-S3P-C2P-S,AbTran,0.22,0.6,0.71,0.6,,,,,"Box-girder,  rectangular column",Mangalathu (2017)
E1-S3P-C2P-S,Bearing,0.15,0.52,0.44,0.52,,,,,"Box-girder,  circular column",Mangalathu (2017)
E1-S3P-C2P-S,Bearing,0.13,0.56,0.47,0.56,,,,,"Box-girder,  rectangular column",Mangalathu (2017)
E1-S3P-C2P-S,Bearing,0.16,0.54,0.5,0.54,,,,,"Box-girder,  circular column",Mangalathu (2017)
E1-S3P-C2P-S,Bearing,0.16,0.54,0.5,0.54,,,,,"Box-girder,  rectangular column",Mangalathu (2017)
E1-S3P-C2P-S,DeckMax,0.39,0.58,1.01,0.58,,,,,"Box-girder,  circular column",Mangalathu (2017)
E1-S3P-C2P-S,DeckMax,0.45,0.54,1.33,0.54,,,,,"Box-girder,  rectangular column",Mangalathu (2017)
E1-S3P-C2P-S,DeckMax,0.45,0.45,1.23,0.45,,,,,"Box-girder,  circular column",Mangalathu (2017)
E1-S3P-C2P-S,DeckMax,0.45,0.45,1.23,0.45,,,,,"Box-girder,  rectangular column",Mangalathu (2017)
E1-S3P-C2P-S,FndRot,N/A,N/A,N/A,N/A,,,,,"Box-girder,  circular column",Mangalathu (2017)
E1-S3P-C2P-S,FndRot,N/A,N/A,N/A,N/A,,,,,"Box-girder,  rectangular column",Mangalathu (2017)
E1-S3P-C2P-S,FndRot,N/A,N/A,N/A,N/A,,,,,"Box-girder,  circular column",Mangalathu (2017)
E1-S3P-C2P-S,FndRot,N/A,N/A,N/A,N/A,,,,,"Box-girder,  rectangular column",Mangalathu (2017)
E1-S3P-C2P-S,FndTran,2.93,0.87,18.56,0.87,,,,,"Box-girder,  circular column",Mangalathu (2017)
E1-S3P-C2P-S,FndTran,5.04,1.29,86.51,1.29,,,,,"Box-girder,  rectangular column",Mangalathu (2017)
E1-S3P-C2P-S,FndTran,3.54,1.3,28.44,1.3,,,,,"Box-girder,  circular column",Mangalathu (2017)
E1-S3P-C2P-S,FndTran,3.54,1.3,28.44,1.3,,,,,"Box-girder,  rectangular column",Mangalathu (2017)
E1-S3P-C2P-S,Key,3.12,0.99,12.03,0.99,,,,,"Box-girder,  circular column",Mangalathu (2017)
E1-S3P-C2P-S,Key,24.57,1.96,N/A,N/A,,,,,"Box-girder,  rectangular column",Mangalathu (2017)
E1-S3P-C2P-S,Key,15.07,1.94,N/A,N/A,,,,,"Box-girder,  circular column",Mangalathu (2017)
E1-S3P-C2P-S,Key,15.07,1.94,N/A,N/A,,,,,"Box-girder,  rectangular column",Mangalathu (2017)
E1-S3P-C2P-S,Seal,0.27,0.51,4.34,0.51,,,,,"Box-girder,  circular column",Mangalathu (2017)
E1-S3P-C2P-S,Seal,0.27,0.56,7.18,0.56,,,,,"Box-girder,  rectangular column",Mangalathu (2017)
E1-S3P-C2P-S,Seal,0.32,0.58,5.58,0.58,,,,,"Box-girder,  circular column",Mangalathu (2017)
E1-S3P-C2P-S,Seal,0.32,0.58,5.58,0.58,,,,,"Box-girder,  rectangular column",Mangalathu (2017)
E1-S3P-C2P-S,Approach,1.16,0.86,1.51,0.97,,,,,Regular-height abutment on spread footing with approach slab damage through step offset.,Shao et al. (2022)
E1-S3P-C2P-S,Approach,0.71,0.86,1,0.96,,,,,Cantilever abutment on spread footing with approach slab damage through step offset.,Shao et al. (2022)
E1-S3P-C2P-S,Approach,0.53,0.8,0.74,0.93,,,,,Abutment on piles with approach slab damage through step offset.,Shao et al. (2022)
E1-S3P-C2P-S,Approach,1.33,0.89,1.94,1.1,,,,,Regular-height abutment on spread footing with approach slab (length 10 ft) damage through slope offset,Shao et al. (2022)
E1-S3P-C2P-S,Approach,0.86,0.91,1.25,1.05,,,,,Cantilever abutment on spread footing with approach slab (length 10 ft) damage through slope offset,Shao et al. (2022)
E1-S3P-C2P-S,Approach,0.62,0.9,0.92,1.99,,,,,Abutment on piles with approach slab (length 10 ft) damage through slope offset,Shao et al. (2022)
E1-S3P-C2P-S,System,0.05,0.62,0.11,0.62,0.22,0.6,0.31,0.59,"Box-girder,  circular column",Mangalathu (2017)
E1-S3P-C2P-S,System,0.02,0.77,0.07,0.73,0.2,0.67,0.31,0.65,"Box-girder,  rectangular column",Mangalathu (2017)
E1-S3P-C2P-S,System,0.01,1.15,0.02,0.99,0.11,0.82,0.22,0.81,"Box-girder,  circular column",Mangalathu (2017)
E1-S3P-C2P-S,System,0.01,1.15,0.02,0.99,0.11,0.82,0.22,0.81,"Box-girder,  rectangular column",Mangalathu (2017)
E1-S3P-C2P-S,System,0.09,0.52,0.2,0.53,0.39,0.52,0.58,0.53,"Box-girder,  circular column","Mangalathu, Soleimani, et al. (2017)"
E1-S3P-C2P-S,System,0.09,0.51,0.19,0.52,0.39,0.51,0.56,0.52,"Box-girder,  circular column","Mangalathu, Soleimani, et al. (2017)"
E2-S3P-C1-S,Column,0.11,0.82,0.59,0.82,0.97,0.82,1.36,0.82,"Box-girder,  circular column",Mangalathu (2017)
E2-S3P-C1-S,Column,0.15,1.05,1.05,1.05,1.85,1.05,2.7,1.05,"Box-girder,  oblong column ",Mangalathu (2017)
E2-S3P-C1-S,Unseating,0.22,0.64,1.12,0.64,2.67,0.64,4.16,0.64,"Box-girder,  circular column",Mangalathu (2017)
E2-S3P-C1-S,Unseating,0.21,0.56,1,0.56,2.29,0.56,3.5,0.56,"Box-girder,  oblong column ",Mangalathu (2017)
E2-S3P-C1-S,AbAct,0.99,0.63,2.11,0.63,,,,,"Box-girder,  circular column",Mangalathu (2017)
E2-S3P-C1-S,AbAct,0.81,0.54,1.64,0.54,,,,,"Box-girder,  oblong column ",Mangalathu (2017)
E2-S3P-C1-S,AbPass,1.75,0.61,4.55,0.61,,,,,"Box-girder,  circular column",Mangalathu (2017)
E2-S3P-C1-S,AbPass,1.43,0.53,3.47,0.53,,,,,"Box-girder,  oblong column ",Mangalathu (2017)
E2-S3P-C1-S,AbTran,0.39,0.48,1.05,0.48,,,,,"Box-girder,  circular column",Mangalathu (2017)
E2-S3P-C1-S,AbTran,0.5,0.6,1.43,0.6,,,,,"Box-girder,  oblong column ",Mangalathu (2017)
E2-S3P-C1-S,Bearing,0.17,0.61,0.96,0.61,,,,,"Box-girder,  circular column",Mangalathu (2017)
E2-S3P-C1-S,Bearing,0.17,0.59,1.01,0.59,,,,,"Box-girder,  oblong column ",Mangalathu (2017)
E2-S3P-C1-S,DeckMax,0.65,0.57,2.11,0.57,,,,,"Box-girder,  circular column",Mangalathu (2017)
E2-S3P-C1-S,DeckMax,0.65,0.55,2.22,0.55,,,,,"Box-girder,  oblong column ",Mangalathu (2017)
E2-S3P-C1-S,FndRot,N/A,N/A,N/A,N/A,,,,,"Box-girder,  circular column",Mangalathu (2017)
E2-S3P-C1-S,FndRot,N/A,N/A,N/A,N/A,,,,,"Box-girder,  oblong column ",Mangalathu (2017)
E2-S3P-C1-S,FndTran,1.46,1.02,12.66,1.02,,,,,"Box-girder,  circular column",Mangalathu (2017)
E2-S3P-C1-S,FndTran,0.87,0.9,5.98,0.9,,,,,"Box-girder,  oblong column ",Mangalathu (2017)
E2-S3P-C1-S,Key,N/A,N/A,N/A,N/A,,,,,"Box-girder,  circular column",Mangalathu (2017)
E2-S3P-C1-S,Key,N/A,N/A,N/A,N/A,,,,,"Box-girder,  oblong column ",Mangalathu (2017)
E2-S3P-C1-S,Seal,0.46,0.64,23.96,0.64,,,,,"Box-girder,  circular column",Mangalathu (2017)
E2-S3P-C1-S,Seal,0.43,0.56,18.68,0.56,,,,,"Box-girder,  oblong column ",Mangalathu (2017)
E2-S3P-C1-S,Approach,1.16,0.86,1.51,0.97,,,,,Regular-height abutment on spread footing with approach slab damage through step offset.,Shao et al. (2022)
E2-S3P-C1-S,Approach,0.71,0.86,1,0.96,,,,,Cantilever abutment on spread footing with approach slab damage through step offset.,Shao et al. (2022)
E2-S3P-C1-S,Approach,0.53,0.8,0.74,0.93,,,,,Abutment on piles with approach slab damage through step offset.,Shao et al. (2022)
E2-S3P-C1-S,Approach,3.08,1.27,N/A,N/A,,,,,Regular-height abutment on spread footing with approach slab (length 30 ft) damage through slope offset,Shao et al. (2022)
E2-S3P-C1-S,Approach,1.88,1.17,N/A,N/A,,,,,"Cantilever abutment on spread footing with approach slab damage through slope offset, with an approach slab length of 30 ft.",Shao et al. (2022)
E2-S3P-C1-S,Approach,1.31,1.2,4.17,1.6,,,,,Abutment on piles with approach slab (length 30 ft) damage through slope offset,Shao et al. (2022)
E2-S3P-C1-S,Approach,5.14,1.34,N/A,N/A,,,,,Regular-height abutment on spread footing with approach slab (length 45 ft) damage through slope offset,Shao et al. (2022)
E2-S3P-C1-S,Approach,4.25,1.59,N/A,N/A,,,,,"Cantilever abutment on spread footing with approach slab damage through slope offset, with an approach slab length of 45 ft.",Shao et al. (2022)
E2-S3P-C1-S,Approach,2.28,1.38,N/A,N/A,,,,,Abutment on piles with approach slab (length 45 ft) damage through slope offset,Shao et al. (2022)
E2-S3P-C1-S,System,0.1,0.66,0.52,0.65,0.96,0.8,1.34,0.81,"Box-girder,  circular column",Mangalathu (2017)
E2-S3P-C1-S,System,0.11,0.62,0.65,0.66,1.52,0.85,2.27,0.9,"Box-girder,  oblong column ",Mangalathu (2017)
E2-S3P-C1-S,System,0.1,0.66,0.52,0.65,0.96,0.8,1.34,0.81,"Box-girder,  circular column",Soleimani (2017)
E2-S3P-C1-S,System,0.13,0.54,0.62,0.53,1.15,0.58,1.54,0.59,"Box-girder,  circular column",Soleimani (2017)
E2-S3P-C1-S,System,0.11,0.62,0.65,0.66,1.52,0.85,2.27,0.9,"Box-girder,  oblong column ",Soleimani (2017)
E2-S3P-C1-S,System,0.14,0.5,0.72,0.49,1.6,0.51,2.25,0.52,"Box-girder,  oblong column ",Soleimani (2017)
E2-S3P-C2P-S,Column,0.03,1.38,0.32,1.38,0.66,1.38,1.09,1.38,"Box-girder,  circular column",Mangalathu (2017)
E2-S3P-C2P-S,Column,0.05,1.22,0.65,1.22,1.35,1.22,2.22,1.22,"Box-girder,  oblong column ",Mangalathu (2017)
E2-S3P-C2P-S,Column,0.07,0.96,0.36,0.96,0.58,0.96,0.8,0.96,"Box-girder,  circular column",Mangalathu (2017)
E2-S3P-C2P-S,Column,0.01,1.17,0.31,1.17,0.89,1.17,1.82,1.17,"Box-girder,  oblong column ",Mangalathu (2017)
E2-S3P-C2P-S,Column,0.2,0.54,0.61,0.54,0.85,0.54,1.05,0.54,"Box-girder,  oblong column ","Jeon, Mangalathu and Lee (2019)"
E2-S3P-C2P-S,Column,0.2,0.54,0.61,0.54,0.84,0.54,1.05,0.54,"Box-girder,  one-way flared column","Jeon, Mangalathu and Lee (2019)"
E2-S3P-C2P-S,Column,0.28,0.59,0.87,0.59,1.21,0.59,1.52,0.59,"Box-girder,  one-way flared column along the transverse direction","Jeon, Mangalathu and Lee (2019)"
E2-S3P-C2P-S,Column,0.28,0.63,0.85,0.63,1.18,0.63,1.47,0.63,"Box-girder,  two-way flared column","Jeon, Mangalathu and Lee (2019)"
E2-S3P-C2P-S,Unseating,0.14,0.54,0.63,0.54,1.42,0.54,2.14,0.54,"Box-girder,  circular column",Mangalathu (2017)
E2-S3P-C2P-S,Unseating,0.14,0.54,0.69,0.54,1.59,0.54,2.43,0.54,"Box-girder,  oblong column ",Mangalathu (2017)
E2-S3P-C2P-S,Unseating,0.15,0.55,0.69,0.55,1.53,0.55,2.31,0.55,"Box-girder,  circular column",Mangalathu (2017)
E2-S3P-C2P-S,Unseating,0.15,0.55,0.66,0.55,1.44,0.55,2.14,0.55,"Box-girder,  oblong column ",Mangalathu (2017)
E2-S3P-C2P-S,Unseating,,,,,7.79,0.9,15.69,0.9,"Box-girder,  oblong column ","Jeon, Mangalathu and Lee (2019)"
E2-S3P-C2P-S,Unseating,,,,,7.66,0.9,15.36,0.9,"Box-girder,  one-way flared column","Jeon, Mangalathu and Lee (2019)"
E2-S3P-C2P-S,Unseating,,,,,7.18,0.87,13.99,0.87,"Box-girder,  one-way flared column along the transverse direction","Jeon, Mangalathu and Lee (2019)"
E2-S3P-C2P-S,Unseating,,,,,7.28,0.85,13.94,0.85,"Box-girder,  two-way flared column","Jeon, Mangalathu and Lee (2019)"
E2-S3P-C2P-S,AbAct,0.58,0.56,1.2,0.56,,,,,"Box-girder,  circular column",Mangalathu (2017)
E2-S3P-C2P-S,AbAct,0.68,0.69,1.35,0.69,,,,,"Box-girder,  oblong column ",Mangalathu (2017)
E2-S3P-C2P-S,AbAct,0.62,0.6,1.28,0.6,,,,,"Box-girder,  circular column",Mangalathu (2017)
E2-S3P-C2P-S,AbAct,0.61,0.55,1.22,0.55,,,,,"Box-girder,  oblong column ",Mangalathu (2017)
E2-S3P-C2P-S,AbAct,0.89,0.82,2.79,0.82,,,,,"Box-girder,  oblong column ","Jeon, Mangalathu and Lee (2019)"
E2-S3P-C2P-S,AbAct,0.87,0.8,2.7,0.8,,,,,"Box-girder,  one-way flared column","Jeon, Mangalathu and Lee (2019)"
E2-S3P-C2P-S,AbAct,0.9,0.8,2.77,0.8,,,,,"Box-girder,  one-way flared column along the transverse direction","Jeon, Mangalathu and Lee (2019)"
E2-S3P-C2P-S,AbAct,0.92,0.81,2.82,0.81,,,,,"Box-girder,  two-way flared column","Jeon, Mangalathu and Lee (2019)"
E2-S3P-C2P-S,AbPass,1.08,0.55,2.71,0.55,,,,,"Box-girder,  circular column",Mangalathu (2017)
E2-S3P-C2P-S,AbPass,1.32,0.69,3.29,0.69,,,,,"Box-girder,  oblong column ",Mangalathu (2017)
E2-S3P-C2P-S,AbPass,1.12,0.55,2.87,0.55,,,,,"Box-girder,  circular column",Mangalathu (2017)
E2-S3P-C2P-S,AbPass,1.08,0.54,2.59,0.54,,,,,"Box-girder,  oblong column ",Mangalathu (2017)
E2-S3P-C2P-S,AbPass,1.14,0.65,3.11,0.65,,,,,"Box-girder,  oblong column ","Jeon, Mangalathu and Lee (2019)"
E2-S3P-C2P-S,AbPass,1.14,0.64,3.08,0.64,,,,,"Box-girder,  one-way flared column","Jeon, Mangalathu and Lee (2019)"
E2-S3P-C2P-S,AbPass,1.17,0.65,3.09,0.65,,,,,"Box-girder,  one-way flared column along the transverse direction","Jeon, Mangalathu and Lee (2019)"
E2-S3P-C2P-S,AbPass,1.24,0.68,3.28,0.68,,,,,"Box-girder,  two-way flared column","Jeon, Mangalathu and Lee (2019)"
E2-S3P-C2P-S,AbTran,0.29,0.48,0.83,0.48,,,,,"Box-girder,  circular column",Mangalathu (2017)
E2-S3P-C2P-S,AbTran,0.34,0.5,0.87,0.5,,,,,"Box-girder,  oblong column ",Mangalathu (2017)
E2-S3P-C2P-S,AbTran,0.3,0.5,0.82,0.5,,,,,"Box-girder,  circular column",Mangalathu (2017)
E2-S3P-C2P-S,AbTran,0.4,0.5,1.11,0.5,,,,,"Box-girder,  oblong column ",Mangalathu (2017)
E2-S3P-C2P-S,AbTran,0.22,0.57,0.64,0.57,,,,,"Box-girder,  oblong column ","Jeon, Mangalathu and Lee (2019)"
E2-S3P-C2P-S,AbTran,0.22,0.57,0.63,0.57,,,,,"Box-girder,  one-way flared column","Jeon, Mangalathu and Lee (2019)"
E2-S3P-C2P-S,AbTran,0.25,0.62,0.76,0.62,,,,,"Box-girder,  one-way flared column along the transverse direction","Jeon, Mangalathu and Lee (2019)"
E2-S3P-C2P-S,AbTran,0.26,0.62,0.77,0.62,,,,,"Box-girder,  two-way flared column","Jeon, Mangalathu and Lee (2019)"
E2-S3P-C2P-S,Bearing,0.11,0.49,0.57,0.49,,,,,"Box-girder,  circular column",Mangalathu (2017)
E2-S3P-C2P-S,Bearing,0.11,0.58,0.67,0.58,,,,,"Box-girder,  oblong column ",Mangalathu (2017)
E2-S3P-C2P-S,Bearing,0.12,0.58,0.66,0.58,,,,,"Box-girder,  circular column",Mangalathu (2017)
E2-S3P-C2P-S,Bearing,0.14,0.56,0.69,0.56,,,,,"Box-girder,  oblong column ",Mangalathu (2017)
E2-S3P-C2P-S,Bearing,0.11,0.58,0.52,0.58,,,,,"Box-girder,  oblong column ","Jeon, Mangalathu and Lee (2019)"
E2-S3P-C2P-S,Bearing,0.11,0.58,0.52,0.58,,,,,"Box-girder,  one-way flared column","Jeon, Mangalathu and Lee (2019)"
E2-S3P-C2P-S,Bearing,0.13,0.65,0.67,0.65,,,,,"Box-girder,  one-way flared column along the transverse direction","Jeon, Mangalathu and Lee (2019)"
E2-S3P-C2P-S,Bearing,0.14,0.65,0.69,0.65,,,,,"Box-girder,  two-way flared column","Jeon, Mangalathu and Lee (2019)"
E2-S3P-C2P-S,DeckMax,0.4,0.49,1.24,0.49,,,,,"Box-girder,  circular column",Mangalathu (2017)
E2-S3P-C2P-S,DeckMax,0.45,0.55,1.48,0.55,,,,,"Box-girder,  oblong column ",Mangalathu (2017)
E2-S3P-C2P-S,DeckMax,0.44,0.52,1.4,0.52,,,,,"Box-girder,  circular column",Mangalathu (2017)
E2-S3P-C2P-S,DeckMax,0.52,0.56,1.63,0.56,,,,,"Box-girder,  oblong column ",Mangalathu (2017)
E2-S3P-C2P-S,FndRot,N/A,N/A,N/A,N/A,,,,,"Box-girder,  circular column",Mangalathu (2017)
E2-S3P-C2P-S,FndRot,N/A,N/A,N/A,N/A,,,,,"Box-girder,  oblong column ",Mangalathu (2017)
E2-S3P-C2P-S,FndRot,N/A,N/A,N/A,N/A,,,,,"Box-girder,  circular column",Mangalathu (2017)
E2-S3P-C2P-S,FndRot,N/A,N/A,N/A,N/A,,,,,"Box-girder,  oblong column ",Mangalathu (2017)
E2-S3P-C2P-S,FndTran,1.55,0.92,11.68,0.92,,,,,"Box-girder,  circular column",Mangalathu (2017)
E2-S3P-C2P-S,FndTran,0.65,0.77,3.91,0.77,,,,,"Box-girder,  oblong column ",Mangalathu (2017)
E2-S3P-C2P-S,FndTran,1.11,0.81,7.42,0.81,,,,,"Box-girder,  circular column",Mangalathu (2017)
E2-S3P-C2P-S,FndTran,0.89,0.95,8.41,0.95,,,,,"Box-girder,  oblong column ",Mangalathu (2017)
E2-S3P-C2P-S,Key,N/A,N/A,N/A,N/A,,,,,"Box-girder,  circular column",Mangalathu (2017)
E2-S3P-C2P-S,Key,N/A,N/A,N/A,N/A,,,,,"Box-girder,  oblong column ",Mangalathu (2017)
E2-S3P-C2P-S,Key,N/A,N/A,N/A,N/A,,,,,"Box-girder,  circular column",Mangalathu (2017)
E2-S3P-C2P-S,Key,N/A,N/A,N/A,N/A,,,,,"Box-girder,  oblong column ",Mangalathu (2017)
E2-S3P-C2P-S,Seal,0.28,0.54,11,0.54,,,,,"Box-girder,  circular column",Mangalathu (2017)
E2-S3P-C2P-S,Seal,0.29,0.54,13.16,0.54,,,,,"Box-girder,  oblong column ",Mangalathu (2017)
E2-S3P-C2P-S,Seal,0.3,0.55,11.72,0.55,,,,,"Box-girder,  circular column",Mangalathu (2017)
E2-S3P-C2P-S,Seal,0.3,0.55,10.25,0.55,,,,,"Box-girder,  oblong column ",Mangalathu (2017)
E2-S3P-C2P-S,Approach,1.16,0.86,1.51,0.97,,,,,Regular-height abutment on spread footing with approach slab damage through step offset.,Shao et al. (2022)
E2-S3P-C2P-S,Approach,0.71,0.86,1,0.96,,,,,Cantilever abutment on spread footing with approach slab damage through step offset.,Shao et al. (2022)
E2-S3P-C2P-S,Approach,0.53,0.8,0.74,0.93,,,,,Abutment on piles with approach slab damage through step offset.,Shao et al. (2022)
E2-S3P-C2P-S,Approach,3.08,1.27,N/A,N/A,,,,,Regular-height abutment on spread footing with approach slab (length 30 ft) damage through slope offset,Shao et al. (2022)
E2-S3P-C2P-S,Approach,1.88,1.17,N/A,N/A,,,,,"Cantilever abutment on spread footing with approach slab damage through slope offset, with an approach slab length of 30 ft.",Shao et al. (2022)
E2-S3P-C2P-S,Approach,1.31,1.2,4.17,1.6,,,,,Abutment on piles with approach slab (length 30 ft) damage through slope offset,Shao et al. (2022)
E2-S3P-C2P-S,Approach,5.14,1.34,N/A,N/A,,,,,Regular-height abutment on spread footing with approach slab (length 45 ft) damage through slope offset,Shao et al. (2022)
E2-S3P-C2P-S,Approach,4.25,1.59,N/A,N/A,,,,,"Cantilever abutment on spread footing with approach slab damage through slope offset, with an approach slab length of 45 ft.",Shao et al. (2022)
E2-S3P-C2P-S,Approach,2.28,1.38,N/A,N/A,,,,,Abutment on piles with approach slab (length 45 ft) damage through slope offset,Shao et al. (2022)
E2-S3P-C2P-S,System,0.03,0.75,0.28,0.66,0.63,1.11,1.02,1.2,"Box-girder,  circular column",Mangalathu (2017)
E2-S3P-C2P-S,System,0.05,0.67,0.39,0.63,1.02,0.88,1.64,0.88,"Box-girder,  oblong column ",Mangalathu (2017)
E2-S3P-C2P-S,System,0.07,0.66,0.32,0.66,0.57,0.88,0.79,0.92,"Box-girder,  circular column",Mangalathu (2017)
E2-S3P-C2P-S,System,0.01,1.06,0.28,0.72,0.78,0.94,1.43,0.9,"Box-girder,  oblong column ",Mangalathu (2017)
E2-S3P-C2P-S,System,0.11,0.54,0.43,0.54,0.85,0.54,1.05,0.54,"Box-girder,  oblong column ","Jeon, Mangalathu and Lee (2019)"
E2-S3P-C2P-S,System,0.11,0.53,0.43,0.53,0.84,0.53,1.05,0.53,"Box-girder,  one-way flared column","Jeon, Mangalathu and Lee (2019)"
E2-S3P-C2P-S,System,0.13,0.61,0.55,0.61,1.21,0.61,1.52,0.61,"Box-girder,  one-way flared column along the transverse direction","Jeon, Mangalathu and Lee (2019)"
E2-S3P-C2P-S,System,0.13,0.62,0.56,0.62,1.18,0.62,1.47,0.62,"Box-girder,  two-way flared column","Jeon, Mangalathu and Lee (2019)"
E3-S3P-C1-S,Column,0.11,0.82,0.59,0.82,1.36,0.82,2.16,0.82,"Box-girder,  circular column",Mangalathu (2017)
E3-S3P-C1-S,Column,0.15,1.05,1.05,1.05,2.7,1.05,4.55,1.05,"Box-girder,  oblong column ",Mangalathu (2017)
E3-S3P-C1-S,Unseating,0.22,0.64,1.12,0.64,2.67,0.64,4.16,0.64,"Box-girder,  circular column",Mangalathu (2017)
E3-S3P-C1-S,Unseating,0.21,0.56,1,0.56,2.29,0.56,3.5,0.56,"Box-girder,  oblong column ",Mangalathu (2017)
E3-S3P-C1-S,AbAct,0.99,0.63,2.11,0.63,,,,,"Box-girder,  circular column",Mangalathu (2017)
E3-S3P-C1-S,AbAct,0.81,0.54,1.64,0.54,,,,,"Box-girder,  oblong column ",Mangalathu (2017)
E3-S3P-C1-S,AbPass,1.75,0.61,4.55,0.61,,,,,"Box-girder,  circular column",Mangalathu (2017)
E3-S3P-C1-S,AbPass,1.43,0.53,3.47,0.53,,,,,"Box-girder,  oblong column ",Mangalathu (2017)
E3-S3P-C1-S,AbTran,0.39,0.48,1.05,0.48,,,,,"Box-girder,  circular column",Mangalathu (2017)
E3-S3P-C1-S,AbTran,0.5,0.6,1.43,0.6,,,,,"Box-girder,  oblong column ",Mangalathu (2017)
E3-S3P-C1-S,Bearing,0.17,0.61,0.96,0.61,,,,,"Box-girder,  circular column",Mangalathu (2017)
E3-S3P-C1-S,Bearing,0.17,0.59,1.01,0.59,,,,,"Box-girder,  oblong column ",Mangalathu (2017)
E3-S3P-C1-S,DeckMax,0.65,0.57,2.11,0.57,,,,,"Box-girder,  circular column",Mangalathu (2017)
E3-S3P-C1-S,DeckMax,0.65,0.55,2.22,0.55,,,,,"Box-girder,  oblong column ",Mangalathu (2017)
E3-S3P-C1-S,FndRot,N/A,N/A,N/A,N/A,,,,,"Box-girder,  circular column",Mangalathu (2017)
E3-S3P-C1-S,FndRot,N/A,N/A,N/A,N/A,,,,,"Box-girder,  oblong column ",Mangalathu (2017)
E3-S3P-C1-S,FndTran,1.46,1.02,12.66,1.02,,,,,"Box-girder,  circular column",Mangalathu (2017)
E3-S3P-C1-S,FndTran,0.87,0.9,5.98,0.9,,,,,"Box-girder,  oblong column ",Mangalathu (2017)
E3-S3P-C1-S,Key,N/A,N/A,N/A,N/A,,,,,"Box-girder,  circular column",Mangalathu (2017)
E3-S3P-C1-S,Key,N/A,N/A,N/A,N/A,,,,,"Box-girder,  oblong column ",Mangalathu (2017)
E3-S3P-C1-S,Seal,0.46,0.64,23.96,0.64,,,,,"Box-girder,  circular column",Mangalathu (2017)
E3-S3P-C1-S,Seal,0.43,0.56,18.68,0.56,,,,,"Box-girder,  oblong column ",Mangalathu (2017)
E3-S3P-C1-S,Approach,1.16,0.86,1.51,0.97,,,,,Regular-height abutment on spread footing with approach slab damage through step offset.,Shao et al. (2022)
E3-S3P-C1-S,Approach,0.71,0.86,1,0.96,,,,,Cantilever abutment on spread footing with approach slab damage through step offset.,Shao et al. (2022)
E3-S3P-C1-S,Approach,0.53,0.8,0.74,0.93,,,,,Abutment on piles with approach slab damage through step offset.,Shao et al. (2022)
E3-S3P-C1-S,Approach,3.08,1.27,N/A,N/A,,,,,Regular-height abutment on spread footing with approach slab (length 30 ft) damage through slope offset,Shao et al. (2022)
E3-S3P-C1-S,Approach,1.88,1.17,N/A,N/A,,,,,"Cantilever abutment on spread footing with approach slab damage through slope offset, with an approach slab length of 30 ft.",Shao et al. (2022)
E3-S3P-C1-S,Approach,1.31,1.2,4.17,1.6,,,,,Abutment on piles with approach slab (length 30 ft) damage through slope offset,Shao et al. (2022)
E3-S3P-C1-S,Approach,5.14,1.34,N/A,N/A,,,,,Regular-height abutment on spread footing with approach slab (length 45 ft) damage through slope offset,Shao et al. (2022)
E3-S3P-C1-S,Approach,4.25,1.59,N/A,N/A,,,,,"Cantilever abutment on spread footing with approach slab damage through slope offset, with an approach slab length of 45 ft.",Shao et al. (2022)
E3-S3P-C1-S,Approach,2.28,1.38,N/A,N/A,,,,,Abutment on piles with approach slab (length 45 ft) damage through slope offset,Shao et al. (2022)
E3-S3P-C1-S,System,0.1,0.65,0.52,0.65,1.3,0.77,2.05,0.77,"Box-girder,  circular column",Mangalathu (2017)
E3-S3P-C1-S,System,0.11,0.63,0.65,0.66,1.82,0.76,2.87,0.79,"Box-girder,  oblong column ",Mangalathu (2017)
E3-S3P-C1-S,System,0.1,0.65,0.52,0.65,1.3,0.77,2.05,0.77,"Box-girder,  circular column",Soleimani (2017)
E3-S3P-C1-S,System,0.13,0.54,0.63,0.52,1.49,0.56,2.24,0.59,"Box-girder,  circular column",Soleimani (2017)
E3-S3P-C1-S,System,0.11,0.63,0.65,0.66,1.82,0.76,2.87,0.79,"Box-girder,  oblong column ",Soleimani (2017)
E3-S3P-C1-S,System,0.14,0.5,0.73,0.5,1.86,0.51,2.86,0.53,"Box-girder,  oblong column ",Soleimani (2017)
E3-S3P-C2P-S,Column,0.03,1.38,0.32,1.38,1.09,1.38,2.15,1.38,"Box-girder,  circular column",Mangalathu (2017)
E3-S3P-C2P-S,Column,0.05,1.22,0.65,1.22,2.22,1.22,4.35,1.22,"Box-girder,  oblong column ",Mangalathu (2017)
E3-S3P-C2P-S,Column,0.07,0.96,0.36,0.96,0.8,0.96,1.24,0.96,"Box-girder,  circular column",Mangalathu (2017)
E3-S3P-C2P-S,Column,0.01,1.17,0.31,1.17,1.82,1.17,4.85,1.17,"Box-girder,  oblong column ",Mangalathu (2017)
E3-S3P-C2P-S,Unseating,0.14,0.54,0.63,0.54,1.42,0.54,2.14,0.54,"Box-girder,  circular column",Mangalathu (2017)
E3-S3P-C2P-S,Unseating,0.14,0.54,0.69,0.54,1.59,0.54,2.43,0.54,"Box-girder,  oblong column ",Mangalathu (2017)
E3-S3P-C2P-S,Unseating,0.15,0.55,0.69,0.55,1.53,0.55,2.31,0.55,"Box-girder,  circular column",Mangalathu (2017)
E3-S3P-C2P-S,Unseating,0.15,0.55,0.66,0.55,1.44,0.55,2.14,0.55,"Box-girder,  oblong column ",Mangalathu (2017)
E3-S3P-C2P-S,AbAct,0.58,0.56,1.2,0.56,,,,,"Box-girder,  circular column",Mangalathu (2017)
E3-S3P-C2P-S,AbAct,0.68,0.69,1.35,0.69,,,,,"Box-girder,  oblong column ",Mangalathu (2017)
E3-S3P-C2P-S,AbAct,0.62,0.6,1.28,0.6,,,,,"Box-girder,  circular column",Mangalathu (2017)
E3-S3P-C2P-S,AbAct,0.61,0.55,1.22,0.55,,,,,"Box-girder,  oblong column ",Mangalathu (2017)
E3-S3P-C2P-S,AbPass,1.08,0.55,2.71,0.55,,,,,"Box-girder,  circular column",Mangalathu (2017)
E3-S3P-C2P-S,AbPass,1.32,0.69,3.29,0.69,,,,,"Box-girder,  oblong column ",Mangalathu (2017)
E3-S3P-C2P-S,AbPass,1.12,0.55,2.87,0.55,,,,,"Box-girder,  circular column",Mangalathu (2017)
E3-S3P-C2P-S,AbPass,1.08,0.54,2.59,0.54,,,,,"Box-girder,  oblong column ",Mangalathu (2017)
E3-S3P-C2P-S,AbTran,0.29,0.48,0.83,0.48,,,,,"Box-girder,  circular column",Mangalathu (2017)
E3-S3P-C2P-S,AbTran,0.34,0.5,0.87,0.5,,,,,"Box-girder,  oblong column ",Mangalathu (2017)
E3-S3P-C2P-S,AbTran,0.3,0.5,0.82,0.5,,,,,"Box-girder,  circular column",Mangalathu (2017)
E3-S3P-C2P-S,AbTran,0.4,0.5,1.11,0.5,,,,,"Box-girder,  oblong column ",Mangalathu (2017)
E3-S3P-C2P-S,Bearing,0.11,0.49,0.57,0.49,,,,,"Box-girder,  circular column",Mangalathu (2017)
E3-S3P-C2P-S,Bearing,0.11,0.58,0.67,0.58,,,,,"Box-girder,  oblong column ",Mangalathu (2017)
E3-S3P-C2P-S,Bearing,0.12,0.58,0.66,0.58,,,,,"Box-girder,  circular column",Mangalathu (2017)
E3-S3P-C2P-S,Bearing,0.14,0.56,0.69,0.56,,,,,"Box-girder,  oblong column ",Mangalathu (2017)
E3-S3P-C2P-S,DeckMax,0.4,0.49,1.24,0.49,,,,,"Box-girder,  circular column",Mangalathu (2017)
E3-S3P-C2P-S,DeckMax,0.45,0.55,1.48,0.55,,,,,"Box-girder,  oblong column ",Mangalathu (2017)
E3-S3P-C2P-S,DeckMax,0.44,0.52,1.4,0.52,,,,,"Box-girder,  circular column",Mangalathu (2017)
E3-S3P-C2P-S,DeckMax,0.52,0.56,1.63,0.56,,,,,"Box-girder,  oblong column ",Mangalathu (2017)
E3-S3P-C2P-S,FndRot,N/A,N/A,N/A,N/A,,,,,"Box-girder,  circular column",Mangalathu (2017)
E3-S3P-C2P-S,FndRot,N/A,N/A,N/A,N/A,,,,,"Box-girder,  oblong column ",Mangalathu (2017)
E3-S3P-C2P-S,FndRot,N/A,N/A,N/A,N/A,,,,,"Box-girder,  circular column",Mangalathu (2017)
E3-S3P-C2P-S,FndRot,N/A,N/A,N/A,N/A,,,,,"Box-girder,  oblong column ",Mangalathu (2017)
E3-S3P-C2P-S,FndTran,1.55,0.92,11.68,0.92,,,,,"Box-girder,  circular column",Mangalathu (2017)
E3-S3P-C2P-S,FndTran,0.65,0.77,3.91,0.77,,,,,"Box-girder,  oblong column ",Mangalathu (2017)
E3-S3P-C2P-S,FndTran,1.11,0.81,7.42,0.81,,,,,"Box-girder,  circular column",Mangalathu (2017)
E3-S3P-C2P-S,FndTran,0.89,0.95,8.41,0.95,,,,,"Box-girder,  oblong column ",Mangalathu (2017)
E3-S3P-C2P-S,Key,N/A,N/A,N/A,N/A,,,,,"Box-girder,  circular column",Mangalathu (2017)
E3-S3P-C2P-S,Key,N/A,N/A,N/A,N/A,,,,,"Box-girder,  oblong column ",Mangalathu (2017)
E3-S3P-C2P-S,Key,N/A,N/A,N/A,N/A,,,,,"Box-girder,  circular column",Mangalathu (2017)
E3-S3P-C2P-S,Key,N/A,N/A,N/A,N/A,,,,,"Box-girder,  oblong column ",Mangalathu (2017)
E3-S3P-C2P-S,Seal,0.28,0.54,11,0.54,,,,,"Box-girder,  circular column",Mangalathu (2017)
E3-S3P-C2P-S,Seal,0.29,0.54,13.16,0.54,,,,,"Box-girder,  oblong column ",Mangalathu (2017)
E3-S3P-C2P-S,Seal,0.3,0.55,11.72,0.55,,,,,"Box-girder,  circular column",Mangalathu (2017)
E3-S3P-C2P-S,Seal,0.3,0.55,10.25,0.55,,,,,"Box-girder,  oblong column ",Mangalathu (2017)
E3-S3P-C2P-S,Approach,1.16,0.86,1.51,0.97,,,,,Regular-height abutment on spread footing with approach slab damage through step offset.,Shao et al. (2022)
E3-S3P-C2P-S,Approach,0.71,0.86,1,0.96,,,,,Cantilever abutment on spread footing with approach slab damage through step offset.,Shao et al. (2022)
E3-S3P-C2P-S,Approach,0.53,0.8,0.74,0.93,,,,,Abutment on piles with approach slab damage through step offset.,Shao et al. (2022)
E3-S3P-C2P-S,Approach,3.08,1.27,N/A,N/A,,,,,Regular-height abutment on spread footing with approach slab (length 30 ft) damage through slope offset,Shao et al. (2022)
E3-S3P-C2P-S,Approach,1.88,1.17,N/A,N/A,,,,,"Cantilever abutment on spread footing with approach slab damage through slope offset, with an approach slab length of 30 ft.",Shao et al. (2022)
E3-S3P-C2P-S,Approach,1.31,1.2,4.17,1.6,,,,,Abutment on piles with approach slab (length 30 ft) damage through slope offset,Shao et al. (2022)
E3-S3P-C2P-S,Approach,5.14,1.34,N/A,N/A,,,,,Regular-height abutment on spread footing with approach slab (length 45 ft) damage through slope offset,Shao et al. (2022)
E3-S3P-C2P-S,Approach,4.25,1.59,N/A,N/A,,,,,"Cantilever abutment on spread footing with approach slab damage through slope offset, with an approach slab length of 45 ft.",Shao et al. (2022)
E3-S3P-C2P-S,Approach,2.28,1.38,N/A,N/A,,,,,Abutment on piles with approach slab (length 45 ft) damage through slope offset,Shao et al. (2022)
E3-S3P-C2P-S,System,0.03,0.72,0.28,0.66,0.88,1.02,1.56,0.98,"Box-girder,  circular column",Mangalathu (2017)
E3-S3P-C2P-S,System,0.05,0.67,0.4,0.63,1.26,0.76,2.06,0.69,"Box-girder,  oblong column ",Mangalathu (2017)
E3-S3P-C2P-S,System,0.07,0.66,0.32,0.66,0.76,0.85,1.18,0.87,"Box-girder,  circular column",Mangalathu (2017)
E3-S3P-C2P-S,System,0.01,1.01,0.28,0.72,1.13,0.78,1.93,0.69,"Box-girder,  oblong column ",Mangalathu (2017)
